Date,Close,High,Low,Open,Volume,MA_20,MA_60,MA_120,MA_200
2015-03-02,1996.81005859375,1999.1300048828125,1988.3299560546875,1996.719970703125,373400,,,,
2015-03-03,2001.3800048828125,2003.050048828125,1995.9300537109375,2002.5,444900,,,,
2015-03-04,1998.2900390625,2003.8499755859375,1996.5,2001.760009765625,374500,,,,
2015-03-05,1998.3800048828125,2002.47998046875,1993.9200439453125,1996.81005859375,373700,,,,
2015-03-06,2012.93994140625,2013.72998046875,2003.1800537109375,2003.969970703125,393300,,,,
2015-03-09,1992.8199462890625,2005.81005859375,1990.8699951171875,2004.93994140625,296700,,,,
2015-03-10,1984.77001953125,2003.18994140625,1982.219970703125,2000.6600341796875,433400,,,,
2015-03-11,1980.8299560546875,1984.5999755859375,1969.1300048828125,1971.0400390625,399500,,,,
2015-03-12,1970.5899658203125,1988.77001953125,1970.5899658203125,1979.219970703125,384000,,,,
2015-03-13,1985.7900390625,1991.8699951171875,1982.9599609375,1987.1700439453125,326700,,,,
2015-03-16,1987.3299560546875,1991.7900390625,1982.260009765625,1985.5899658203125,319200,,,,
2015-03-17,2029.9100341796875,2029.9100341796875,1997.27001953125,1998.260009765625,356600,,,,
2015-03-18,2028.449951171875,2036.1300048828125,2026.719970703125,2032.18994140625,362000,,,,
2015-03-19,2037.8900146484375,2047.1300048828125,2031.0699462890625,2047.1300048828125,468300,,,,
2015-03-20,2037.239990234375,2040.0,2027.81005859375,2037.1300048828125,351700,,,,
2015-03-23,2036.5899658203125,2043.9200439453125,2032.3499755859375,2043.219970703125,314900,,,,
2015-03-24,2041.3699951171875,2041.77001953125,2028.5400390625,2035.0799560546875,328800,,,,
2015-03-25,2042.81005859375,2046.969970703125,2038.1400146484375,2043.1600341796875,423400,,,,
2015-03-26,2022.56005859375,2036.699951171875,2019.510009765625,2027.199951171875,342300,,,,
2015-03-27,2019.800048828125,2027.25,2016.8800048828125,2026.75,449000,2010.3275024414063,,,
2015-03-30,2030.0400390625,2033.27001953125,2018.1199951171875,2026.5999755859375,439600,2011.9890014648438,,,
2015-03-31,2041.030029296875,2046.9000244140625,2032.239990234375,2042.31005859375,555900,2013.971502685547,,,
2015-04-01,2028.449951171875,2039.0400390625,2024.6400146484375,2035.4000244140625,542800,2015.4794982910157,,,
2015-04-02,2029.0699462890625,2040.449951171875,2028.219970703125,2036.9000244140625,655900,2017.0139953613282,,,
2015-04-03,2045.4200439453125,2045.93994140625,2031.27001953125,2035.8299560546875,498600,2018.6380004882812,,,
2015-04-06,2046.4300537109375,2055.449951171875,2043.260009765625,2049.8701171875,460500,2021.318505859375,,,
2015-04-07,2047.030029296875,2059.090087890625,2043.7900390625,2059.050048828125,436200,2024.4315063476563,,,
2015-04-08,2059.260009765625,2060.18994140625,2046.0899658203125,2048.75,552700,2028.353009033203,,,
2015-04-09,2058.8701171875,2064.4599609375,2054.169921875,2060.300048828125,529900,2032.7670166015625,,,
2015-04-10,2087.760009765625,2089.090087890625,2065.389892578125,2066.320068359375,658400,2037.8655151367188,,,
2015-04-13,2098.919921875,2099.969970703125,2088.820068359375,2094.10009765625,561800,2043.4450134277345,,,
2015-04-14,2111.719970703125,2111.72998046875,2095.969970703125,2101.760009765625,648800,2047.5355102539063,,,
2015-04-15,2119.9599609375,2122.719970703125,2110.25,2114.56005859375,451400,2052.1110107421873,,,
2015-04-16,2139.89990234375,2139.89990234375,2125.5400390625,2134.139892578125,476400,2057.211505126953,,,
2015-04-17,2143.5,2144.760009765625,2134.10009765625,2142.719970703125,464600,2062.5245056152344,,,
2015-04-20,2146.7099609375,2146.72998046875,2126.550048828125,2126.550048828125,509000,2068.0305053710936,,,
2015-04-21,2144.7900390625,2153.840087890625,2140.1201171875,2153.419921875,561800,2073.2015075683594,,,
2015-04-22,2143.889892578125,2161.22998046875,2125.8798828125,2146.590087890625,769400,2078.255499267578,,,
2015-04-23,2173.409912109375,2174.719970703125,2139.330078125,2156.93994140625,521600,2085.797991943359,,,
2015-04-24,2159.800048828125,2189.5400390625,2154.27001953125,2181.239990234375,508400,2092.797991943359,,,
2015-04-27,2157.5400390625,2169.139892578125,2152.090087890625,2169.139892578125,392300,2099.172991943359,,,
2015-04-28,2147.669921875,2164.52001953125,2144.85009765625,2162.5,415100,2104.504986572266,,,
2015-04-29,2142.6298828125,2156.239990234375,2126.360107421875,2155.010009765625,458100,2110.213983154297,,,
2015-04-30,2127.169921875,2136.89990234375,2121.2900390625,2134.93994140625,509100,2115.1189819335937,,,
2015-05-04,2132.22998046875,2139.300048828125,2128.719970703125,2134.510009765625,355600,2119.4594787597657,,,
2015-05-06,2104.580078125,2123.219970703125,2095.60009765625,2122.030029296875,428100,2122.366979980469,,,
2015-05-07,2091.0,2099.43994140625,2067.989990234375,2098.47998046875,423200,2124.565478515625,,,
2015-05-08,2085.52001953125,2094.06005859375,2082.719970703125,2090.18994140625,309500,2125.8784790039062,,,
2015-05-11,2097.3798828125,2110.7900390625,2097.3798828125,2106.1201171875,329700,2127.8039672851564,,,
2015-05-12,2096.77001953125,2101.719970703125,2088.639892578125,2100.6298828125,391900,2128.2544677734377,,,
2015-05-13,2114.159912109375,2115.360107421875,2100.080078125,2100.10009765625,377000,2129.016467285156,,,
2015-05-14,2120.330078125,2121.679931640625,2111.719970703125,2115.590087890625,430800,2129.44697265625,,,
2015-05-15,2106.5,2134.360107421875,2104.77001953125,2132.530029296875,491700,2128.773974609375,,,
2015-05-18,2113.719970703125,2113.719970703125,2099.47998046875,2108.14990234375,445200,2127.464978027344,,,
2015-05-19,2120.85009765625,2126.889892578125,2107.6201171875,2114.2900390625,418500,2126.332482910156,,,
2015-05-20,2139.5400390625,2140.239990234375,2125.489990234375,2128.010009765625,452100,2125.973986816406,,,
2015-05-21,2122.81005859375,2140.60009765625,2121.489990234375,2139.679931640625,398100,2124.8749877929686,,,
2015-05-22,2146.10009765625,2146.10009765625,2126.8798828125,2131.110107421875,444600,2124.985498046875,,,
2015-05-26,2143.5,2148.699951171875,2130.300048828125,2146.469970703125,381400,2123.4900024414064,,,
2015-05-27,2107.5,2134.949951171875,2103.639892578125,2133.489990234375,439000,2120.875,2074.6668314615886,,
2015-05-28,2110.889892578125,2123.52001953125,2110.889892578125,2117.77001953125,416100,2118.5424926757814,2076.5681620279947,,
2015-05-29,2114.800048828125,2123.389892578125,2106.699951171875,2109.3798828125,456100,2116.8989990234377,2078.45849609375,,
2015-06-01,2102.3701171875,2110.8798828125,2086.0,2110.1201171875,426900,2114.8860107421874,2080.1931640625,,
2015-06-02,2078.639892578125,2107.169921875,2076.159912109375,2102.6201171875,520100,2112.459509277344,2081.530828857422,,
2015-06-03,2063.159912109375,2087.949951171875,2059.340087890625,2078.510009765625,541200,2109.006005859375,2082.3678283691406,,
2015-06-04,2072.860107421875,2082.60009765625,2062.75,2070.489990234375,400400,2107.4200073242187,2083.7018310546873,,
2015-06-05,2068.10009765625,2075.02001953125,2060.909912109375,2062.219970703125,394300,2106.275012207031,2085.0906656901043,,
2015-06-08,2065.18994140625,2068.510009765625,2056.5,2068.510009765625,393600,2105.258508300781,2086.4966654459636,,
2015-06-09,2064.030029296875,2073.75,2057.2099609375,2063.39990234375,421900,2103.591015625,2088.0539998372396,,
2015-06-10,2051.320068359375,2080.030029296875,2049.1298828125,2079.1298828125,427400,2101.3185180664063,2089.1461669921873,,
2015-06-11,2056.610107421875,2065.070068359375,2051.10009765625,2065.070068359375,457000,2098.441027832031,2090.3008361816405,,
2015-06-12,2052.169921875,2074.780029296875,2044.8699951171875,2068.449951171875,388300,2095.0330200195312,2090.671834309896,,
2015-06-15,2042.3199462890625,2049.679931640625,2033.719970703125,2041.0699462890625,313900,2091.8240173339846,2090.9030008951822,,
2015-06-16,2028.719970703125,2045.77001953125,2008.4599609375,2045.010009765625,381400,2087.5740173339846,2090.750166829427,,
2015-06-17,2034.8599853515625,2037.1199951171875,2021.5,2035.47998046875,354700,2083.27451171875,2090.7105000813804,,
2015-06-18,2041.8800048828125,2052.0,2036.780029296875,2046.18994140625,391000,2078.3915100097656,2090.7986673990886,,
2015-06-19,2046.9599609375,2057.7099609375,2044.7099609375,2056.5400390625,400300,2074.599005126953,2090.8918334960936,,
2015-06-22,2055.159912109375,2068.070068359375,2050.300048828125,2059.60009765625,267000,2070.0519958496093,2091.097664388021,,
2015-06-23,2081.199951171875,2086.090087890625,2066.2099609375,2071.300048828125,329800,2066.9369934082033,2092.0749959309896,,
2015-06-24,2085.530029296875,2087.679931640625,2076.780029296875,2086.68994140625,400800,2065.838494873047,2093.1704956054687,,
2015-06-25,2085.06005859375,2088.159912109375,2073.949951171875,2077.840087890625,575900,2064.547003173828,2094.0874959309895,,
2015-06-26,2090.260009765625,2097.010009765625,2080.7900390625,2083.39990234375,492800,2063.320001220703,2094.907995605469,,
2015-06-29,2060.489990234375,2068.85009765625,2054.330078125,2056.43994140625,503800,2061.225994873047,2095.4419962565103,,
2015-06-30,2074.199951171875,2075.02001953125,2049.43994140625,2054.830078125,392400,2061.0039978027344,2096.194163004557,,
2015-07-01,2097.889892578125,2100.340087890625,2072.5400390625,2077.27001953125,471600,2062.7404968261717,2097.0686604817706,,
2015-07-02,2107.330078125,2110.81005859375,2098.760009765625,2107.110107421875,565300,2064.463995361328,2098.083660888672,,
2015-07-03,2104.409912109375,2109.679931640625,2094.02001953125,2107.510009765625,419500,2066.2794860839845,2099.0399922688803,,
2015-07-06,2053.929931640625,2089.860107421875,2052.22998046875,2076.06005859375,474000,2065.716485595703,2098.9511576334635,,
2015-07-07,2040.2900390625,2067.929931640625,2028.97998046875,2067.0400390625,502800,2064.5294860839845,2098.6414896647134,,
2015-07-08,2016.2099609375,2046.3299560546875,2010.8299560546875,2045.8800048828125,453100,2062.7739807128905,2097.4489888509115,,
2015-07-09,2027.81005859375,2027.81005859375,1983.780029296875,2000.18994140625,408500,2061.3339782714843,2096.2638244628906,,
2015-07-10,2031.1700439453125,2037.8399658203125,2024.760009765625,2036.8900146484375,381300,2060.283984375,2094.9213256835938,,
2015-07-13,2061.52001953125,2063.280029296875,2030.2099609375,2033.25,426300,2061.2439880371094,2093.9473266601562,,
2015-07-14,2059.22998046875,2070.43994140625,2052.2099609375,2070.43994140625,503100,2062.7694885253904,2092.6028279622396,,
2015-07-15,2072.909912109375,2079.89990234375,2060.659912109375,2068.3798828125,619100,2064.671984863281,2091.4263264973956,,
2015-07-16,2087.889892578125,2088.330078125,2071.02001953125,2073.2900390625,697900,2066.972479248047,2090.4459920247396,,
2015-07-17,2076.7900390625,2101.219970703125,2068.360107421875,2101.219970703125,819200,2068.463983154297,2089.3126586914063,,
2015-07-20,2073.31005859375,2081.429931640625,2068.18994140625,2077.090087890625,870700,2069.3714904785156,2088.136328125,,
2015-07-21,2083.6201171875,2088.239990234375,2069.2099609375,2082.179931640625,727400,2069.492498779297,2086.6398315429688,,
2015-07-22,2064.72998046875,2075.93994140625,2059.449951171875,2071.06005859375,1160800,2068.452496337891,2085.0553304036457,,
2015-07-23,2065.070068359375,2069.199951171875,2053.52001953125,2068.929931640625,739800,2067.452996826172,2083.5141642252606,,
2015-07-24,2045.9599609375,2060.659912109375,2040.300048828125,2060.659912109375,611900,2065.2379943847654,2081.8189982096355,,
2015-07-27,2038.81005859375,2048.14990234375,2032.43994140625,2034.8199462890625,543200,2064.1539978027345,2080.0886678059896,,
2015-07-28,2039.0999755859375,2045.550048828125,2015.9100341796875,2026.3299560546875,498500,2062.3989990234377,2078.6208353678385,,
2015-07-29,2037.6199951171875,2055.949951171875,2037.6199951171875,2053.6201171875,520600,2059.3855041503907,2077.0440022786456,,
2015-07-30,2019.030029296875,2044.9300537109375,2019.030029296875,2040.239990234375,509300,2054.9705017089846,2075.6181681315106,,
2015-07-31,2030.1600341796875,2030.1600341796875,2004.699951171875,2026.97998046875,448200,2051.2580078125,2074.604168701172,,
2015-08-03,2008.489990234375,2026.25,2005.2099609375,2026.25,358700,2048.9860107421873,2073.3203348795573,,
2015-08-04,2027.989990234375,2027.989990234375,2007.6600341796875,2007.75,388800,2048.3710083007813,2072.1638366699217,,
2015-08-05,2029.760009765625,2035.25,2022.97998046875,2027.219970703125,319200,2049.0485107421873,2071.047003173828,,
2015-08-06,2013.2900390625,2038.4100341796875,2011.5999755859375,2037.260009765625,340500,2048.322509765625,2069.365838623047,,
2015-08-07,2010.22998046875,2012.9000244140625,2001.1300048828125,2009.3900146484375,334600,2047.2755065917968,2067.5308369954428,,
2015-08-10,2003.1700439453125,2008.550048828125,1993.9599609375,2008.43994140625,308300,2044.3580078125,2065.808671061198,,
2015-08-11,1986.6500244140625,2021.81005859375,1986.4599609375,2020.1500244140625,366400,2040.7290100097657,2063.690838623047,,
2015-08-12,1975.469970703125,1989.0999755859375,1948.9100341796875,1980.0400390625,524300,2035.8570129394532,2061.2678365071615,,
2015-08-13,1983.4599609375,1990.699951171875,1966.02001953125,1975.469970703125,376600,2030.635516357422,2058.666501871745,,
2015-08-17,1968.52001953125,1991.050048828125,1968.43994140625,1991.050048828125,561600,2025.2220153808594,2056.095001220703,,
2015-08-18,1956.260009765625,1979.3299560546875,1954.3499755859375,1977.6099853515625,472800,2019.3695129394532,2052.9309997558594,,
2015-08-19,1939.3800048828125,1959.510009765625,1915.9100341796875,1954.56005859375,506800,2012.1575073242188,2049.5289998372396,,
2015-08-20,1914.550048828125,1933.7900390625,1912.550048828125,1929.4300537109375,397500,2004.6485107421875,2046.3131673177083,2060.4899993896483,
2015-08-21,1876.0699462890625,1886.489990234375,1856.9100341796875,1862.7900390625,512300,1995.198504638672,2042.399501546224,2059.4838317871095,
2015-08-24,1829.81005859375,1872.8599853515625,1800.75,1860.030029296875,415200,1984.3910095214844,2037.6496683756511,2058.0540822347007,
2015-08-25,1846.6300048828125,1864.300048828125,1806.7900390625,1840.93994140625,451600,1974.7820068359374,2033.387333170573,2056.7902486165362,
2015-08-26,1894.0899658203125,1895.449951171875,1835.5799560546875,1843.699951171875,453400,1967.5315063476562,2030.3115010579427,2055.9211649576823,
2015-08-27,1908.0,1920.3900146484375,1898.97998046875,1912.4200439453125,482700,1961.0505065917969,2027.7255025227864,2055.0466654459638,
2015-08-28,1937.6700439453125,1938.6099853515625,1927.3900146484375,1932.3900146484375,446800,1956.9825073242187,2025.4723347981771,2054.5870829264322,
2015-08-31,1941.489990234375,1941.489990234375,1925.52001953125,1934.1199951171875,350900,1952.549005126953,2023.362166341146,2054.226416015625,
2015-09-01,1914.22998046875,1939.6700439453125,1914.219970703125,1934.43994140625,324500,1947.836004638672,2020.8461669921876,2053.6714162190756,
2015-09-02,1915.219970703125,1920.6199951171875,1883.5,1886.1400146484375,342000,1942.1975036621093,2018.3659993489584,2053.209999593099,
2015-09-03,1915.530029296875,1931.18994140625,1911.1700439453125,1929.780029296875,297300,1936.4860046386718,2016.10283203125,2052.6244995117186,
2015-09-04,1886.0400390625,1923.06005859375,1879.93994140625,1921.81005859375,361100,1930.1235046386719,2013.2599975585938,2051.7804168701173,
2015-09-07,1883.219970703125,1895.989990234375,1870.5899658203125,1883.3599853515625,288200,1923.7730041503905,2010.4441650390625,2050.557999674479,
2015-09-08,1878.6800537109375,1894.56005859375,1868.47998046875,1889.1400146484375,391900,1917.5485046386718,2007.7168334960938,2049.309917195638,
2015-09-09,1934.199951171875,1934.199951171875,1902.9300537109375,1903.280029296875,516200,1914.9260009765626,2006.1414998372395,2048.445833333333,
2015-09-10,1962.1099853515625,1962.1099853515625,1915.43994140625,1918.4200439453125,460300,1914.2580017089845,2004.9289998372396,2047.81974995931,
2015-09-11,1941.3699951171875,1951.260009765625,1939.72998046875,1942.8800048828125,503000,1912.1535034179688,2003.2538330078125,2047.0262502034504,
2015-09-14,1931.4599609375,1948.02001953125,1921.449951171875,1947.6500244140625,362900,1910.3005004882812,2001.3288330078126,2046.110333251953,
2015-09-15,1937.56005859375,1938.9000244140625,1927.6199951171875,1930.43994140625,390800,1909.3655029296874,1999.3688354492188,2045.2332499186198,
2015-09-16,1975.449951171875,1978.6800537109375,1949.1500244140625,1949.489990234375,584800,1911.1690002441405,1997.6063354492187,2044.840665690104,
2015-09-17,1976.489990234375,1989.0699462890625,1972.9300537109375,1989.0699462890625,510200,1914.2659973144532,1995.7890014648438,2044.4797485351562,
2015-09-18,1995.949951171875,1996.469970703125,1964.1199951171875,1978.3900146484375,523800,1920.2599975585938,1994.3038330078125,2044.195664469401,
2015-09-21,1964.6800537109375,1980.800048828125,1960.1099853515625,1973.239990234375,376400,1927.0034973144532,1992.2108337402344,2043.5594146728515,
2015-09-22,1982.06005859375,1983.989990234375,1966.050048828125,1973.5400390625,696400,1933.775,1990.9036682128906,2043.1728322347005,
2015-09-23,1944.6400146484375,1968.1600341796875,1944.510009765625,1960.3299560546875,857000,1936.3025024414062,1988.7443359375,2042.4692494710287,
2015-09-24,1947.0999755859375,1958.72998046875,1944.31005859375,1956.93994140625,921300,1938.257501220703,1986.2311706542969,2041.6499155680337,
2015-09-25,1942.8499755859375,1951.93994140625,1932.489990234375,1948.300048828125,796600,1938.5164978027344,1983.489835611979,2040.7867482503254,
2015-09-30,1962.81005859375,1962.8399658203125,1915.0400390625,1915.4599609375,547000,1939.582501220703,1981.1298380533854,2040.0849151611328,
2015-10-01,1979.3199462890625,1986.010009765625,1958.6300048828125,1963.550048828125,679000,1942.8369995117187,1979.886338297526,2039.4187479654947,
2015-10-02,1969.6800537109375,1985.5699462890625,1969.6800537109375,1979.4100341796875,1031000,1945.5600036621095,1978.7095052083334,2038.6754974365235,
2015-10-05,1978.25,1994.6500244140625,1975.550048828125,1981.5999755859375,545600,1948.6960021972657,1978.0768391927083,2037.7629140218098,
2015-10-06,1990.6500244140625,1998.02001953125,1985.1700439453125,1996.2900390625,661600,1953.9265014648438,1977.4575052897135,2036.860664876302,
2015-10-07,2005.8399658203125,2006.239990234375,1994.550048828125,1995.8699951171875,761700,1960.0575012207032,1977.0353373209634,2035.9783315022787,
2015-10-08,2019.530029296875,2020.18994140625,1998.6600341796875,2016.3599853515625,701000,1967.1,1976.3355041503905,2035.1414154052734,
2015-10-12,2021.6300048828125,2030.9200439453125,2015.4300537109375,2022.3299560546875,635100,1971.471502685547,1975.708837890625,2034.1558329264324,
2015-10-13,2019.050048828125,2024.5,2010.1600341796875,2021.199951171875,605000,1974.318505859375,1974.811173502604,2033.11875,
2015-10-14,2009.550048828125,2016.1400146484375,2002.6300048828125,2014.469970703125,644800,1977.7275085449219,1973.505509440104,2031.9757507324218,
2015-10-15,2033.27001953125,2035.800048828125,2007.4599609375,2008.2900390625,498900,1982.8180114746094,1972.78017578125,2031.0464172363281,
2015-10-16,2030.260009765625,2038.06005859375,2025.18994140625,2037.97998046875,550800,1987.4530090332032,1972.062674967448,2030.099501546224,
2015-10-19,2030.27001953125,2036.300048828125,2022.25,2032.3599853515625,726800,1990.1940124511718,1971.1735066731771,2028.906669108073,
2015-10-20,2039.3599853515625,2040.239990234375,2026.6700439453125,2031.5,958100,1993.3375122070313,1970.750673421224,2027.903001912435,
2015-10-21,2042.97998046875,2053.949951171875,2035.5899658203125,2039.25,668900,1995.689013671875,1970.3825052897134,2026.948334757487,
2015-10-22,2023.0,2042.5699462890625,2019.530029296875,2040.4300537109375,695800,1998.6050109863281,1969.9998392740886,2025.909418741862,
2015-10-23,2040.4000244140625,2054.820068359375,2036.9200439453125,2043.6700439453125,649000,2001.5220092773438,1970.0263387044272,2025.0575032552083,
2015-10-26,2048.080078125,2049.60009765625,2039.969970703125,2049.409912109375,460000,2006.6940124511718,1970.176007080078,2024.3984212239584,
2015-10-27,2044.6500244140625,2045.81005859375,2036.219970703125,2043.52001953125,449200,2011.571514892578,1970.293174235026,2023.6685882568358,
2015-10-28,2042.510009765625,2045.6700439453125,2032.3900146484375,2045.6700439453125,402200,2016.5545166015625,1970.6845072428384,2023.1513376871744,
2015-10-29,2034.1600341796875,2064.719970703125,2032.56005859375,2050.969970703125,481300,2020.1220153808595,1970.7511739095053,2022.6776713053384,
2015-10-30,2029.469970703125,2038.56005859375,2027.800048828125,2034.780029296875,380700,2022.6295166015625,1971.1008402506511,2022.210587565104,
2015-11-02,2035.239990234375,2036.050048828125,2028.199951171875,2033.1500244140625,366400,2025.9075134277343,1971.2216735839843,2021.6927551269532,
2015-11-03,2048.39990234375,2053.239990234375,2040.75,2042.5999755859375,591700,2029.4150085449219,1971.5323384602864,2021.2896708170572,
2015-11-04,2052.77001953125,2056.1201171875,2042.3800048828125,2053.510009765625,545100,2032.5210083007812,1972.1903381347656,2020.7780883789062,
2015-11-05,2049.409912109375,2050.43994140625,2039.9300537109375,2049.300048828125,349100,2034.6995056152343,1972.8433369954428,2020.1870869954428,
2015-11-06,2041.0699462890625,2055.139892578125,2038.4599609375,2048.169921875,465000,2035.7765014648437,1973.4750020345052,2019.6418365478517,
2015-11-09,2025.699951171875,2038.5899658203125,2022.52001953125,2038.5899658203125,435400,2035.979998779297,1974.1258341471355,2018.9083363850912,
2015-11-10,1996.5899658203125,2015.449951171875,1988.5400390625,2015.449951171875,417500,2034.8569946289062,1974.4778340657551,2017.8728352864584,
2015-11-11,1997.27001953125,2001.72998046875,1983.1400146484375,1993.81005859375,286600,2034.2429931640625,1974.7080017089843,2016.6872517903646,
2015-11-12,1993.3599853515625,1998.6600341796875,1991.280029296875,1997.3199462890625,389400,2032.247491455078,1975.122001139323,2015.608501180013,
2015-11-13,1973.2900390625,1981.27001953125,1969.7099609375,1975.969970703125,342300,2029.398992919922,1975.4058349609375,2014.1684173583985,
2015-11-16,1943.02001953125,1956.0899658203125,1942.8499755859375,1945.6800537109375,433400,2025.0364929199218,1975.4665018717449,2012.497750854492,
2015-11-17,1963.5799560546875,1974.0799560546875,1959.219970703125,1967.3599853515625,417600,2021.247491455078,1976.2836669921876,2011.2984171549479,
2015-11-18,1962.8800048828125,1973.1600341796875,1961.4300537109375,1967.25,541900,2017.2424926757812,1977.7305013020834,2010.0650014241537,
2015-11-19,1988.9100341796875,1988.9200439453125,1972.8499755859375,1976.93994140625,422500,2015.5379943847656,1980.382167561849,2009.01591796875,
2015-11-20,1989.8599853515625,1993.969970703125,1985.9300537109375,1988.9599609375,413700,2013.0109924316407,1982.7693339029947,2008.078333536784,
2015-11-23,2003.699951171875,2008.3399658203125,1992.8599853515625,1995.9200439453125,383200,2010.7919860839843,1984.5961669921876,2007.4538340250651,
2015-11-24,2016.2900390625,2019.949951171875,2003.06005859375,2004.2900390625,417000,2009.3739868164062,1986.4010009765625,2007.0632517496745,
2015-11-25,2009.4200439453125,2018.9300537109375,2007.9100341796875,2018.239990234375,391600,2007.7194885253907,1987.596834309896,2006.5345845540364,
2015-11-26,2030.6800537109375,2033.1800537109375,2014.8800048828125,2014.8800048828125,454500,2007.5454895019532,1989.0833353678386,2006.2227508544922,
2015-11-27,2028.989990234375,2038.719970703125,2026.4000244140625,2038.7099609375,482000,2007.5214904785157,1990.9960021972656,2005.9210845947266,
2015-11-30,1991.969970703125,2022.3800048828125,1987.1199951171875,2022.3800048828125,452900,2005.3579895019532,1992.2751688639323,2005.3205841064453,
2015-12-01,2023.9300537109375,2026.3299560546875,2001.510009765625,2001.510009765625,573300,2004.1344970703126,1994.0818359375,2005.092333984375,
2015-12-02,2009.2900390625,2026.18994140625,2009.2900390625,2026.0799560546875,631300,2001.960498046875,1996.1360026041666,2004.6980000813803,
2015-12-03,1994.0699462890625,2000.199951171875,1981.5899658203125,2000.199951171875,365900,1999.1934997558594,1997.9835021972656,2004.213833618164,
2015-12-04,1974.4000244140625,1983.02001953125,1970.47998046875,1972.1600341796875,379500,1995.8600036621094,1999.5788350423177,2003.6478342692058,
2015-12-07,1963.6700439453125,1988.0400390625,1963.6600341796875,1987.6199951171875,382100,1992.7585083007812,2000.0700032552083,2003.105751546224,
2015-12-08,1949.0400390625,1971.0699462890625,1948.4300537109375,1964.219970703125,406200,1990.3810119628906,1999.8521708170572,2002.3905853271485,
2015-12-09,1948.239990234375,1956.699951171875,1944.780029296875,1951.3900146484375,378100,1987.929510498047,1999.966670735677,2001.6102518717448,
2015-12-10,1952.0699462890625,1956.8399658203125,1940.4000244140625,1947.2099609375,377800,1985.865008544922,2000.3101704915364,2000.8195017496744,
2015-12-11,1948.6199951171875,1961.0,1943.6700439453125,1952.8199462890625,380700,1984.6315063476563,2000.494502766927,1999.9316691080728,
2015-12-14,1927.8199462890625,1930.4000244140625,1919.219970703125,1926.3599853515625,439700,1983.8715026855468,1999.7006693522135,1998.6535024007162,
2015-12-15,1932.969970703125,1938.0400390625,1925.75,1935.8199462890625,434700,1982.3410034179688,1998.9753356933593,1997.3821685791015,2027.4132000732423
2015-12-16,1969.4000244140625,1975.6300048828125,1950.050048828125,1950.1500244140625,475100,1982.6670043945312,1998.5328369140625,1996.4183349609375,2027.2761499023438
2015-12-17,1977.9599609375,1987.8299560546875,1967.6400146484375,1984.06005859375,379600,1982.1195007324218,1998.754168701172,1995.4825012207032,2027.1590496826173
2015-12-18,1975.3199462890625,1981.4200439453125,1958.1199951171875,1960.3199462890625,677700,1981.3924987792968,1998.6418334960938,1994.7727508544922,2027.04419921875
2015-12-21,1981.18994140625,1986.6600341796875,1968.1400146484375,1974.260009765625,539600,1980.2669982910156,1999.2509989420573,1993.9976674397788,2026.9582489013671
2015-12-22,1992.56005859375,1992.719970703125,1971.3199462890625,1984.3699951171875,577200,1979.080499267578,2000.0086669921875,1993.1199188232422,2026.8563494873047
2015-12-23,1999.219970703125,2007.4200439453125,1989.300048828125,1994.199951171875,502400,1978.5704956054688,2000.9481669108072,1992.2190012613933,2026.888349609375
2015-12-24,1990.6500244140625,2009.989990234375,1990.6500244140625,2009.3399658203125,504600,1976.568994140625,2001.4121663411458,1991.2710021972657,2026.917749633789
2015-12-28,1964.06005859375,1991.18994140625,1964.06005859375,1990.5899658203125,396600,1973.3224975585938,2001.1578348795572,1990.5220865885417,2026.8339001464844
2015-12-29,1966.31005859375,1968.5699462890625,1946.2099609375,1956.489990234375,401400,1972.039501953125,2001.101668294271,1989.905586751302,2026.8125006103517
2015-12-30,1961.31005859375,1974.6700439453125,1958.780029296875,1973.030029296875,304500,1968.9085021972655,2000.8193359375,1989.448087565104,2026.6901007080078
2016-01-04,1918.760009765625,1954.52001953125,1918.760009765625,1954.469970703125,359000,1964.3820007324218,1999.6211690266928,1988.5393371582031,2026.3472509765625
2016-01-05,1930.530029296875,1937.5699462890625,1911.9300537109375,1911.9300537109375,446500,1961.2050048828125,1998.3660034179688,1987.7006703694663,2025.8503509521483
2016-01-06,1925.4300537109375,1934.25,1911.6099853515625,1934.25,594600,1958.7565063476563,1996.7976704915366,1986.5665873209634,2025.3352514648439
2016-01-07,1904.3299560546875,1926.4100341796875,1901.239990234375,1915.7099609375,393000,1955.789501953125,1994.8426696777344,1985.2757537841796,2024.667451171875
2016-01-08,1917.6199951171875,1918.25,1883.8199462890625,1889.4200439453125,430200,1954.2184997558593,1993.152168782552,1983.981671142578,2024.069351196289
2016-01-11,1894.8399658203125,1907.4300537109375,1892.68994140625,1897.1800537109375,328800,1951.5484985351563,1991.2403340657552,1982.3729217529296,2023.360601196289
2016-01-12,1890.8599853515625,1910.5899658203125,1888.93994140625,1907.6099853515625,295100,1948.4880004882812,1988.8668334960937,1980.823504638672,2022.6080511474609
2016-01-13,1916.280029296875,1921.0,1902.489990234375,1904.3299560546875,265200,1946.8710021972656,1986.967167154948,1979.5149210611978,2021.9754010009765
2016-01-14,1900.010009765625,1900.47998046875,1882.02001953125,1893.1800537109375,311000,1945.4805053710938,1984.7961669921874,1977.9848368326823,2021.362650756836
2016-01-15,1878.8699951171875,1918.300048828125,1873.3499755859375,1915.8299560546875,312400,1942.7755065917968,1982.1213338216146,1976.4360036214193,2020.6580004882812
2016-01-18,1878.449951171875,1882.2099609375,1854.550048828125,1856.030029296875,276900,1938.2280029296876,1979.3791666666666,1974.8808359781901,2019.9000500488282
2016-01-19,1889.6400146484375,1889.9000244140625,1866.760009765625,1879.800048828125,335300,1933.8120056152343,1977.1565002441407,1973.5781697591146,2019.143099975586
2016-01-20,1845.449951171875,1885.3599853515625,1830.06005859375,1885.3599853515625,407300,1927.318505859375,1973.907332356771,1971.966835530599,2018.228099975586
2016-01-21,1840.530029296875,1860.02001953125,1838.0400390625,1848.0999755859375,433700,1920.2855102539063,1970.4481648763021,1970.31208597819,2017.285400390625
2016-01-22,1879.4300537109375,1879.4300537109375,1859.5400390625,1860.300048828125,408500,1914.6290100097656,1967.6944986979167,1968.9938364664713,2016.4554504394532
2016-01-25,1893.4300537109375,1901.219970703125,1882.739990234375,1890.1500244140625,315300,1909.3395141601563,1965.2098327636718,1967.9471700032552,2015.6904504394531
2016-01-26,1871.68994140625,1884.1300048828125,1862.97998046875,1881.8699951171875,298800,1903.3915100097656,1962.5019978841146,1966.62658589681,2014.81375
2016-01-27,1897.8699951171875,1902.030029296875,1883.3900146484375,1888.0699462890625,348900,1900.0820068359376,1960.3086649576824,1965.7047526041667,2014.0067999267578
2016-01-28,1906.93994140625,1907.56005859375,1877.780029296875,1885.3800048828125,354300,1897.1135009765626,1958.1703308105468,1964.6960021972657,2013.2471490478515
2016-01-29,1912.06005859375,1912.0699462890625,1888.47998046875,1905.010009765625,386600,1894.6510009765625,1955.8980000813801,1963.7151692708333,2012.3686492919921
2016-02-01,1924.8199462890625,1926.1099853515625,1912.8499755859375,1919.6199951171875,440300,1894.9539978027344,1953.765498860677,1962.9779184977212,2011.4981494140625
2016-02-02,1906.5999755859375,1920.02001953125,1906.06005859375,1914.9599609375,412300,1893.7574951171875,1951.3853332519532,1962.1143351236979,2010.4725494384766
2016-02-03,1890.6700439453125,1894.719970703125,1882.75,1893.8299560546875,408600,1892.0194946289062,1948.8786682128907,1961.1768351236979,2009.3260998535156
2016-02-04,1916.260009765625,1917.0899658203125,1897.1800537109375,1900.47998046875,365800,1892.6159973144531,1947.054669189453,1960.5902516682943,2008.207900390625
2016-02-05,1917.7900390625,1921.760009765625,1910.31005859375,1914.550048828125,305800,1892.6244995117188,1945.741337076823,1960.109585571289,2007.0793505859374
2016-02-11,1861.5400390625,1877.77001953125,1858.9000244140625,1872.6800537109375,386400,1890.9595031738281,1943.4791707356771,1959.0935862223307,2005.6535009765626
2016-02-12,1835.280029296875,1857.1199951171875,1817.969970703125,1850.6700439453125,470500,1888.1805053710937,1940.8445048014323,1957.9832529703776,2004.1059509277343
2016-02-15,1862.199951171875,1864.6199951171875,1847.5999755859375,1857.3299560546875,284600,1885.4765014648438,1938.9930033365886,1957.1994191487631,2002.697501220703
2016-02-16,1888.300048828125,1892.1500244140625,1868.1099853515625,1870.0999755859375,388300,1884.8910034179687,1938.0810038248699,1956.7737528483074,2001.2719519042969
2016-02-17,1883.93994140625,1897.3699951171875,1881.030029296875,1889.4100341796875,344600,1885.1445007324219,1936.7536702473958,1956.5186686197917,1999.8926513671875
2016-02-18,1908.8399658203125,1910.1199951171875,1898.489990234375,1909.4000244140625,332600,1886.6640014648438,1935.8530029296876,1956.7917521158854,1998.6491510009766
2016-02-19,1916.239990234375,1916.239990234375,1902.239990234375,1904.5,312200,1887.9940002441406,1934.6418355305989,1957.512001546224,1997.4920013427734
2016-02-22,1916.3599853515625,1921.1400146484375,1905.8499755859375,1911.56005859375,267900,1891.539501953125,1933.416835530599,1958.093084716797,1996.3606518554689
2016-02-23,1914.219970703125,1929.530029296875,1909.7900390625,1928.8499755859375,326800,1895.2239990234375,1931.9255025227865,1958.260834757487,1995.2959020996093
2016-02-24,1912.530029296875,1918.6300048828125,1906.18994140625,1908.7099609375,281600,1896.8789978027344,1930.1961690266928,1958.2985850016275,1994.19740234375
2016-02-25,1918.5699462890625,1928.489990234375,1906.989990234375,1919.0799560546875,305800,1898.1359924316407,1928.6820007324218,1958.1394175211587,1993.2673516845703
2016-02-26,1920.1600341796875,1927.800048828125,1917.0699462890625,1927.0999755859375,280200,1900.5594970703125,1926.840000406901,1957.9616678873697,1992.4131518554686
2016-02-29,1916.6600341796875,1927.050048828125,1916.6600341796875,1921.760009765625,275100,1901.4989990234376,1924.9678344726562,1957.981918334961,1991.568851928711
2016-03-02,1947.4200439453125,1949.93994140625,1942.239990234375,1944.27001953125,323400,1903.5230041503905,1924.2253356933593,1958.2502522786458,1990.819052734375
2016-03-03,1958.1700439453125,1958.1700439453125,1946.5699462890625,1957.8299560546875,421000,1905.8285034179687,1923.129335530599,1958.6055857340496,1990.1260528564453
2016-03-04,1955.6300048828125,1958.4599609375,1949.469970703125,1956.010009765625,316400,1907.3690063476563,1922.235001627604,1959.1855021158854,1989.3334033203125
2016-03-07,1957.8699951171875,1963.4300537109375,1955.969970703125,1961.260009765625,344600,1909.9325073242187,1921.6316691080729,1959.8075856526693,1988.5211029052734
2016-03-08,1946.1199951171875,1958.93994140625,1935.550048828125,1958.93994140625,358700,1912.7050048828125,1921.1603352864583,1960.3695851643881,1987.7192028808595
2016-03-09,1952.949951171875,1952.949951171875,1938.3199462890625,1940.550048828125,355400,1914.539501953125,1920.9816670735677,1960.5258351643881,1986.9153527832032
2016-03-10,1969.3299560546875,1976.18994140625,1955.6700439453125,1958.8699951171875,352300,1917.1164978027343,1921.3198323567708,1960.586001586914,1986.1577520751953
2016-03-11,1971.4100341796875,1975.8699951171875,1966.6500244140625,1968.300048828125,303400,1922.6099975585937,1921.7059997558595,1960.8363352457682,1985.3171020507812
2016-03-14,1972.27001953125,1985.9000244140625,1970.56005859375,1985.739990234375,357100,1929.4594970703124,1922.0426676432292,1961.1764190673828,1984.5644018554688
2016-03-15,1969.969970703125,1979.4599609375,1966.43994140625,1975.6099853515625,264600,1934.847998046875,1922.3985005696616,1961.4465016682943,1983.683751220703
2016-03-16,1974.9000244140625,1982.0799560546875,1969.6600341796875,1971.5799560546875,294500,1939.177996826172,1923.1831685384116,1961.4419189453124,1982.8407513427735
2016-03-17,1987.989990234375,2000.300048828125,1984.3299560546875,1984.68994140625,291600,1944.3804992675782,1924.1001688639324,1961.537752278646,1982.2432012939453
2016-03-18,1992.1199951171875,1996.31005859375,1986.0400390625,1996.31005859375,385800,1948.544500732422,1924.4788350423178,1961.5058359781901,1981.6493518066407
2016-03-21,1989.760009765625,2003.1199951171875,1982.699951171875,1999.25,323300,1952.2205017089843,1924.6755025227865,1961.7148356119792,1981.024151611328
2016-03-22,1996.81005859375,1997.760009765625,1986.8699951171875,1993.3699951171875,383800,1956.2430053710937,1925.033671061198,1961.837752278646,1980.4963513183593
2016-03-23,1995.1199951171875,2001.6700439453125,1989.8399658203125,1996.469970703125,367600,1960.2880065917968,1925.2658386230469,1962.258418782552,1980.0787518310547
2016-03-24,1985.969970703125,1992.760009765625,1981.1700439453125,1988.4599609375,341200,1963.9600036621093,1925.1560038248697,1962.5823354085287,1979.6928021240235
2016-03-25,1983.81005859375,1991.06005859375,1981.530029296875,1991.06005859375,463400,1967.2220092773437,1924.8991719563803,1962.9236694335937,1979.2475518798828
2016-03-28,1982.5400390625,1992.4599609375,1981.3699951171875,1984.9300537109375,410500,1970.3410095214845,1924.764005533854,1963.0880859375,1978.819751586914
2016-03-29,1994.9100341796875,1997.3299560546875,1984.0699462890625,1986.9300537109375,385500,1974.2535095214844,1925.2781717936198,1963.2180033365885,1978.4683520507813
2016-03-30,2002.1400146484375,2009.0999755859375,1998.510009765625,2005.239990234375,368300,1976.9895080566407,1925.8753377278647,1963.4885030110677,1978.158901977539
2016-03-31,1995.8499755859375,2007.4300537109375,1986.739990234375,2005.719970703125,335100,1978.8735046386719,1926.4510030110678,1963.6351694742839,1977.8815515136719
2016-04-01,1973.5699462890625,1994.77001953125,1970.1700439453125,1994.77001953125,392300,1979.7705017089843,1927.364501953125,1963.4928354899089,1977.466350708008
2016-04-04,1978.969970703125,1979.030029296875,1969.3499755859375,1974.72998046875,363300,1980.8255004882812,1928.1718343098958,1963.2689188639322,1977.1003509521483
2016-04-05,1962.739990234375,1973.1700439453125,1959.260009765625,1972.3800048828125,368200,1981.6565002441407,1928.7936665852865,1962.7956685384115,1976.702451171875
2016-04-06,1971.3199462890625,1975.0899658203125,1961.510009765625,1963.1700439453125,358000,1982.575,1929.9101664225261,1962.3764180501303,1976.4154510498047
2016-04-07,1973.8900146484375,1980.4300537109375,1964.989990234375,1978.75,434100,1982.8030029296874,1930.8480000813802,1962.0000844319661,1976.110601196289
2016-04-08,1972.050048828125,1972.1199951171875,1954.1099853515625,1961.2900390625,400600,1982.8350036621093,1932.134834798177,1961.6875844319661,1975.7614514160157
2016-04-11,1970.3699951171875,1973.9000244140625,1963.2099609375,1972.25,379500,1982.7400024414062,1933.4600016276042,1961.163417561849,1975.3785015869141
2016-04-12,1981.3199462890625,1981.72998046875,1968.5,1970.5,387300,1983.3075012207032,1934.5440002441405,1960.7555836995443,1975.0093017578124
2016-04-14,2015.9300537109375,2016.030029296875,2000.8299560546875,2004.1500244140625,473500,1985.3590026855468,1936.4760009765625,1960.636083984375,1974.6829522705077
2016-04-15,2014.7099609375,2016.949951171875,2008.6800537109375,2013.3800048828125,317700,1986.695001220703,1938.7400004069011,1960.4306671142579,1974.328851928711
2016-04-18,2009.0999755859375,2009.550048828125,1998.489990234375,2001.3499755859375,339200,1987.5440002441405,1940.917500813802,1960.1483337402344,1973.949051513672
2016-04-19,2011.3599853515625,2020.2900390625,2007.6800537109375,2015.0999755859375,401200,1988.6239990234376,1942.9461669921875,1960.051333618164,1973.5545513916015
2016-04-20,2005.8299560546875,2023.77001953125,2005.8199462890625,2017.050048828125,424000,1989.0749938964843,1945.6191670735677,1959.7632497151692,1973.281251220703
2016-04-21,2022.0999755859375,2022.0999755859375,2009.449951171875,2014.5999755859375,392100,1990.4239929199218,1948.645332845052,1959.546748860677,1973.0207513427733
2016-04-22,2015.489990234375,2017.9000244140625,2010.93994140625,2014.9300537109375,480500,1991.8999938964844,1950.912998453776,1959.3037485758464,1972.6087518310546
2016-04-25,2014.550048828125,2016.6500244140625,2007.1800537109375,2016.050048828125,397700,1993.436993408203,1952.9316650390624,1959.070748901367,1972.1448516845703
2016-04-26,2019.6300048828125,2021.5899658203125,2011.8499755859375,2013.260009765625,509300,1995.2914916992188,1955.3973327636718,1958.9496653238932,1971.7209521484374
2016-04-27,2015.4000244140625,2019.8599853515625,2012.75,2019.31005859375,412800,1996.3159912109375,1957.3561665852865,1958.8324157714844,1971.5283026123047
2016-04-28,2000.9300537109375,2022.989990234375,1998.5999755859375,2020.8299560546875,341100,1996.2554931640625,1958.9226684570312,1958.5464996337892,1971.3315026855469
2016-04-29,1994.1500244140625,1999.3399658203125,1983.300048828125,1998.6800537109375,401100,1996.1704956054687,1960.2908345540366,1958.0944173177083,1971.2212030029298
2016-05-02,1978.1500244140625,1991.8399658203125,1977.030029296875,1991.8399658203125,328200,1996.3994995117187,1961.179669189453,1957.472584025065,1970.9729028320312
2016-05-03,1986.4100341796875,1989.4100341796875,1979.6600341796875,1988.3399658203125,310500,1996.771502685547,1962.5098368326824,1956.9475850423178,1970.7491027832032
2016-05-04,1976.7099609375,1982.3800048828125,1969.219970703125,1978.239990234375,352700,1997.4700012207031,1963.9438354492188,1956.4112518310546,1970.3250524902344
2016-05-09,1967.81005859375,1976.1400146484375,1962.9200439453125,1974.52001953125,342200,1997.2945068359375,1964.8030029296874,1955.9288360595704,1969.8679528808593
2016-05-10,1982.5,1982.5,1964.9000244140625,1965.8599853515625,369100,1997.7250061035156,1965.881502278646,1955.8114196777344,1969.4159033203125
2016-05-11,1980.0999755859375,1989.1700439453125,1970.47998046875,1989.1700439453125,398500,1998.1275024414062,1967.8575012207032,1955.66833597819,1968.8769537353517
2016-05-12,1977.489990234375,1981.489990234375,1970.5400390625,1973.280029296875,462900,1998.4835021972656,1970.2276672363282,1955.5360860188803,1968.380453491211
2016-05-13,1966.989990234375,1980.449951171875,1962.77001953125,1979.969970703125,509100,1997.7670043945313,1971.9741678873697,1955.4835856119792,1967.848853149414
2016-05-16,1967.9100341796875,1970.530029296875,1961.3199462890625,1961.9100341796875,526700,1995.3660034179688,1973.3010009765626,1955.6910024007161,1967.270302734375
2016-05-17,1968.06005859375,1975.0999755859375,1962.5699462890625,1973.8599853515625,597600,1993.0335083007812,1974.7030029296875,1955.7283365885417,1966.786953125
2016-05-18,1956.72998046875,1964.3399658203125,1945.56005859375,1962.780029296875,696300,1990.4150085449219,1975.5011698404949,1955.6770863850911,1966.2452526855468
2016-05-19,1946.780029296875,1954.2900390625,1942.47998046875,1953.9100341796875,505900,1987.1860107421876,1976.0101704915364,1955.3260030110678,1965.7493530273437
2016-05-20,1947.6700439453125,1951.5,1940.3599853515625,1943.8399658203125,388100,1984.2780151367188,1976.5320048014323,1954.9744201660155,1965.2936529541016
2016-05-23,1955.25,1956.77001953125,1940.43994140625,1954.260009765625,399500,1980.9355163574219,1977.215838623047,1954.5706705729167,1964.8744030761718
2016-05-24,1937.6800537109375,1951.3900146484375,1937.6700439453125,1951.1800537109375,517100,1977.04501953125,1977.6350056966146,1953.9155873616537,1964.3747033691407
2016-05-25,1960.510009765625,1964.9100341796875,1951.1700439453125,1953.6300048828125,656900,1974.343017578125,1978.3340067545573,1953.5080037434896,1964.0821032714844
2016-05-26,1957.06005859375,1967.449951171875,1955.969970703125,1965.81005859375,558300,1971.2145202636718,1978.9490071614584,1952.8945037841797,1963.7166033935546
2016-05-27,1969.1700439453125,1971.27001953125,1959.75,1962.3299560546875,523500,1968.9030212402345,1979.8241739908854,1952.3960042317708,1963.5200036621093
2016-05-30,1967.1300048828125,1970.5400390625,1955.489990234375,1969.719970703125,550500,1967.2130187988282,1980.1526733398437,1952.1890045166015,1963.2157037353516
2016-05-31,1983.4000244140625,1984.1800537109375,1958.1600341796875,1962.469970703125,657000,1966.675518798828,1980.573173014323,1951.851254272461,1962.9839038085938
2016-06-01,1982.719970703125,1986.760009765625,1975.8199462890625,1976.8699951171875,502300,1966.9040161132812,1981.0246724446615,1951.6298370361328,1962.831053466797
2016-06-02,1985.1099853515625,1988.0,1978.8199462890625,1983.8599853515625,474200,1966.839013671875,1981.478672281901,1951.555170694987,1962.7054534912108
2016-06-03,1985.8399658203125,1991.5799560546875,1979.6600341796875,1991.5799560546875,540900,1967.2955139160156,1982.1406717936197,1951.6505035400392,1962.6188031005859
2016-06-07,2011.6300048828125,2011.6700439453125,1992.77001953125,1993.0799560546875,481300,1969.4865112304688,1983.118672688802,1952.050169881185,1962.7437030029296
2016-06-08,2027.0799560546875,2027.0899658203125,2008.5899658203125,2013.719970703125,497900,1971.715509033203,1984.081172688802,1952.7005025227866,1963.0017529296874
2016-06-09,2024.1700439453125,2035.27001953125,2012.1400146484375,2028.02001953125,599700,1973.919012451172,1984.9605061848958,1953.3332529703775,1963.2053033447266
2016-06-10,2017.6300048828125,2022.77001953125,2014.1500244140625,2022.77001953125,404300,1975.9260131835938,1985.7165059407553,1953.879586791992,1963.4508532714844
2016-06-13,1979.06005859375,2001.7900390625,1976.68994140625,2001.030029296875,443000,1976.5295166015626,1985.868007405599,1954.1332539876303,1963.564853515625
2016-06-14,1972.030029296875,1982.3199462890625,1965.3399658203125,1976.800048828125,439900,1976.7355163574218,1985.820174153646,1954.5016713460286,1963.7281036376953
2016-06-15,1968.8299560546875,1975.8699951171875,1960.969970703125,1972.0,376800,1976.7740112304687,1985.500840250651,1954.8005045572916,1963.999503173828
2016-06-16,1951.989990234375,1974.010009765625,1944.800048828125,1971.530029296875,438800,1976.53701171875,1984.8320068359376,1954.6554209391277,1964.3791033935547
2016-06-17,1953.4000244140625,1970.5400390625,1949.5999755859375,1966.22998046875,485300,1976.8680114746094,1984.226007080078,1954.4507548014324,1964.9970532226562
2016-06-20,1981.1199951171875,1984.0699462890625,1969.56005859375,1974.4300537109375,391300,1978.540509033203,1983.9645060221353,1954.4990885416667,1965.6695031738282
2016-06-21,1982.699951171875,1983.8699951171875,1971.989990234375,1977.800048828125,557400,1979.9130065917968,1983.7575052897134,1954.5116719563803,1966.112553100586
2016-06-22,1992.5799560546875,1994.760009765625,1979.3699951171875,1981.780029296875,407400,1982.6580017089843,1983.8676717122396,1954.5118377685546,1966.5354528808593
2016-06-23,1986.7099609375,1990.7099609375,1980.1400146484375,1989.4200439453125,455400,1983.967999267578,1983.9160034179688,1954.4075876871746,1966.7806524658204
2016-06-24,1925.239990234375,2001.550048828125,1892.75,2001.550048828125,750500,1982.3769958496093,1982.9610026041667,1953.8625040690104,1966.6994024658204
2016-06-27,1926.8499755859375,1926.8699951171875,1900.8299560546875,1901.8499755859375,394300,1980.2609924316407,1981.8266682942708,1953.5524200439454,1966.7625024414062
2016-06-28,1936.219970703125,1937.989990234375,1907.489990234375,1907.7099609375,373500,1978.7154907226563,1980.7280008951823,1953.3016693115235,1966.8675024414063
2016-06-29,1956.3599853515625,1966.2099609375,1941.9000244140625,1946.31005859375,451200,1977.3634887695312,1980.0698343912761,1953.2604187011718,1967.0716522216796
2016-06-30,1970.3499755859375,1972.81005859375,1959.280029296875,1971.5400390625,349900,1976.7449890136718,1980.0161682128905,1953.6903350830078,1967.493201904297
2016-07-01,1987.3199462890625,1993.97998046875,1975.8900146484375,1977.3599853515625,448100,1976.855487060547,1980.1553344726562,1954.1635843912761,1968.0137017822265
2016-07-04,1995.300048828125,1997.3699951171875,1985.1099853515625,1989.43994140625,468600,1977.3284912109375,1980.6980021158854,1954.745834350586,1968.5968017578125
2016-07-05,1989.8499755859375,1996.77001953125,1985.93994140625,1995.68994140625,405500,1976.2394897460938,1981.0068359375,1955.458501180013,1968.875051879883
2016-07-06,1953.1199951171875,1982.800048828125,1944.3299560546875,1980.1099853515625,457400,1972.5414916992188,1980.6606689453124,1955.7543345133463,1968.830101928711
2016-07-07,1974.0799560546875,1976.489990234375,1959.8299560546875,1963.300048828125,378800,1970.0369873046875,1980.6945007324218,1956.4146677652996,1968.9936517333983
2016-07-08,1963.0999755859375,1979.75,1956.9100341796875,1972.280029296875,356500,1967.3104858398438,1980.5733337402344,1957.0166676839192,1969.1518518066407
2016-07-11,1988.5400390625,1990.949951171875,1977.81005859375,1979.3599853515625,337800,1967.7844848632812,1980.6936686197917,1957.6188344319662,1969.4067517089843
2016-07-12,1991.22998046875,1998.030029296875,1986.449951171875,1991.1300048828125,432700,1968.744482421875,1980.282000732422,1958.3790008544922,1969.4856518554689
2016-07-13,2005.550048828125,2013.5999755859375,1995.8399658203125,2007.6500244140625,357600,1970.5804870605468,1980.129335530599,1959.43466796875,1969.6309521484375
2016-07-14,2008.77001953125,2009.6700439453125,1997.93994140625,2004.1199951171875,340200,1973.4194885253905,1980.1238362630208,1960.5206685384114,1969.6950524902343
2016-07-15,2017.260009765625,2022.3399658203125,2011.0999755859375,2015.3699951171875,477800,1976.6124877929688,1980.2221700032553,1961.5841684977213,1969.9579522705078
2016-07-18,2021.1099853515625,2022.1099853515625,2012.300048828125,2018.219970703125,380100,1978.6119873046875,1980.4768371582031,1963.0480021158853,1970.1532019042968
2016-07-19,2016.8900146484375,2023.219970703125,2010.27001953125,2022.800048828125,380800,1980.3214904785157,1980.3900044759114,1964.5176686604818,1970.514451904297
2016-07-20,2015.4599609375,2015.469970703125,2003.8699951171875,2013.4000244140625,316300,1981.4654907226563,1980.3895039876302,1965.6512512207032,1970.8562518310546
2016-07-21,2012.219970703125,2020.550048828125,2007.5899658203125,2019.3599853515625,391000,1982.7409912109374,1980.3506693522136,1966.641167195638,1971.2031018066407
2016-07-22,2010.3399658203125,2014.43994140625,2002.6600341796875,2005.3699951171875,321000,1986.9959899902344,1980.1958353678385,1967.7965840657553,1971.4407513427734
2016-07-25,2012.3199462890625,2020.68994140625,2006.6300048828125,2014.739990234375,350200,1991.2694885253907,1980.1445007324219,1968.750333658854,1971.6057513427734
2016-07-26,2027.3399658203125,2027.3399658203125,2008.25,2009.4000244140625,338600,1995.82548828125,1980.5846659342449,1969.753667195638,1971.8940509033202
2016-07-27,2025.050048828125,2030.68994140625,2021.1500244140625,2027.0699462890625,411700,1999.259991455078,1981.0996663411458,1970.6952504475912,1972.1280511474608
2016-07-28,2021.0999755859375,2029.3800048828125,2014.3599853515625,2029.0699462890625,350900,2001.7974914550782,1981.815498860677,1971.4975840250652,1972.2803009033203
2016-07-29,2016.18994140625,2028.989990234375,2016.18994140625,2023.239990234375,366400,2003.2409912109374,1982.3118306477866,1972.4108337402345,1972.33205078125
2016-08-01,2029.6099853515625,2031.5799560546875,2024.5699462890625,2024.7099609375,369600,2004.9564880371095,1983.193497721354,1973.5686665852866,1972.3824505615235
2016-08-02,2019.030029296875,2026.0999755859375,2017.5899658203125,2023.550048828125,409900,2006.4154907226562,1984.0471638997396,1974.4250834147135,1972.3694506835936
2016-08-03,1994.7900390625,2008.6800537109375,1993.0,2008.6800537109375,485900,2008.4989929199219,1984.2519978841146,1975.0667500813802,1972.2481506347656
2016-08-04,2000.030029296875,2006.47998046875,1994.72998046875,2006.0799560546875,326500,2009.7964965820313,1984.5841654459634,1976.2208333333333,1972.2005505371094
2016-08-05,2017.93994140625,2018.1600341796875,2004.3699951171875,2006.22998046875,289300,2012.5384948730468,1985.2583312988281,1977.7429992675782,1972.1239001464844
2016-08-08,2031.1199951171875,2031.1400146484375,2018.81005859375,2025.550048828125,270500,2014.6674926757812,1986.3271647135416,1979.1506663004557,1972.1282000732422
2016-08-09,2043.780029296875,2046.030029296875,2032.1800537109375,2033.52001953125,436700,2017.2949951171875,1987.5916646321614,1980.4463328043619,1972.1957501220704
2016-08-10,2044.6400146484375,2049.360107421875,2039.8599853515625,2043.030029296875,331100,2019.249493408203,1988.8679972330729,1981.7855000813802,1972.2221502685547
2016-08-11,2048.800048828125,2048.800048828125,2035.25,2042.6400146484375,346100,2021.250994873047,1990.402498372396,1982.9518341064454,1972.2512506103515
2016-08-12,2050.469970703125,2060.840087890625,2046.1500244140625,2053.820068359375,376500,2022.9114929199218,1992.1306640625,1984.0704172770181,1972.388600463867
2016-08-16,2047.760009765625,2063.090087890625,2047.72998046875,2056.0,374900,2024.243994140625,1993.7988301595053,1985.1654174804687,1972.425400390625
2016-08-17,2043.75,2048.2900390625,2032.530029296875,2045.3699951171875,391700,2025.5869934082032,1995.2738301595052,1986.244834391276,1972.40375
2016-08-18,2055.469970703125,2056.090087890625,2041.9000244140625,2048.14990234375,353100,2027.5874938964844,1997.2369954427083,1987.4360005696615,1972.4578497314453
2016-08-19,2056.239990234375,2059.300048828125,2049.52001953125,2057.89990234375,392300,2029.7884948730468,1998.8324951171876,1988.5832509358725,1972.5264996337892
2016-08-22,2042.1600341796875,2054.7099609375,2040.510009765625,2054.3701171875,343500,2031.3794982910156,2000.2508280436198,1989.599917602539,1972.5664996337891
2016-08-23,2049.929931640625,2051.429931640625,2041.8599853515625,2044.27001953125,360400,2033.2599975585938,2001.596826171875,1990.7105000813801,1972.6687994384765
2016-08-24,2043.760009765625,2052.739990234375,2039.530029296875,2050.820068359375,285200,2034.0809997558595,2002.8739929199219,1991.5133331298828,1972.7113995361328
2016-08-25,2042.9200439453125,2046.0,2035.010009765625,2041.5799560546875,277400,2034.9744995117187,2003.8659932454427,1992.2195831298827,1972.6840002441406
2016-08-26,2037.5,2039.9100341796875,2027.6800537109375,2036.739990234375,288200,2035.794500732422,2004.778993733724,1992.9018330891927,1972.6076501464843
2016-08-29,2032.3499755859375,2034.6300048828125,2024.9300537109375,2028.6400146484375,317000,2036.6025024414062,2005.5663269042968,1993.522499593099,1972.5223504638673
2016-08-30,2039.739990234375,2049.989990234375,2036.760009765625,2038.5999755859375,378600,2037.1090026855468,2006.4646606445312,1994.3026662190755,1972.5157006835936
2016-08-31,2034.6500244140625,2041.1700439453125,2027.239990234375,2038.5799560546875,401000,2037.8900024414063,2006.8483276367188,1994.9835001627605,1972.5604510498047
2016-09-01,2032.719970703125,2032.719970703125,2016.469970703125,2022.9599609375,300500,2039.7864990234375,2006.9423278808595,1995.5117502848307,1972.7411010742187
2016-09-02,2038.31005859375,2039.1800537109375,2030.1700439453125,2033.9200439453125,342600,2041.7005004882812,2007.1779947916666,1996.0692504882813,1972.9463012695312
2016-09-05,2060.080078125,2061.0,2047.489990234375,2049.18994140625,573000,2043.8075073242187,2007.8854960123697,1996.8010009765626,1973.2799017333984
2016-09-06,2066.530029296875,2067.77001953125,2057.260009765625,2058.2099609375,462600,2045.5780090332032,2009.343328857422,1997.6056681315104,1973.7461016845702
2016-09-07,2061.8798828125,2073.889892578125,2061.8798828125,2068.81005859375,687200,2046.4830017089844,2010.8408264160157,1998.3305002848308,1974.3404010009765
2016-09-08,2063.72998046875,2070.659912109375,2053.199951171875,2064.9599609375,656700,2047.4375,2012.4224934895833,1998.9616668701171,1974.841151123047
2016-09-09,2037.8699951171875,2049.300048828125,2029.4599609375,2048.93994140625,392700,2046.8909973144532,2013.853826904297,1999.3429168701173,1975.2161010742188
2016-09-12,1991.47998046875,2011.0400390625,1991.469970703125,2003.6700439453125,422900,2043.9414978027344,2014.4884928385416,1999.35724995931,1975.228950805664
2016-09-13,1999.3599853515625,2013.030029296875,1997.5799560546875,2011.9300537109375,437400,2041.5214965820312,2014.7924926757812,1999.3784993489583,1975.2764508056641
2016-09-19,2015.780029296875,2019.449951171875,1997.0999755859375,1997.4300537109375,434400,2040.122998046875,2015.3438273111979,1999.5506663004558,1975.336851196289
2016-09-20,2025.7099609375,2026.56005859375,2010.25,2014.5,362300,2038.6349975585938,2015.8959940592447,1999.8818328857421,1975.383950805664
2016-09-21,2035.989990234375,2035.989990234375,2021.780029296875,2022.81005859375,525100,2037.6224975585938,2016.7173278808593,2000.316665649414,1975.5168005371095
2016-09-22,2049.699951171875,2060.260009765625,2048.800048828125,2050.31005859375,447600,2037.999493408203,2018.791660563151,2000.8763315836588,1975.6119000244141
2016-09-23,2054.070068359375,2057.35009765625,2048.9599609375,2053.219970703125,494100,2038.2065002441407,2020.9119954427083,2001.3693318684896,1975.737300415039
2016-09-26,2047.1099853515625,2060.7099609375,2042.699951171875,2052.760009765625,359600,2038.3739990234376,2022.7601623535156,2001.744081624349,1976.0130004882812
2016-09-27,2062.820068359375,2064.889892578125,2031.1300048828125,2037.3199462890625,664000,2039.3690002441406,2024.5344970703125,2002.3021657307943,1976.2074505615235
2016-09-28,2053.06005859375,2062.97998046875,2051.679931640625,2062.570068359375,546500,2040.1470031738281,2025.912998453776,2002.9645833333334,1976.4263006591798
2016-09-29,2068.719970703125,2072.090087890625,2063.739990234375,2063.739990234375,416200,2041.9655029296875,2027.2696655273437,2003.7125,1976.79955078125
2016-09-30,2043.6300048828125,2056.330078125,2042.77001953125,2054.25,326400,2042.1600036621094,2028.0751647949219,2004.3865834554038,1977.1457006835938
2016-10-04,2054.860107421875,2059.25,2050.4599609375,2056.93994140625,318900,2043.1705078125,2029.1586669921876,2005.0827514648438,1977.6016510009765
2016-10-05,2053.0,2056.010009765625,2036.8699951171875,2043.3699951171875,292300,2044.1845092773438,2030.8233337402344,2005.7420013427734,1978.1214508056642
2016-10-06,2065.300048828125,2070.429931640625,2055.830078125,2069.300048828125,337700,2045.5340087890625,2032.3436686197917,2006.5190846761068,1978.7067510986328
2016-10-07,2053.800048828125,2067.489990234375,2051.60009765625,2065.949951171875,422400,2045.2200073242188,2033.8553365071614,2007.214335123698,1979.2154016113282
2016-10-10,2056.820068359375,2058.72998046875,2039.989990234375,2047.18994140625,314900,2044.7345092773437,2034.9933369954426,2007.8435028076171,1979.756401977539
2016-10-11,2031.9300537109375,2060.780029296875,2030.510009765625,2053.2900390625,343200,2043.2370178222657,2035.6716715494792,2007.9768361409506,1980.2769525146484
2016-10-12,2033.72998046875,2037.02001953125,2022.3900146484375,2022.969970703125,297400,2041.7370178222657,2036.141337076823,2008.135336303711,1980.7807525634767
2016-10-13,2015.43994140625,2035.9300537109375,2014.8900146484375,2033.989990234375,440300,2040.6155151367188,2036.2525024414062,2008.1881693522134,1981.0109521484376
2016-10-14,2022.6600341796875,2028.760009765625,2021.1099853515625,2021.6600341796875,458900,2042.1745178222657,2036.3425028483073,2008.2823364257813,1981.2344525146484
2016-10-17,2027.6099853515625,2033.56005859375,2011.81005859375,2028.9300537109375,333400,2043.5870178222656,2036.4508361816406,2008.4638366699219,1981.495902709961
2016-10-18,2040.4300537109375,2040.719970703125,2026.469970703125,2027.81005859375,305900,2044.8195190429688,2036.8431701660156,2008.6165873209636,1981.7921032714844
2016-10-19,2040.93994140625,2050.510009765625,2035.9000244140625,2036.1800537109375,321900,2045.5810180664062,2037.2678365071615,2008.8286702473958,1982.034002685547
2016-10-20,2040.5999755859375,2048.25,2036.5400390625,2044.1199951171875,276000,2045.8115173339843,2037.7408365885417,2009.0457529703776,1982.240902709961
2016-10-21,2033.0,2040.4000244140625,2029.7900390625,2039.4000244140625,260400,2044.9765197753907,2038.1185038248698,2009.1571695963542,1982.4526525878907
2016-10-24,2047.739990234375,2047.739990234375,2036.77001953125,2037.18994140625,252000,2044.6600158691406,2038.708837890625,2009.4266693115235,1982.8710522460938
2016-10-25,2037.1700439453125,2042.6500244140625,2031.25,2042.2900390625,299100,2044.163018798828,2038.8726725260417,2009.7286692301432,1983.2253521728517
2016-10-26,2013.8900146484375,2030.3699951171875,2002.2900390625,2030.3699951171875,392400,2041.7165161132812,2038.6866719563802,2009.893169148763,1983.488251953125
2016-10-27,2024.1199951171875,2026.3299560546875,2015.6600341796875,2018.239990234375,298700,2040.269512939453,2038.7370056152345,2010.2762522379558,1984.0150518798828
2016-10-28,2019.4200439453125,2026.8499755859375,2015.719970703125,2021.969970703125,270500,2037.8045166015625,2038.790840657552,2010.5513356526692,1984.459501953125
2016-10-31,2008.18994140625,2016.010009765625,2005.949951171875,2011.2900390625,400700,2036.0325134277343,2038.4338399251303,2010.813668823242,1984.8733013916017
2016-11-01,2007.3900146484375,2010.510009765625,1990.449951171875,2003.4100341796875,321800,2033.6590087890625,2038.2398396809897,2011.1435017903646,1985.3886016845704
2016-11-02,1978.93994140625,1997.4599609375,1976.3399658203125,1995.4100341796875,333500,2029.956005859375,2037.9756713867187,2011.1138346354167,1985.6952014160156
2016-11-03,1983.800048828125,1988.8199462890625,1973.5799560546875,1974.9300537109375,272700,2025.881005859375,2037.7051717122397,2011.1446685791016,1986.1400018310546
2016-11-04,1982.02001953125,1985.2900390625,1976.5699462890625,1983.8699951171875,227800,2022.2920043945312,2037.1065063476562,2011.1824188232422,1986.5958020019532
2016-11-07,1997.5799560546875,2001.739990234375,1992.1400146484375,1997.5799560546875,210300,2019.3299987792968,2036.5475056966145,2011.4373352050782,1987.0023016357422
2016-11-08,2003.3800048828125,2010.1700439453125,1994.3299560546875,2009.56005859375,239600,2017.9024963378906,2035.8741719563802,2011.7329182942708,1987.5191516113282
2016-11-09,1958.3800048828125,2015.22998046875,1931.0699462890625,2008.0799560546875,709000,2014.1349975585938,2034.436505126953,2011.652251180013,1987.9167016601561
2016-11-10,2002.5999755859375,2002.5999755859375,1983.260009765625,1989.8499755859375,433900,2013.4929992675782,2033.66650390625,2012.0345011393229,1988.5374517822265
2016-11-11,1984.4300537109375,1994.050048828125,1982.1500244140625,1988.8699951171875,386900,2011.5815002441407,2032.5658386230468,2012.3482513427734,1989.011401977539
2016-11-14,1974.4000244140625,1988.6500244140625,1974.27001953125,1982.9300537109375,352100,2008.9210021972656,2031.343172200521,2012.5710011800131,1989.65615234375
2016-11-15,1967.530029296875,1978.93994140625,1967.2099609375,1977.3299560546875,375700,2005.2760009765625,2030.0728393554687,2012.673334757487,1990.29115234375
2016-11-16,1979.6500244140625,1985.6700439453125,1976.6300048828125,1980.8199462890625,306500,2002.2115051269532,2028.8091735839844,2013.0230845133462,1990.7922521972657
2016-11-17,1980.550048828125,1983.8699951171875,1968.800048828125,1976.2099609375,272200,1999.2090087890624,2027.547674560547,2013.1900848388673,1991.2278521728515
2016-11-18,1974.5799560546875,1983.260009765625,1968.1300048828125,1983.0699462890625,307000,1996.2880065917968,2026.4213399251303,2013.336083984375,1991.7423022460937
2016-11-21,1966.050048828125,1976.22998046875,1962.4200439453125,1971.030029296875,223500,1992.2035095214844,2025.0233418782552,2013.3100840250652,1992.0832025146485
2016-11-22,1983.469970703125,1986.8199462890625,1974.050048828125,1976.0699462890625,231400,1989.518505859375,2024.0185078938803,2013.446250406901,1992.4658526611329
2016-11-23,1987.949951171875,1996.6500244140625,1981.219970703125,1987.6400146484375,308200,1988.221502685547,2023.1023396809896,2013.484166463216,1992.8453021240234
2016-11-24,1971.260009765625,1988.9599609375,1968.5,1985.1099853515625,235400,1985.5785034179687,2021.99833984375,2013.388666788737,1993.0775024414063
2016-11-25,1974.4599609375,1978.449951171875,1969.0899658203125,1972.5999755859375,201900,1983.330499267578,2021.033506266276,2013.2999165852864,1993.416802368164
2016-11-28,1978.1300048828125,1983.4300537109375,1966.780029296875,1976.5799560546875,213600,1981.8275024414063,2020.0066731770833,2013.2356669108074,1993.8541021728515
2016-11-29,1978.3900146484375,1982.530029296875,1972.31005859375,1977.0999755859375,214600,1980.3775024414062,2019.0690063476563,2012.9586669921875,1994.1647521972657
2016-11-30,1983.47998046875,1988.43994140625,1977.0899658203125,1980.3800048828125,233100,1980.6045043945312,2018.24833984375,2012.5953338623046,1994.493201904297
2016-12-01,1983.75,1989.0799560546875,1979.6700439453125,1987.47998046875,217900,1980.602001953125,2017.339005533854,2012.2585001627604,1995.1042517089843
2016-12-02,1970.6099853515625,1981.6400146484375,1966.4200439453125,1980.1400146484375,243200,1980.0315002441407,2015.8478373209634,2011.8666666666666,1995.7809014892578
2016-12-05,1963.3599853515625,1971.239990234375,1960.6500244140625,1965.7099609375,237200,1978.3205017089845,2014.1283365885417,2011.7358327229817,1996.2867016601563
2016-12-06,1989.8599853515625,1993.469970703125,1976.510009765625,1976.510009765625,214600,1977.6445007324219,2012.9280049641927,2011.884415690104,1996.7945013427734
2016-12-07,1991.8900146484375,1997.6199951171875,1987.260009765625,1995.68994140625,204400,1979.320001220703,2011.7306722005208,2012.0765828450521,1997.3342517089843
2016-12-08,2031.0699462890625,2031.0699462890625,2007.5699462890625,2008.31005859375,239400,1980.7434997558594,2011.6173380533853,2012.7355824788413,1997.9454016113282
2016-12-09,2024.68994140625,2026.8299560546875,2019.7900390625,2024.52001953125,225700,1982.756494140625,2012.1708374023438,2013.3296651204428,1998.4876513671875
2016-12-12,2027.239990234375,2031.949951171875,2020.969970703125,2031.949951171875,289800,1985.3984924316405,2012.6355041503907,2013.7139984130858,1999.0420513916015
2016-12-13,2035.97998046875,2035.989990234375,2023.6099853515625,2026.3900146484375,383400,1988.8209899902345,2012.9721700032553,2014.1579986572265,1999.6508514404297
2016-12-14,2036.8699951171875,2044.4200439453125,2031.1800537109375,2043.0699462890625,384000,1991.6819885253906,2013.1581705729166,2014.5270823160806,2000.2725512695313
2016-12-15,2036.6500244140625,2040.6199951171875,2021.760009765625,2022.1400146484375,300200,1994.4869873046875,2013.169171142578,2014.9432495117187,2000.8629516601563
2016-12-16,2042.239990234375,2043.5999755859375,2033.22998046875,2037.3499755859375,289700,1997.8699890136718,2013.0448384602864,2015.9182495117188,2001.4733514404297
2016-12-19,2038.3900146484375,2046.030029296875,2037.0400390625,2039.4000244140625,249900,2001.4869873046875,2012.7835042317708,2016.8477498372397,2002.0820013427735
2016-12-20,2041.93994140625,2047.3800048828125,2040.81005859375,2044.8699951171875,314200,2004.4104858398437,2012.6973368326824,2017.7287495930989,2002.554600830078
2016-12-21,2037.9599609375,2053.4599609375,2037.9599609375,2049.469970703125,284600,2006.910986328125,2012.2830017089843,2018.4087493896484,2002.953550415039
2016-12-22,2035.72998046875,2042.9000244140625,2033.989990234375,2041.6099853515625,275100,2010.1344848632812,2011.9941670735677,2018.9535827636719,2003.3540502929689
2016-12-23,2035.9000244140625,2037.7099609375,2031.5400390625,2036.1700439453125,310900,2013.2064880371095,2011.44716796875,2019.358416748047,2003.7442004394532
2016-12-26,2037.75,2039.760009765625,2034.800048828125,2038.3299560546875,366600,2016.1874877929688,2011.3491678873697,2019.7121663411458,2004.202350463867
2016-12-27,2042.1700439453125,2044.4300537109375,2037.1199951171875,2040.739990234375,384000,2019.3764892578124,2011.1376668294272,2020.1481669108073,2004.6484509277343
2016-12-28,2024.489990234375,2029.68994140625,2020.8599853515625,2021.8599853515625,356600,2021.4269897460938,2010.6625,2020.7429168701171,2004.9242510986328
2016-12-29,2026.4599609375,2026.5699462890625,2016.25,2020.4200439453125,264500,2023.5624877929688,2010.0151652018228,2021.1794169108073,2005.199500732422
2017-01-02,2026.1600341796875,2031.7900390625,2015.6800537109375,2022.22998046875,229900,2026.339990234375,2009.5544982910155,2021.7049173990886,2005.468950805664
2017-01-03,2043.969970703125,2044.0699462890625,2028.469970703125,2034.31005859375,268100,2030.3704895019532,2009.3403299967447,2022.1668334960937,2005.8389508056641
2017-01-04,2045.6400146484375,2046.2900390625,2040.6099853515625,2046.2900390625,371500,2033.159490966797,2009.568829345703,2022.6202504475912,2006.192650756836
2017-01-05,2041.949951171875,2046.5,2039.489990234375,2045.52001953125,541300,2035.6624877929687,2009.705828857422,2022.9235829671225,2006.4624505615234
2017-01-06,2049.1201171875,2051.840087890625,2045.6600341796875,2048.110107421875,455400,2036.5649963378905,2010.2671651204428,2023.2598337809245,2006.747451171875
2017-01-09,2048.780029296875,2053.179931640625,2046.469970703125,2053.179931640625,398300,2037.7695007324219,2010.702498372396,2023.5225006103515,2007.0425512695313
2017-01-10,2045.1199951171875,2046.780029296875,2039.5,2043.300048828125,512700,2038.6635009765625,2010.9943318684896,2023.722584025065,2007.2841009521485
2017-01-11,2075.169921875,2079.699951171875,2047.56005859375,2048.080078125,335500,2040.622998046875,2011.573329671224,2024.2082499186197,2007.6843505859374
2017-01-12,2087.139892578125,2087.139892578125,2073.889892578125,2077.68994140625,555800,2043.136492919922,2012.343328857422,2024.8055826822917,2008.1902001953124
2017-01-13,2076.7900390625,2080.93994140625,2073.43994140625,2077.1201171875,518300,2045.1434936523438,2012.9464965820312,2025.3436665852864,2008.6551000976563
2017-01-16,2064.169921875,2080.050048828125,2058.929931640625,2077.030029296875,683900,2046.239990234375,2013.465995279948,2025.7922495524087,2009.0632495117188
2017-01-17,2071.8701171875,2078.800048828125,2065.530029296875,2067.52001953125,601400,2047.913995361328,2013.8681640625,2026.2885009765625,2009.448049926758
2017-01-18,2070.5400390625,2075.22998046875,2058.35009765625,2073.77001953125,530100,2049.3440002441407,2014.4243306477865,2026.648501586914,2009.790050048828
2017-01-19,2072.7900390625,2091.02001953125,2065.030029296875,2085.610107421875,415700,2051.0855041503905,2015.4059977213542,2027.046334838867,2010.174750366211
2017-01-20,2065.610107421875,2072.320068359375,2064.0,2065.5400390625,392600,2052.579510498047,2016.097499593099,2027.4172526041666,2010.634951171875
2017-01-23,2065.989990234375,2073.800048828125,2058.909912109375,2067.6201171875,444900,2054.0840087890624,2016.8736653645833,2027.8322530110677,2011.0700512695312
2017-01-24,2065.760009765625,2072.659912109375,2058.590087890625,2070.219970703125,312400,2055.484509277344,2017.8331665039063,2028.1335032145182,2011.5851513671876
2017-01-25,2066.93994140625,2077.719970703125,2062.9599609375,2075.330078125,310200,2056.723004150391,2018.825665283203,2028.5327524820964,2012.0632513427734
2017-01-26,2083.590087890625,2088.60009765625,2068.5,2074.77001953125,257900,2059.678009033203,2020.5698343912761,2029.2727528889975,2012.6117517089845
2017-01-31,2067.570068359375,2079.969970703125,2067.570068359375,2077.659912109375,288300,2061.733514404297,2021.9660013834634,2029.8355865478516,2013.0893518066407
2017-02-01,2080.47998046875,2082.699951171875,2073.969970703125,2075.31005859375,452500,2064.44951171875,2023.607000732422,2030.356753540039,2013.6399017333983
2017-02-02,2071.010009765625,2092.449951171875,2067.760009765625,2080.22998046875,825500,2065.801513671875,2024.8308349609374,2030.689170328776,2014.0883520507812
2017-02-03,2073.159912109375,2079.85009765625,2064.050048828125,2075.89990234375,392600,2067.1775085449217,2025.9938334147134,2030.9340026855468,2014.3745013427733
2017-02-06,2077.659912109375,2088.3701171875,2073.030029296875,2085.72998046875,315300,2068.963006591797,2027.9818318684895,2031.2091684977213,2014.689251098633
2017-02-07,2075.2099609375,2079.22998046875,2071.050048828125,2077.800048828125,271800,2070.267498779297,2029.1919982910156,2031.429251098633,2015.0198010253907
2017-02-08,2065.080078125,2072.580078125,2052.2900390625,2072.580078125,266700,2071.0825012207033,2030.5361653645834,2031.5510019938151,2015.288401489258
2017-02-09,2065.8798828125,2072.68994140625,2062.1201171875,2067.14990234375,236000,2072.120495605469,2032.060829671224,2031.7020009358723,2015.588651123047
2017-02-10,2075.080078125,2080.739990234375,2072.22998046875,2075.800048828125,314700,2072.116003417969,2033.853330485026,2031.9630849202474,2015.8535516357422
2017-02-13,2078.64990234375,2078.659912109375,2070.360107421875,2074.93994140625,289700,2071.69150390625,2035.503328450521,2032.1562510172525,2016.169351196289
2017-02-14,2074.570068359375,2081.590087890625,2068.159912109375,2079.300048828125,332400,2071.5805053710938,2037.0703287760416,2032.3090016682943,2016.4694512939452
2017-02-15,2083.860107421875,2087.68994140625,2069.889892578125,2073.60009765625,338000,2072.5650146484377,2038.8916646321616,2032.6565022786458,2016.7906018066406
2017-02-16,2081.840087890625,2092.590087890625,2078.35009765625,2088.090087890625,330500,2073.063513183594,2040.8214986165365,2032.9224202473958,2017.1228021240233
2017-02-17,2080.580078125,2081.179931640625,2072.570068359375,2072.570068359375,301500,2073.5655151367187,2042.440000406901,2033.2292541503907,2017.5210522460939
2017-02-20,2084.389892578125,2085.590087890625,2077.1298828125,2084.159912109375,297200,2074.1455078125,2044.0473327636719,2033.5748362223308,2017.9722515869141
2017-02-21,2102.929931640625,2108.47998046875,2085.0,2085.969970703125,292500,2076.0114990234374,2046.2418314615886,2034.1200856526693,2018.5961511230469
2017-02-22,2106.610107421875,2108.97998046875,2101.56005859375,2106.419921875,312200,2078.0425048828124,2048.444333902995,2034.7389200846353,2019.1971514892577
2017-02-23,2107.6298828125,2108.989990234375,2103.110107421875,2106.14990234375,430900,2080.1359985351564,2050.602665201823,2035.304669189453,2019.8517510986328
2017-02-24,2094.1201171875,2107.830078125,2090.050048828125,2106.429931640625,385400,2081.495007324219,2052.5315002441407,2035.8002532958985,2020.4833013916016
2017-02-27,2085.52001953125,2097.239990234375,2084.080078125,2095.469970703125,343700,2081.59150390625,2054.232167561849,2036.2402537027995,2020.9984014892577
2017-02-28,2091.639892578125,2094.409912109375,2084.360107421875,2087.260009765625,399800,2082.7949951171877,2056.030332438151,2036.6846689860026,2021.5561010742188
2017-03-02,2102.64990234375,2112.580078125,2096.31005859375,2105.18994140625,434700,2083.9034912109373,2058.230997721354,2037.0394175211588,2022.1819006347657
2017-03-03,2078.75,2091.590087890625,2072.090087890625,2090.919921875,425900,2084.290490722656,2060.1541646321616,2037.1412506103516,2022.7407006835938
2017-03-06,2081.360107421875,2083.800048828125,2067.679931640625,2073.199951171875,431400,2084.7005004882812,2061.679166666667,2037.3035858154296,2023.3079510498046
2017-03-07,2094.050048828125,2096.7900390625,2079.159912109375,2080.77001953125,277800,2085.5200073242186,2063.381833902995,2037.5562530517577,2023.9379010009766
2017-03-08,2095.409912109375,2101.56005859375,2088.18994140625,2092.27001953125,381400,2086.5300048828126,2064.454166666667,2038.035752360026,2024.6313006591797
2017-03-09,2091.06005859375,2100.080078125,2090.72998046875,2098.2900390625,408200,2087.82900390625,2065.560335286458,2038.865586344401,2025.352700805664
2017-03-10,2097.35009765625,2102.050048828125,2082.31005859375,2088.669921875,500900,2089.4025146484373,2066.728837076823,2039.6821706136068,2026.1011010742188
2017-03-13,2117.590087890625,2122.8798828125,2100.909912109375,2102.3701171875,382100,2091.5280151367188,2068.089005533854,2040.5305877685546,2026.9128015136719
2017-03-14,2133.780029296875,2135.5,2124.419921875,2127.1201171875,365100,2094.284521484375,2069.704172770182,2041.4311716715495,2027.8933013916017
2017-03-15,2133.0,2135.3798828125,2127.260009765625,2128.419921875,374700,2097.206018066406,2071.3100056966146,2042.2395884195964,2028.7557513427735
2017-03-16,2150.080078125,2156.85009765625,2143.010009765625,2154.97998046875,402400,2100.5170166015623,2073.1073404947915,2043.076089477539,2029.7208514404297
2017-03-17,2164.580078125,2164.590087890625,2148.860107421875,2150.469970703125,302800,2104.654016113281,2075.210508219401,2043.997006225586,2030.6979016113282
2017-03-20,2157.010009765625,2160.570068359375,2151.510009765625,2160.320068359375,264900,2108.4755126953123,2077.1283426920572,2044.9128397623697,2031.6473016357422
2017-03-21,2178.3798828125,2181.989990234375,2160.25,2162.949951171875,303900,2113.175012207031,2079.4686747233072,2045.875838216146,2032.6222009277344
2017-03-22,2168.300048828125,2170.0,2158.9599609375,2159.969970703125,394400,2116.4435180664063,2081.6781758626303,2046.8361714680989,2033.5501013183593
2017-03-23,2172.719970703125,2182.419921875,2170.56005859375,2174.090087890625,358600,2119.7490112304686,2083.9585083007814,2047.7028381347657,2034.4881512451173
2017-03-24,2168.949951171875,2179.340087890625,2163.340087890625,2171.360107421875,358700,2122.8150146484377,2086.1451741536457,2048.7471710205077,2035.403701171875
2017-03-27,2155.659912109375,2165.25,2153.139892578125,2161.169921875,395900,2125.8920043945313,2088.0366719563804,2049.5871693929034,2036.123850708008
2017-03-28,2163.31005859375,2169.139892578125,2157.7099609375,2166.580078125,394000,2129.7815063476564,2090.35033976237,2050.5064198811847,2036.8050012207032
2017-03-29,2166.97998046875,2172.31005859375,2162.0400390625,2172.31005859375,626800,2133.5485107421873,2092.6923400878904,2051.3537526448567,2037.5190509033202
2017-03-30,2164.639892578125,2174.159912109375,2159.159912109375,2170.179931640625,643600,2136.6480102539062,2095.0003377278645,2052.27741800944,2038.2541003417969
2017-03-31,2160.22998046875,2166.929931640625,2159.800048828125,2166.6201171875,441600,2140.7220092773437,2096.9380045572916,2053.1391672770183,2039.159949951172
2017-04-03,2167.510009765625,2171.330078125,2161.260009765625,2166.0400390625,398500,2145.029504394531,2098.969171142578,2054.2690002441404,2040.1373498535156
2017-04-04,2161.10009765625,2166.93994140625,2156.889892578125,2165.22998046875,522100,2148.3820068359373,2100.955006917318,2055.33041788737,2041.0987005615234
2017-04-05,2160.85009765625,2164.85009765625,2146.97998046875,2161.89990234375,571700,2151.654016113281,2102.8171732584638,2056.542169189453,2042.1430010986328
2017-04-06,2152.75,2153.830078125,2143.300048828125,2152.639892578125,510200,2154.7385131835936,2104.5500061035154,2057.6262522379557,2043.1397509765625
2017-04-07,2151.72998046875,2155.699951171875,2142.510009765625,2154.8701171875,408500,2157.4575073242186,2106.326839192708,2058.660585530599,2043.9928009033204
2017-04-10,2133.320068359375,2148.830078125,2128.35009765625,2148.830078125,512900,2158.244006347656,2107.296008300781,2059.4346689860026,2044.745901489258
2017-04-11,2123.85009765625,2136.550048828125,2117.820068359375,2129.22998046875,489300,2157.747509765625,2107.9078450520833,2060.1255869547526,2045.4022521972656
2017-04-12,2128.909912109375,2129.820068359375,2122.93994140625,2128.169921875,427400,2157.543005371094,2108.7765096028647,2060.861503092448,2046.113251953125
2017-04-13,2148.610107421875,2148.610107421875,2125.8701171875,2130.639892578125,357600,2157.4695068359374,2110.183846028646,2061.824920654297,2047.2301025390625
2017-04-14,2134.8798828125,2141.610107421875,2127.800048828125,2138.280029296875,383700,2155.9844970703125,2111.2340087890625,2062.5510864257812,2048.2702520751955
2017-04-17,2145.760009765625,2150.699951171875,2138.699951171875,2140.8701171875,259300,2155.4219970703125,2112.487674967448,2063.456002807617,2049.3179522705077
2017-04-18,2148.4599609375,2155.360107421875,2139.31005859375,2155.360107421875,291400,2153.9260009765626,2113.7488403320312,2064.5774190266925,2050.2784521484373
2017-04-19,2138.39990234375,2148.030029296875,2133.820068359375,2144.97998046875,344200,2152.4309936523437,2114.9620035807293,2065.5297515869142,2051.1187017822267
2017-04-20,2149.14990234375,2150.429931640625,2134.050048828125,2138.18994140625,268300,2151.252490234375,2116.3480021158853,2066.6108337402343,2051.9278515625
2017-04-21,2165.0400390625,2169.4599609375,2156.639892578125,2161.239990234375,281500,2151.056994628906,2118.0026692708334,2067.9179178873696,2052.776551513672
2017-04-24,2173.739990234375,2177.889892578125,2166.830078125,2175.5,374700,2151.9609985351562,2119.7826700846354,2069.3041676839193,2053.696001586914
2017-04-25,2196.85009765625,2196.85009765625,2174.110107421875,2175.699951171875,275900,2153.6380004882812,2121.6703369140623,2071.1200856526693,2054.914652099609
2017-04-26,2207.840087890625,2210.610107421875,2200.72998046875,2202.3701171875,397500,2155.681005859375,2124.0081705729167,2072.98708597819,2056.083452758789
2017-04-27,2209.4599609375,2211.590087890625,2199.760009765625,2201.719970703125,386100,2157.922009277344,2126.1578369140625,2074.882418823242,2057.315252685547
2017-04-28,2205.43994140625,2217.0400390625,2202.199951171875,2214.360107421875,268600,2160.182507324219,2128.3983357747397,2076.6145853678386,2058.3997521972656
2017-05-02,2219.669921875,2229.739990234375,2212.8701171875,2213.610107421875,295100,2162.7905029296876,2130.8401692708335,2078.4170013427733,2059.541951904297
2017-05-04,2241.239990234375,2241.239990234375,2224.909912109375,2224.909912109375,261900,2166.797497558594,2133.56650390625,2080.77416788737,2060.7204016113283
2017-05-08,2292.760009765625,2292.760009765625,2244.22998046875,2245.610107421875,281800,2173.3929931640623,2137.1923380533854,2083.1921681722006,2062.1403515625
2017-05-10,2270.1201171875,2323.219970703125,2264.31005859375,2294.10009765625,422900,2179.2614990234374,2140.6096720377604,2085.572918701172,2063.4046520996094
2017-05-11,2296.3701171875,2297.669921875,2271.659912109375,2278.469970703125,463500,2186.493505859375,2144.4511759440106,2088.2560028076173,2064.780952758789
2017-05-12,2286.02001953125,2296.510009765625,2283.3798828125,2296.06005859375,335300,2194.1285034179687,2147.9668416341146,2090.9100860595704,2066.126602783203
2017-05-15,2290.64990234375,2297.31005859375,2280.60009765625,2288.22998046875,251600,2202.4684936523436,2151.500174967448,2093.5017517089846,2067.5025524902344
2017-05-16,2295.330078125,2309.0,2283.840087890625,2306.72998046875,368100,2210.789501953125,2155.179508463542,2096.1249186197915,2068.918103027344
2017-05-17,2293.080078125,2295.8701171875,2283.010009765625,2291.56005859375,394800,2218.0130004882812,2158.6665079752606,2098.7790863037108,2070.3318035888674
2017-05-18,2286.820068359375,2288.85009765625,2267.080078125,2271.27001953125,378300,2225.610009765625,2162.082840983073,2101.452169799805,2071.7043041992188
2017-05-19,2288.47998046875,2293.820068359375,2282.1298828125,2286.780029296875,421100,2232.7460083007813,2165.5478393554686,2103.993919881185,2073.0100042724607
2017-05-22,2304.030029296875,2305.2099609375,2292.949951171875,2300.679931640625,340100,2240.52451171875,2169.2085083007814,2106.6279205322267,2074.404904174805
2017-05-23,2311.739990234375,2326.570068359375,2303.14990234375,2308.68994140625,341100,2249.191516113281,2172.6886759440104,2109.4652537027996,2075.858104248047
2017-05-24,2317.340087890625,2322.5400390625,2312.929931640625,2319.3701171875,409600,2257.601025390625,2176.2008422851563,2112.3225880940754,2077.3638549804687
2017-05-25,2342.929931640625,2343.719970703125,2321.260009765625,2325.489990234375,369300,2266.4955200195313,2180.122509765625,2115.362587483724,2078.930454711914
2017-05-26,2355.300048828125,2364.800048828125,2341.610107421875,2344.389892578125,312900,2275.573522949219,2184.475508626302,2118.503504435221,2080.6118048095705
2017-05-29,2352.969970703125,2371.669921875,2344.25,2362.590087890625,316200,2283.3795166015625,2188.9330078125,2121.5825876871745,2082.402704467773
2017-05-30,2343.679931640625,2358.68994140625,2332.159912109375,2356.5400390625,508800,2290.1715087890625,2193.1336751302083,2124.5820037841795,2084.1209539794922
2017-05-31,2347.3798828125,2355.22998046875,2338.25,2339.25,555900,2297.0675048828125,2197.212508138021,2127.7217529296877,2085.7681536865234
2017-06-01,2344.610107421875,2351.31005859375,2335.6298828125,2348.31005859375,336700,2304.026013183594,2201.6435099283854,2130.8988372802733,2087.335604248047
2017-06-02,2371.719970703125,2372.64990234375,2353.449951171875,2353.77001953125,399500,2311.628515625,2206.482840983073,2134.0810038248696,2088.9753039550783
2017-06-05,2368.6201171875,2376.830078125,2363.610107421875,2376.659912109375,326400,2317.997521972656,2211.0590087890623,2137.2204213460286,2090.5952044677733
2017-06-07,2360.139892578125,2369.429931640625,2356.7099609375,2364.9599609375,376200,2321.3665161132812,2215.4711751302084,2139.9626708984374,2092.1519036865234
2017-06-08,2363.570068359375,2365.52001953125,2347.6201171875,2361.639892578125,417100,2326.039013671875,2220.013008626302,2142.7866719563804,2093.717404174805
2017-06-09,2381.68994140625,2385.14990234375,2367.81005859375,2371.219970703125,520600,2330.3050048828127,2224.7520060221354,2145.7404215494794,2095.387053833008
2017-06-12,2357.8701171875,2374.699951171875,2353.35009765625,2370.68994140625,327200,2333.897509765625,2228.7566731770835,2148.4228393554686,2096.9576544189454
2017-06-13,2374.699951171875,2375.81005859375,2358.919921875,2358.919921875,322100,2338.1000122070313,2232.772005208333,2151.238088989258,2098.553804321289
2017-06-14,2372.639892578125,2387.2900390625,2366.919921875,2384.5400390625,393000,2341.9655029296873,2236.766003417969,2154.0380045572915,2100.1358038330077
2017-06-15,2361.64990234375,2378.0400390625,2350.3701171875,2373.360107421875,334900,2345.393994140625,2240.292167154948,2156.6997538248697,2101.733253173828
2017-06-16,2361.830078125,2365.3701171875,2355.2900390625,2364.199951171875,329200,2349.144494628906,2243.579667154948,2159.3950876871745,2103.29275390625
2017-06-19,2370.89990234375,2377.199951171875,2356.840087890625,2364.02001953125,290900,2353.265490722656,2247.144498697917,2162.136420694987,2104.9284533691407
2017-06-20,2369.22998046875,2382.5400390625,2365.449951171875,2382.5400390625,360700,2356.52548828125,2250.325333658854,2164.8970041910807,2106.560003051758
2017-06-21,2357.530029296875,2359.969970703125,2346.18994140625,2358.22998046875,360300,2358.814990234375,2253.4791666666665,2167.5786712646486,2108.1601531982424
2017-06-22,2370.3701171875,2370.389892578125,2354.10009765625,2364.219970703125,299200,2361.4664916992188,2256.7733357747397,2170.3659220377604,2109.85025390625
2017-06-23,2378.60009765625,2380.93994140625,2369.169921875,2371.5400390625,256300,2363.25,2260.2675048828123,2173.206339518229,2111.544554443359
2017-06-26,2388.659912109375,2390.699951171875,2377.8798828125,2381.090087890625,325700,2364.9179931640624,2264.150838216146,2176.093755086263,2113.314603881836
2017-06-27,2391.949951171875,2397.139892578125,2383.469970703125,2386.760009765625,358000,2366.8669921875,2267.961503092448,2179.155921427409,2115.11075378418
2017-06-28,2382.56005859375,2390.889892578125,2380.75,2382.909912109375,361200,2368.810998535156,2271.5545043945312,2182.123422241211,2116.8320037841795
2017-06-29,2395.659912109375,2402.800048828125,2393.570068359375,2396.81005859375,445100,2371.225,2275.4048380533854,2185.202587890625,2118.5099029541016
2017-06-30,2391.7900390625,2391.81005859375,2381.39990234375,2382.14990234375,343500,2373.5839965820314,2279.2641723632814,2188.1010884602865,2120.1362030029295
2017-07-03,2394.47998046875,2399.89990234375,2384.550048828125,2397.659912109375,311000,2374.7219970703127,2283.0470052083333,2191.0080881754557,2121.799203491211
2017-07-04,2380.52001953125,2398.02001953125,2376.409912109375,2395.239990234375,411800,2375.3169921875,2286.70400390625,2193.829505411784,2123.3831536865237
2017-07-05,2388.35009765625,2390.2900390625,2375.6298828125,2377.010009765625,333700,2376.727502441406,2290.495670572917,2196.6564219156903,2125.135554199219
2017-07-06,2387.81005859375,2392.5,2380.820068359375,2390.31005859375,301500,2377.939501953125,2294.413338216146,2199.481672159831,2127.117204589844
2017-07-07,2379.8701171875,2385.02001953125,2372.830078125,2376.2900390625,314400,2377.8485107421875,2298.215673828125,2202.2712565104166,2129.0197552490235
2017-07-10,2382.10009765625,2389.8701171875,2378.0400390625,2386.300048828125,296300,2379.060009765625,2302.3620076497396,2204.8290079752605,2130.8513555908203
2017-07-11,2396.0,2396.4599609375,2382.68994140625,2386.419921875,284500,2380.1250122070314,2306.897839355469,2207.402842203776,2132.702805786133
2017-07-12,2391.77001953125,2399.280029296875,2390.449951171875,2395.409912109375,268900,2381.0815185546876,2311.278841145833,2210.0276753743487,2134.4817059326174
2017-07-13,2409.489990234375,2422.260009765625,2402.919921875,2405.760009765625,289300,2383.473522949219,2315.6268391927083,2212.905342610677,2136.28065612793
2017-07-14,2414.6298828125,2421.47998046875,2411.340087890625,2418.27001953125,258800,2386.1135131835936,2320.289339192708,2215.7616739908854,2138.083455200195
2017-07-17,2425.10009765625,2430.340087890625,2419.909912109375,2427.760009765625,254200,2388.823522949219,2324.9450073242188,2218.716341145833,2139.973405761719
2017-07-18,2426.0400390625,2426.159912109375,2419.169921875,2425.070068359375,260700,2391.664025878906,2329.5713419596354,2221.660091145833,2141.7895056152342
2017-07-19,2429.93994140625,2430.090087890625,2419.639892578125,2430.090087890625,271000,2395.284521484375,2334.430342610677,2224.696173095703,2143.6739050292967
2017-07-20,2441.840087890625,2443.68994140625,2427.949951171875,2436.06005859375,251900,2398.858020019531,2339.3085123697915,2227.8282572428384,2145.5395056152342
2017-07-21,2450.06005859375,2451.590087890625,2437.840087890625,2438.780029296875,250100,2402.431018066406,2344.058846028646,2231.0307576497394,2147.571655883789
2017-07-24,2451.530029296875,2451.530029296875,2443.64990234375,2451.409912109375,233400,2405.5745239257812,2348.688680013021,2234.235675048828,2149.555005493164
2017-07-25,2439.89990234375,2453.169921875,2437.139892578125,2450.760009765625,275200,2407.972021484375,2352.739510091146,2237.2049235026043,2151.4895050048826
2017-07-26,2434.510009765625,2446.9599609375,2429.6201171875,2446.820068359375,336100,2410.5695190429688,2356.517342122396,2240.2627563476562,2153.33555480957
2017-07-27,2443.239990234375,2448.239990234375,2435.489990234375,2443.280029296875,426500,2412.948522949219,2360.4136759440103,2243.2857564290366,2155.2827545166015
2017-07-28,2400.989990234375,2434.3798828125,2399.06005859375,2433.4599609375,318700,2413.4085205078127,2363.672843424479,2246.0355895996095,2157.0036041259764
2017-07-31,2402.7099609375,2403.89990234375,2388.389892578125,2392.02001953125,277600,2413.82001953125,2366.7235107421875,2248.7818400065103,2158.8575036621096
2017-08-01,2422.9599609375,2432.6201171875,2394.27001953125,2397.1201171875,264000,2415.9420166015625,2369.7521769205728,2251.6593404134114,2160.8036535644533
2017-08-02,2427.6298828125,2434.469970703125,2424.179931640625,2431.93994140625,261600,2417.906005859375,2372.000008138021,2254.5961730957033,2162.864603271484
2017-08-03,2386.85009765625,2423.550048828125,2374.110107421875,2423.2099609375,303600,2417.8580078125,2373.9455078125,2257.27758992513,2164.685553588867
2017-08-04,2395.449951171875,2400.330078125,2383.449951171875,2389.739990234375,273600,2418.636999511719,2375.5968383789063,2260.0240071614585,2166.524753417969
2017-08-07,2398.75,2412.1298828125,2395.739990234375,2402.570068359375,244100,2419.4694946289064,2377.4756713867187,2262.721256510417,2168.316353149414
2017-08-08,2394.72998046875,2410.219970703125,2383.93994140625,2404.679931640625,252900,2419.4059936523436,2379.210339355469,2265.355257161458,2170.0853033447265
2017-08-09,2368.389892578125,2387.530029296875,2366.330078125,2379.699951171875,234100,2418.2369873046873,2380.4280029296874,2267.8037556966146,2171.7242529296873
2017-08-10,2359.469970703125,2371.5,2339.06005859375,2360.949951171875,283900,2415.735986328125,2381.534501139323,2270.1005045572915,2173.356602783203
2017-08-11,2319.7099609375,2335.1201171875,2310.199951171875,2323.06005859375,318600,2410.989990234375,2382.082666015625,2272.082753499349,2174.7164526367187
2017-08-14,2334.219970703125,2341.780029296875,2327.800048828125,2336.02001953125,214000,2406.4459838867188,2382.844999186198,2274.1964192708333,2176.2017022705077
2017-08-16,2348.260009765625,2358.4599609375,2343.719970703125,2355.739990234375,270500,2402.556982421875,2383.582165527344,2276.3953369140627,2177.873552246094
2017-08-17,2361.669921875,2364.5,2346.739990234375,2351.610107421875,255800,2399.1434814453123,2384.4143310546874,2278.551503499349,2179.5613018798826
2017-08-18,2358.3701171875,2362.429931640625,2340.18994140625,2340.18994140625,201500,2394.9699829101564,2385.0981648763022,2280.6495035807293,2181.2560522460935
2017-08-21,2355.0,2363.3798828125,2351.9599609375,2363.3798828125,207200,2390.2169799804688,2385.2993326822916,2282.7109212239584,2182.9901025390627
2017-08-22,2365.330078125,2369.02001953125,2359.969970703125,2360.2900390625,251900,2385.906982421875,2385.4664998372396,2284.9710042317706,2184.7798028564453
2017-08-23,2366.39990234375,2379.590087890625,2360.7099609375,2376.530029296875,228600,2382.231982421875,2385.69033203125,2287.311669921875,2186.7171026611327
2017-08-24,2375.840087890625,2382.719970703125,2368.2900390625,2370.1201171875,295500,2379.298486328125,2386.2263346354166,2289.6800048828127,2188.6773028564453
2017-08-25,2378.510009765625,2384.590087890625,2372.669921875,2381.469970703125,342000,2376.0619873046876,2386.7451700846354,2291.978839111328,2190.659752807617
2017-08-28,2370.300048828125,2383.4599609375,2366.22998046875,2376.3798828125,226900,2374.527490234375,2387.1733357747394,2294.4084228515626,2192.523353271484
2017-08-29,2364.739990234375,2364.739990234375,2332.85009765625,2356.199951171875,223100,2372.6289916992187,2387.057002766927,2296.769921875,2194.330153198242
2017-08-30,2372.2900390625,2372.2900390625,2363.429931640625,2368.1298828125,305600,2370.095495605469,2387.1181681315106,2299.0885884602862,2196.3997033691408
2017-08-31,2363.18994140625,2377.02001953125,2355.2900390625,2373.9599609375,265100,2366.873498535156,2387.1690022786456,2301.3200887044272,2198.2026531982424
2017-09-01,2357.68994140625,2370.25,2351.3701171875,2367.449951171875,280100,2365.415490722656,2387.0710001627604,2303.5420043945314,2200.0689526367187
2017-09-04,2329.64990234375,2344.820068359375,2316.889892578125,2316.889892578125,248500,2362.12548828125,2386.2036661783854,2305.4778361002604,2201.845202026367
2017-09-05,2326.6201171875,2340.6201171875,2319.93994140625,2340.6201171875,320400,2358.518994140625,2385.682832845052,2307.2197530110675,2203.6406524658205
2017-09-06,2319.820068359375,2325.56005859375,2314.31005859375,2324.840087890625,252700,2354.7734985351562,2384.7681681315103,2308.770086669922,2205.341502685547
2017-09-07,2346.18994140625,2349.7900390625,2328.919921875,2328.93994140625,277000,2353.6635009765623,2384.3273356119794,2310.546669514974,2207.1697021484374
2017-09-08,2343.719970703125,2351.72998046875,2340.6298828125,2350.18994140625,214600,2352.8760009765624,2384.0285034179688,2312.160335286458,2209.01540222168
2017-09-11,2359.080078125,2369.719970703125,2354.35009765625,2354.860107421875,243600,2354.8445068359374,2383.9826700846356,2313.7811686197915,2210.980552368164
2017-09-12,2365.469970703125,2372.449951171875,2359.1201171875,2372.02001953125,333600,2356.4070068359374,2383.8921712239585,2315.5183349609374,2212.890552368164
2017-09-13,2360.179931640625,2373.610107421875,2360.169921875,2370.5400390625,318900,2357.0030029296877,2383.741337076823,2317.0333353678384,2214.751702270508
2017-09-14,2377.659912109375,2377.659912109375,2358.429931640625,2365.5400390625,314300,2357.8025024414064,2384.076835123698,2318.7780008951822,2216.7837017822267
2017-09-15,2386.070068359375,2386.070068359375,2365.3701171875,2368.43994140625,298700,2359.1875,2384.3385009765625,2320.555918375651,2218.841752319336
2017-09-18,2418.2099609375,2418.239990234375,2389.64990234375,2390.580078125,273500,2362.347998046875,2384.9986653645833,2322.633085123698,2221.042152099609
2017-09-19,2416.050048828125,2422.050048828125,2411.679931640625,2419.300048828125,254600,2364.883996582031,2385.4551676432293,2324.8030029296874,2223.2304522705076
2017-09-20,2412.199951171875,2429.1201171875,2405.780029296875,2420.820068359375,303300,2367.1739990234373,2385.7926676432294,2326.8770853678384,2225.3740521240234
2017-09-21,2406.5,2415.1298828125,2401.889892578125,2412.010009765625,335300,2368.706994628906,2386.1916666666666,2328.873085530599,2227.4878021240233
2017-09-25,2380.39990234375,2392.43994140625,2374.68994140625,2388.77001953125,339300,2368.8014892578126,2385.937333170573,2330.6710856119794,2229.5367517089844
2017-09-26,2374.320068359375,2381.31005859375,2365.340087890625,2371.6201171875,319100,2369.002490234375,2385.6461669921873,2332.4551696777344,2231.5915521240236
2017-09-27,2372.570068359375,2377.179931640625,2368.919921875,2376.889892578125,202600,2369.393994140625,2385.2810017903644,2334.164003499349,2233.5051025390626
2017-09-28,2373.139892578125,2379.5400390625,2365.669921875,2374.10009765625,194800,2369.436486816406,2385.157999674479,2335.9310017903645,2235.411351928711
2017-09-29,2394.469970703125,2394.469970703125,2378.659912109375,2378.659912109375,184200,2371.00048828125,2385.2599975585936,2337.877834065755,2237.2283520507813
2017-10-10,2433.81005859375,2443.199951171875,2421.10009765625,2425.6298828125,221700,2374.806494140625,2386.0266642252604,2340.220001220703,2239.2739526367186
2017-10-11,2458.159912109375,2458.159912109375,2439.81005859375,2442.489990234375,201800,2381.2319946289062,2387.331494140625,2342.773583984375,2241.4285522460937
2017-10-12,2474.760009765625,2474.760009765625,2459.47998046875,2461.699951171875,256200,2388.6389892578127,2388.8758260091145,2345.6189168294272,2243.622452392578
2017-10-13,2473.6201171875,2479.72998046875,2468.139892578125,2473.64990234375,234800,2396.328991699219,2390.1694946289062,2348.5336669921876,2245.8062030029296
2017-10-16,2480.050048828125,2487.7099609375,2470.239990234375,2483.169921875,224400,2403.0219970703124,2391.640828450521,2351.459834798177,2248.023203125
2017-10-17,2484.3701171875,2487.8798828125,2478.760009765625,2484.9599609375,199000,2410.0545043945312,2392.8888305664063,2354.2578348795573,2250.2338537597657
2017-10-18,2482.909912109375,2490.580078125,2475.669921875,2481.530029296875,244200,2416.24599609375,2394.0268310546876,2357.158085123698,2252.4564532470704
2017-10-19,2473.06005859375,2490.93994140625,2468.669921875,2485.719970703125,236600,2421.6255004882814,2394.826163736979,2359.8855855305987,2254.612053833008
2017-10-20,2489.5400390625,2489.5400390625,2476.8798828125,2477.300048828125,313200,2428.093505859375,2395.8844970703126,2362.727919514974,2256.8699542236327
2017-10-23,2490.050048828125,2500.330078125,2485.47998046875,2497.64990234375,274200,2433.7130126953125,2396.8863321940103,2365.658337402344,2259.1415545654295
2017-10-24,2490.489990234375,2497.35009765625,2487.169921875,2489.31005859375,232000,2438.9340087890623,2397.6971638997397,2368.5028381347656,2261.4145043945314
2017-10-25,2492.5,2497.409912109375,2481.47998046875,2495.8701171875,599400,2442.6485107421877,2398.4044962565104,2371.2316711425783,2263.688254394531
2017-10-26,2480.6298828125,2495.989990234375,2480.6298828125,2489.60009765625,646900,2445.8775024414062,2398.8894938151043,2373.7890869140624,2265.8805535888673
2017-10-27,2496.6298828125,2499.14990234375,2479.669921875,2485.43994140625,511200,2450.0989990234375,2399.834993489583,2376.2872517903647,2268.2412530517577
2017-10-30,2501.929931640625,2513.8701171875,2497.419921875,2513.8701171875,342000,2454.870495605469,2400.9586588541665,2378.738000488281,2270.6186029052733
2017-10-31,2523.429931640625,2528.320068359375,2498.050048828125,2500.2099609375,313800,2462.0219970703124,2402.295157877604,2381.3544169108072,2273.104952392578
2017-11-01,2556.469970703125,2556.469970703125,2535.830078125,2535.969970703125,361800,2471.1294921875,2404.8864908854166,2384.279667154948,2275.667452392578
2017-11-02,2546.360107421875,2561.6298828125,2542.02001953125,2560.340087890625,527700,2479.818994140625,2407.2806599934897,2387.0020853678384,2278.1710528564454
2017-11-03,2557.969970703125,2558.3701171875,2539.719970703125,2558.3701171875,292800,2489.060498046875,2409.530826822917,2389.641501871745,2280.7511529541016
2017-11-06,2549.409912109375,2559.89990234375,2529.93994140625,2557.2900390625,221200,2496.8074951171875,2411.5604939778646,2391.7802510579427,2283.252601928711
2017-11-07,2545.43994140625,2554.1298828125,2540.669921875,2548.300048828125,253900,2502.3889892578127,2414.2036580403646,2394.0745829264324,2285.7359014892577
2017-11-08,2552.39990234375,2558.739990234375,2533.72998046875,2534.47998046875,277000,2507.1009887695313,2416.8194905598957,2396.2081644694013,2288.272301025391
2017-11-09,2550.570068359375,2559.929931640625,2536.5400390625,2559.929931640625,293500,2510.891491699219,2419.349825032552,2398.4127482096355,2290.6493017578123
2017-11-10,2542.949951171875,2547.610107421875,2534.60009765625,2541.179931640625,291500,2514.3579833984377,2421.8201578776043,2400.5152486165366,2292.928352050781
2017-11-13,2530.35009765625,2552.280029296875,2527.199951171875,2548.27001953125,266500,2516.8729858398438,2424.519494628906,2402.473748779297,2295.19615234375
2017-11-14,2526.639892578125,2532.949951171875,2520.989990234375,2532.550048828125,287800,2518.986474609375,2427.3056599934894,2404.4200805664063,2297.5085021972654
2017-11-15,2518.25,2526.610107421875,2511.760009765625,2525.60009765625,398200,2520.7534790039062,2430.6146606445313,2406.348663330078,2299.7404016113283
2017-11-16,2534.7900390625,2538.280029296875,2514.510009765625,2522.419921875,302900,2523.839978027344,2433.9574951171876,2408.4012471516926,2302.061651611328
2017-11-17,2533.989990234375,2559.10009765625,2533.989990234375,2546.050048828125,362200,2526.0624755859376,2437.0529947916666,2410.3175801595053,2304.3676513671876
2017-11-20,2527.669921875,2542.6201171875,2523.52001953125,2536.800048828125,404300,2527.943469238281,2439.8196614583335,2412.1169962565104,2306.677950439453
2017-11-21,2530.699951171875,2539.8798828125,2525.9599609375,2533.85009765625,484900,2529.953967285156,2442.691825358073,2413.8949951171876,2309.0015002441405
2017-11-22,2540.510009765625,2553.219970703125,2535.18994140625,2546.610107421875,485700,2532.3544677734376,2445.783658854167,2415.541495768229,2311.3752502441407
2017-11-23,2537.14990234375,2544.580078125,2532.449951171875,2542.340087890625,391300,2535.18046875,2448.647322591146,2417.0569112141925,2313.7263000488283
2017-11-24,2544.330078125,2544.330078125,2533.97998046875,2539.7900390625,297900,2537.565478515625,2451.612825520833,2418.651578776042,2316.03
2017-11-27,2507.81005859375,2546.7099609375,2506.68994140625,2544.739990234375,284900,2537.859484863281,2453.812325032552,2420.0193298339846,2318.2311999511717
2017-11-28,2514.18994140625,2521.06005859375,2500.929931640625,2512.52001953125,348200,2537.3974853515624,2456.0736572265623,2421.409413655599,2320.3997497558594
2017-11-29,2512.89990234375,2524.409912109375,2508.659912109375,2517.260009765625,301200,2535.2189819335936,2458.450321451823,2422.8118286132812,2322.60919921875
2017-11-30,2476.3701171875,2506.320068359375,2474.280029296875,2502.219970703125,339000,2531.719482421875,2460.310823567708,2423.6839131673178,2324.6252502441407
2017-12-01,2475.409912109375,2488.919921875,2472.75,2488.919921875,288600,2527.5914794921873,2462.0294881184896,2424.573828125,2326.6140002441407
2017-12-04,2501.669921875,2501.669921875,2476.2900390625,2486.719970703125,323800,2525.204479980469,2464.3374877929687,2425.753245035807,2328.7463000488283
2017-12-05,2510.1201171875,2513.679931640625,2487.14990234375,2490.72998046875,395400,2523.4384887695314,2466.8779907226562,2426.9744954427083,2330.9715002441408
2017-12-06,2474.3701171875,2510.469970703125,2474.2900390625,2510.18994140625,507600,2519.536999511719,2469.2899943033854,2427.7468302408856,2333.0139514160155
2017-12-07,2461.97998046875,2480.85009765625,2452.39990234375,2479.550048828125,404900,2515.1074951171877,2471.5459920247395,2428.6144124348957,2334.9484509277345
2017-12-08,2464.0,2473.169921875,2459.02001953125,2470.090087890625,406400,2511.1599975585937,2473.9489908854166,2429.3585795084637,2336.8752014160154
2017-12-11,2471.489990234375,2471.989990234375,2457.97998046875,2467.81005859375,240100,2508.2169921875,2476.037325032552,2430.1823303222654,2338.8598010253904
2017-12-12,2461.0,2471.429931640625,2455.389892578125,2471.22998046875,281200,2504.9349975585938,2477.9919921875,2431.0102478027343,2340.7455004882813
2017-12-13,2480.550048828125,2481.919921875,2457.699951171875,2462.419921875,255000,2503.05,2480.016491699219,2431.999580891927,2342.739050292969
2017-12-14,2469.47998046875,2514.610107421875,2469.47998046875,2486.570068359375,317800,2499.7844970703127,2481.749991861979,2432.821081542969,2344.6835498046876
2017-12-15,2482.070068359375,2495.080078125,2475.989990234375,2488.389892578125,340800,2497.1885009765624,2483.781494140625,2433.761415608724,2346.671950683594
2017-12-18,2481.8798828125,2488.830078125,2477.2900390625,2488.830078125,324400,2494.8989990234377,2485.5184936523438,2434.7976643880206,2348.566700439453
2017-12-19,2478.530029296875,2498.669921875,2470.489990234375,2487.830078125,308400,2492.2905029296876,2487.059493001302,2435.6989969889323,2350.426300048828
2017-12-21,2429.830078125,2471.72998046875,2429.830078125,2471.340087890625,247300,2486.7565063476563,2487.2531616210936,2436.1259134928387,2352.0373010253907
2017-12-22,2440.5400390625,2444.570068359375,2426.93994140625,2437.590087890625,230400,2481.9260131835936,2487.661328125,2436.5582478841147,2353.7694006347656
2017-12-26,2427.340087890625,2457.18994140625,2427.340087890625,2447.669921875,224600,2476.076513671875,2487.9136637369793,2436.853165690104,2355.4785009765624
2017-12-27,2436.669921875,2436.679931640625,2411.47998046875,2420.860107421875,194900,2472.5195068359376,2488.416495768229,2437.304081217448,2357.2036511230467
2017-12-28,2467.489990234375,2467.510009765625,2437.260009765625,2439.31005859375,220300,2470.1845092773438,2489.867997233073,2437.902665201823,2359.0278515625
2018-01-02,2479.64990234375,2481.02001953125,2465.93994140625,2474.860107421875,262200,2468.522009277344,2491.623494466146,2438.634830729167,2361.0323510742187
2018-01-03,2486.35009765625,2493.39990234375,2481.909912109375,2484.6298828125,331100,2469.0210083007814,2493.5198282877604,2439.4004150390624,2363.0573010253906
2018-01-04,2466.4599609375,2502.5,2466.449951171875,2502.5,333800,2468.5735107421874,2495.075162760417,2440.116581217448,2364.9193505859375
2018-01-05,2497.52001953125,2497.52001953125,2475.510009765625,2476.85009765625,308800,2468.366015625,2496.7926635742188,2441.026330566406,2366.929901123047
2018-01-08,2513.280029296875,2515.3701171875,2494.179931640625,2510.699951171875,311400,2468.5240112304687,2498.1171630859376,2442.071913655599,2369.0410009765624
2018-01-09,2510.22998046875,2524.72998046875,2498.409912109375,2510.72998046875,374300,2470.317004394531,2498.984997558594,2443.1582458496096,2371.105400390625
2018-01-10,2499.75,2516.820068359375,2493.97998046875,2516.330078125,444000,2472.2055053710938,2499.4014973958333,2444.138661702474,2373.016199951172
2018-01-11,2487.909912109375,2502.52001953125,2483.820068359375,2496.860107421875,444300,2473.4010009765625,2499.6396606445314,2444.904577636719,2374.7868493652345
2018-01-12,2496.419921875,2500.8701171875,2482.14990234375,2499.8701171875,438800,2474.647497558594,2499.912491861979,2445.77666015625,2376.6039489746095
2018-01-15,2503.72998046875,2513.300048828125,2496.179931640625,2510.969970703125,404600,2476.7839965820312,2500.23515625,2446.5619934082033,2378.372198486328
2018-01-16,2521.739990234375,2524.550048828125,2498.550048828125,2504.159912109375,341600,2478.8434936523436,2500.88232421875,2447.4545776367186,2380.157998046875
2018-01-17,2515.429931640625,2521.969970703125,2506.489990234375,2517.18994140625,336700,2481.1409912109375,2501.588488769531,2448.2073262532554,2381.95009765625
2018-01-18,2515.81005859375,2532.080078125,2512.68994140625,2527.669921875,333100,2482.827990722656,2502.0263224283854,2448.9554097493487,2383.6372485351562
2018-01-19,2520.260009765625,2524.330078125,2513.090087890625,2519.669921875,351800,2484.7469970703123,2502.529821777344,2449.708076985677,2385.397048339844
2018-01-22,2502.110107421875,2517.1201171875,2488.43994140625,2516.89990234375,343000,2485.9260009765626,2502.7234903971353,2450.2103271484375,2387.0439990234377
2018-01-23,2536.60009765625,2536.60009765625,2507.9599609375,2510.35009765625,370000,2491.264501953125,2503.4584920247394,2450.931494140625,2388.8822497558594
2018-01-24,2538.0,2547.219970703125,2531.31005859375,2533.860107421875,371100,2496.1375,2504.414660644531,2451.6520772298177,2390.7939501953124
2018-01-25,2562.22998046875,2564.429931640625,2536.72998046875,2536.9599609375,514600,2502.8819946289063,2505.5079956054688,2452.671494547526,2392.7885498046876
2018-01-26,2574.760009765625,2574.760009765625,2553.530029296875,2560.68994140625,400600,2509.7864990234375,2506.7218302408855,2453.8402445475263,2394.8274499511717
2018-01-29,2598.18994140625,2607.10009765625,2587.550048828125,2588.8701171875,437500,2516.321496582031,2507.9678304036456,2455.131494140625,2396.9952001953125
2018-01-30,2567.739990234375,2599.169921875,2567.070068359375,2590.409912109375,397000,2520.7260009765623,2508.1556640625,2456.5210774739585,2399.0327502441405
2018-01-31,2566.4599609375,2597.139892578125,2553.010009765625,2557.3701171875,403100,2524.731494140625,2508.4906616210938,2457.8856608072915,2401.0275
2018-02-01,2568.5400390625,2583.739990234375,2564.590087890625,2578.909912109375,595100,2529.835498046875,2508.6668294270835,2459.098828125,2403.064699707031
2018-02-02,2525.389892578125,2565.989990234375,2519.60009765625,2565.989990234375,481800,2531.2289916992186,2508.266495768229,2459.913494873047,2404.8873986816407
2018-02-05,2491.75,2503.989990234375,2476.239990234375,2487.340087890625,442400,2530.152490234375,2507.3716634114585,2460.7876607259113,2406.582398681641
2018-02-06,2453.31005859375,2460.280029296875,2409.3798828125,2437.02001953125,582800,2527.306494140625,2505.720166015625,2461.2698282877604,2408.0902990722657
2018-02-07,2396.56005859375,2484.179931640625,2396.56005859375,2483.719970703125,460100,2522.1469970703124,2503.1533325195314,2461.2515787760417,2409.4064990234374
2018-02-08,2407.6201171875,2423.8798828125,2393.4599609375,2400.169921875,362400,2518.1325073242188,2500.8978352864583,2461.358996582031,2410.825349121094
2018-02-09,2363.77001953125,2372.89990234375,2346.72998046875,2346.72998046875,489100,2511.5000122070314,2498.1215006510415,2461.320497639974,2411.999649658203
2018-02-12,2385.3798828125,2397.89990234375,2367.31005859375,2380.489990234375,352300,2505.5825073242186,2495.767167154948,2461.536413574219,2413.183498535156
2018-02-13,2395.18994140625,2421.800048828125,2388.5400390625,2402.889892578125,423400,2499.2550048828125,2493.7161661783853,2462.1654134114583,2414.485048828125
2018-02-14,2421.830078125,2426.6298828125,2408.02001953125,2412.469970703125,305700,2494.5750122070312,2491.8335001627606,2462.895497639974,2415.865399169922
2018-02-19,2442.820068359375,2455.1201171875,2428.14990234375,2452.52001953125,322100,2490.9255126953126,2490.314001464844,2463.683498128255,2417.3371997070312
2018-02-20,2415.1201171875,2438.47998046875,2411.22998046875,2433.35009765625,421500,2485.6685180664062,2488.4381713867188,2464.128916422526,2418.72080078125
2018-02-21,2429.64990234375,2432.449951171875,2404.02001953125,2417.72998046875,432300,2482.0455078125,2486.75400390625,2464.7229146321615,2420.12330078125
2018-02-22,2414.280029296875,2422.6201171875,2405.22998046875,2417.179931640625,349500,2475.9295043945312,2484.6501708984374,2465.216914876302,2421.369500732422
2018-02-23,2451.52001953125,2451.52001953125,2427.1298828125,2427.1298828125,300600,2471.605505371094,2483.223006184896,2465.935164388021,2422.7584008789063
2018-02-26,2457.64990234375,2466.080078125,2447.860107421875,2465.35009765625,321300,2466.376501464844,2481.7783365885416,2466.6955810546874,2424.0623999023437
2018-02-27,2456.139892578125,2480.7900390625,2456.139892578125,2474.080078125,271200,2460.4454956054688,2480.917167154948,2467.36474609375,2425.303898925781
2018-02-28,2427.360107421875,2460.1201171875,2426.2099609375,2447.110107421875,367600,2451.90400390625,2479.470003255208,2467.7718302408853,2426.393399658203
2018-03-02,2402.159912109375,2410.340087890625,2387.25,2406.570068359375,320400,2443.625,2477.624336751302,2468.0373291015626,2427.3769995117186
2018-03-05,2375.06005859375,2407.97998046875,2374.800048828125,2405.919921875,312300,2434.0550048828127,2475.9358357747396,2468.123329671224,2428.1539501953125
2018-03-06,2411.409912109375,2413.010009765625,2392.8701171875,2400.669921875,400100,2426.1984985351564,2474.869169108073,2468.449328613281,2429.0047998046875
2018-03-07,2401.820068359375,2429.429931640625,2395.239990234375,2413.389892578125,413000,2420.0200073242186,2473.2050048828123,2468.7712463378907,2429.5501000976565
2018-03-08,2433.080078125,2433.080078125,2407.590087890625,2420.669921875,394800,2417.0865112304687,2471.921004231771,2469.3994974772136,2430.364899902344
2018-03-09,2459.449951171875,2476.429931640625,2436.030029296875,2443.429931640625,437300,2417.393505859375,2471.672334798177,2470.481164550781,2431.180299072266
2018-03-12,2484.1201171875,2489.4599609375,2474.909912109375,2485.639892578125,391300,2421.7715087890624,2472.041337076823,2471.793664550781,2432.170799560547
2018-03-13,2494.489990234375,2494.489990234375,2478.760009765625,2483.050048828125,350200,2426.1150024414064,2472.5495035807294,2473.2492472330728,2433.19
2018-03-14,2486.080078125,2486.97998046875,2474.77001953125,2477.429931640625,360900,2432.230505371094,2472.7926717122396,2474.414998372396,2434.14375
2018-03-15,2492.3798828125,2496.510009765625,2471.0400390625,2486.0,344000,2437.5805053710938,2473.3156697591144,2475.6538309733073,2435.1402490234377
2018-03-16,2493.969970703125,2497.800048828125,2476.8798828125,2495.110107421875,377800,2442.5195068359376,2473.539335123698,2476.7779134114585,2436.1759985351564
2018-03-19,2475.030029296875,2493.56005859375,2470.909912109375,2491.989990234375,477200,2445.1795043945312,2473.6318359375,2477.6909138997394,2437.108748779297
2018-03-20,2485.52001953125,2485.52001953125,2456.800048828125,2456.800048828125,291500,2447.314501953125,2473.689335123698,2478.7354146321613,2438.0161987304687
2018-03-21,2484.969970703125,2492.8798828125,2483.780029296875,2488.219970703125,399100,2450.806994628906,2473.7408365885417,2479.6296651204425,2438.8823486328124
2018-03-22,2496.02001953125,2508.7099609375,2485.340087890625,2494.840087890625,482100,2454.1255004882814,2474.032336425781,2480.5459147135416,2439.7757482910156
2018-03-23,2416.760009765625,2450.39990234375,2412.6201171875,2446.72998046875,458000,2454.2494995117186,2473.814501953125,2480.533831787109,2440.144898681641
2018-03-26,2437.080078125,2437.080078125,2399.43994140625,2414.679931640625,306900,2453.5275024414063,2473.7568359375,2480.70908203125,2440.553798828125
2018-03-27,2452.06005859375,2456.550048828125,2444.919921875,2455.0,332100,2453.248010253906,2474.168835449219,2481.041249593099,2441.049249267578
2018-03-28,2419.2900390625,2430.77001953125,2409.469970703125,2425.93994140625,501300,2451.405517578125,2473.8791707356772,2481.147833251953,2441.4272998046877
2018-03-29,2436.3701171875,2439.469970703125,2413.7099609375,2421.699951171875,333400,2451.8560180664062,2473.3605061848957,2481.6142517089843,2441.8722509765626
2018-03-30,2445.85009765625,2458.239990234375,2445.719970703125,2454.10009765625,395300,2454.04052734375,2472.7971761067706,2482.2103352864583,2442.3784509277343
2018-04-02,2444.159912109375,2467.52001953125,2440.889892578125,2454.719970703125,390300,2457.4955200195313,2472.0940063476564,2482.806917317708,2442.7406506347656
2018-04-03,2442.429931640625,2442.429931640625,2416.43994140625,2422.260009765625,497100,2459.046520996094,2471.693505859375,2483.3843343098956,2443.1096997070313
2018-04-04,2408.06005859375,2447.969970703125,2405.909912109375,2447.969970703125,551700,2459.3585205078125,2470.2025065104167,2483.4975850423175,2443.3493005371092
2018-04-05,2437.52001953125,2446.780029296875,2420.919921875,2426.919921875,591000,2459.580517578125,2468.9398396809897,2483.5285013834637,2443.719050292969
2018-04-06,2429.580078125,2433.969970703125,2417.239990234375,2420.8798828125,454300,2458.087023925781,2467.595674641927,2483.2903361002604,2443.9585009765624
2018-04-09,2444.080078125,2446.280029296875,2424.14990234375,2424.14990234375,334400,2456.0850219726562,2466.667842610677,2483.034670003255,2444.38955078125
2018-04-10,2450.739990234375,2454.360107421875,2419.550048828125,2439.93994140625,356400,2453.8975219726562,2466.0483439127606,2482.844002278646,2444.7697509765626
2018-04-11,2444.219970703125,2458.989990234375,2441.199951171875,2456.530029296875,355200,2451.8045166015627,2465.1783447265625,2482.545418294271,2445.1276513671874
2018-04-12,2442.7099609375,2454.949951171875,2441.580078125,2450.949951171875,441600,2449.3210205078126,2464.161344401042,2482.198250325521,2445.5329516601564
2018-04-13,2455.070068359375,2457.85009765625,2442.35009765625,2449.419921875,395900,2447.376025390625,2463.0501790364583,2481.9662516276044,2445.999151611328
2018-04-16,2457.489990234375,2466.159912109375,2449.969970703125,2466.0400390625,347200,2446.4990234375,2462.084513346354,2481.8365010579428,2446.4321020507814
2018-04-17,2453.77001953125,2465.6298828125,2449.080078125,2459.389892578125,394700,2444.9115234375,2461.0505126953126,2481.5384175618487,2446.8548022460936
2018-04-18,2479.97998046875,2486.72998046875,2467.550048828125,2467.550048828125,647300,2444.6620239257813,2460.379178873698,2481.4545003255207,2447.467052001953
2018-04-19,2486.10009765625,2490.570068359375,2476.510009765625,2483.260009765625,727000,2444.1660278320314,2460.112345377604,2481.4179178873696,2448.045701904297
2018-04-20,2476.330078125,2485.14990234375,2472.3701171875,2478.590087890625,531700,2447.14453125,2459.107845052083,2481.2831685384112,2448.5343518066406
2018-04-23,2474.110107421875,2478.570068359375,2466.570068359375,2473.699951171875,701400,2448.9960327148438,2458.0430135091146,2481.228837076823,2448.961602783203
2018-04-24,2464.139892578125,2479.320068359375,2454.43994140625,2478.469970703125,524300,2449.6000244140623,2456.4081787109376,2480.958087158203,2449.3225524902346
2018-04-25,2448.81005859375,2453.5400390625,2436.510009765625,2444.18994140625,466100,2451.076025390625,2454.309012858073,2480.515421549479,2449.6538024902343
2018-04-26,2475.639892578125,2484.090087890625,2456.199951171875,2460.6201171875,520900,2453.039514160156,2452.2665120442707,2480.1171712239584,2450.053702392578
2018-04-27,2492.39990234375,2508.1298828125,2484.18994140625,2497.75,465000,2455.3670043945312,2451.0108439127603,2479.58325398763,2450.5567517089844
2018-04-30,2515.3798828125,2515.3798828125,2500.219970703125,2502.2900390625,746300,2458.9280029296874,2450.1595092773437,2479.325085449219,2451.161251220703
2018-05-02,2505.610107421875,2516.570068359375,2501.7099609375,2515.75,807600,2462.08701171875,2449.1106770833335,2478.8887532552085,2451.7867016601563
2018-05-03,2487.25,2507.909912109375,2487.25,2506.93994140625,614100,2466.0465087890625,2448.4750122070313,2478.37075398763,2452.281201171875
2018-05-04,2461.3798828125,2487.77001953125,2461.3798828125,2486.469970703125,612000,2467.239501953125,2447.9688435872395,2477.6702534993487,2452.6490502929687
2018-05-08,2449.81005859375,2479.75,2444.080078125,2468.449951171875,714700,2468.2510009765624,2447.910510253906,2476.8153381347656,2452.99875
2018-05-09,2443.97998046875,2451.860107421875,2428.7900390625,2450.7099609375,593400,2468.24599609375,2448.7008422851563,2475.9270874023437,2453.3081494140624
2018-05-10,2464.159912109375,2464.719970703125,2448.010009765625,2458.669921875,490000,2468.9169921875,2449.643172200521,2475.2705037434894,2453.6489489746095
2018-05-11,2477.7099609375,2483.85009765625,2468.409912109375,2469.300048828125,599900,2470.5914916992188,2451.542171223958,2474.8318359375,2454.0786486816405
2018-05-14,2476.110107421875,2486.169921875,2471.909912109375,2482.969970703125,650700,2472.2614990234374,2453.0543416341147,2474.410754394531,2454.411749267578
2018-05-15,2458.5400390625,2480.219970703125,2456.199951171875,2476.8701171875,712600,2472.4349975585938,2454.110176595052,2473.9131713867187,2454.631300048828
2018-05-16,2459.820068359375,2465.550048828125,2444.669921875,2446.639892578125,691800,2472.5515014648436,2454.743343098958,2473.2884216308594,2454.8048999023435
2018-05-17,2448.449951171875,2472.820068359375,2448.429931640625,2468.719970703125,596800,2472.285498046875,2454.8371744791666,2472.575587972005,2454.9169494628904
2018-05-18,2460.64990234375,2461.949951171875,2452.340087890625,2459.72998046875,431400,2471.318994140625,2455.5960042317706,2472.017087809245,2455.0704992675783
2018-05-21,2465.570068359375,2472.300048828125,2447.68994140625,2464.070068359375,588100,2470.2924926757814,2456.1946736653645,2471.4743387858075,2455.189149169922
2018-05-23,2471.909912109375,2476.860107421875,2460.070068359375,2462.97998046875,752700,2470.071484375,2457.1551717122397,2470.9026713053386,2455.2983984375
2018-05-24,2466.010009765625,2481.31005859375,2457.840087890625,2477.47998046875,638100,2469.6664794921876,2457.3966715494794,2470.3098388671874,2455.3707983398435
2018-05-25,2460.800048828125,2466.570068359375,2444.77001953125,2452.800048828125,653600,2469.4994873046876,2457.4491739908854,2469.6137552897135,2455.4752990722654
2018-05-28,2478.9599609375,2482.39990234375,2463.139892578125,2465.0,708400,2471.006982421875,2457.8295084635415,2469.3733378092447,2455.697548828125
2018-05-29,2457.25,2479.679931640625,2457.179931640625,2476.699951171875,571800,2470.0874877929687,2458.327673339844,2468.8988382975263,2455.7675988769533
2018-05-30,2409.030029296875,2449.8798828125,2399.580078125,2446.81005859375,575900,2465.918994140625,2458.442175292969,2468.0332560221354,2455.8077990722654
2018-05-31,2423.010009765625,2430.14990234375,2415.5,2428.830078125,816900,2461.300500488281,2459.2413411458333,2467.5885884602862,2455.9092993164063
2018-06-01,2438.9599609375,2445.31005859375,2418.110107421875,2419.6298828125,603000,2457.9679931640626,2459.700508626302,2467.2848388671873,2455.9892993164062
2018-06-04,2447.760009765625,2452.669921875,2441.25,2444.6201171875,438900,2455.9934936523437,2460.466174316406,2466.835589599609,2456.089949951172
2018-06-05,2453.760009765625,2455.780029296875,2432.81005859375,2450.389892578125,501400,2455.6125,2460.81083984375,2466.3659220377604,2456.4244995117188
2018-06-07,2470.580078125,2478.669921875,2466.010009765625,2468.260009765625,474100,2456.6510009765625,2460.9963419596356,2466.334338378906,2456.800150146484
2018-06-08,2451.580078125,2468.27001953125,2449.110107421875,2467.8798828125,530200,2457.031005859375,2460.4540079752605,2466.2476725260417,2457.0643005371094
2018-06-11,2470.14990234375,2470.989990234375,2448.0,2454.25,427900,2457.3305053710938,2460.04833984375,2466.2989217122395,2457.4414001464843
2018-06-12,2468.830078125,2479.56005859375,2462.840087890625,2474.780029296875,613200,2456.886511230469,2459.76083984375,2466.276755777995,2457.943601074219
2018-06-14,2423.47998046875,2451.949951171875,2422.3701171875,2450.860107421875,533400,2454.2550048828125,2458.612508138021,2465.9640889485677,2458.2636511230467
2018-06-15,2404.0400390625,2433.510009765625,2403.969970703125,2432.179931640625,502400,2451.5300048828126,2457.1136759440105,2465.3265055338543,2458.6853015136717
2018-06-18,2376.239990234375,2405.56005859375,2365.31005859375,2404.679931640625,564800,2447.3510009765623,2455.467175292969,2464.5495056152345,2458.895401611328
2018-06-19,2340.110107421875,2379.489990234375,2336.5400390625,2373.1201171875,606300,2441.9340087890623,2453.0436767578126,2463.3665059407554,2458.854652099609
2018-06-20,2363.909912109375,2374.52001953125,2345.219970703125,2350.239990234375,456000,2437.0970092773437,2451.0260091145833,2462.3834228515625,2458.865852050781
2018-06-21,2337.830078125,2370.580078125,2337.830078125,2364.159912109375,438300,2430.710009765625,2448.389510091146,2461.2109232584635,2458.7631518554685
2018-06-22,2357.219970703125,2357.39990234375,2320.760009765625,2323.080078125,537300,2424.9755126953123,2447.397176106771,2460.605839029948,2458.7742517089846
2018-06-25,2357.8798828125,2361.389892578125,2337.219970703125,2351.889892578125,415100,2419.5690063476563,2446.0771728515624,2459.9170043945314,2458.737000732422
2018-06-26,2350.919921875,2358.010009765625,2326.610107421875,2334.75,470900,2414.075,2444.39150390625,2459.280169677734,2458.659600830078
2018-06-27,2342.030029296875,2358.7099609375,2342.02001953125,2349.3798828125,526600,2407.2285034179686,2443.103837076823,2458.49150390625,2458.4905505371094
2018-06-28,2314.239990234375,2335.35009765625,2310.800048828125,2327.3701171875,414400,2400.0780029296875,2441.0683349609376,2457.214420572917,2458.169200439453
2018-06-29,2326.1298828125,2329.580078125,2296.389892578125,2325.679931640625,396700,2395.932995605469,2439.072998046875,2455.935087076823,2457.948349609375
2018-07-02,2271.5400390625,2327.590087890625,2271.530029296875,2322.22998046875,393300,2388.3594970703125,2436.1960001627604,2454.1450032552084,2457.4823498535156
2018-07-03,2272.760009765625,2287.389892578125,2252.360107421875,2285.8798828125,366000,2380.0494995117188,2433.3681681315106,2452.5308369954428,2456.9846997070313
2018-07-04,2265.4599609375,2280.81005859375,2261.340087890625,2270.949951171875,315100,2370.9344970703123,2430.9914998372396,2450.597003173828,2456.4960498046876
2018-07-05,2257.550048828125,2274.739990234375,2243.89990234375,2264.739990234375,346900,2361.1239990234376,2427.9920003255206,2448.465920003255,2455.995350341797
2018-07-06,2272.8701171875,2283.75,2247.35009765625,2261.43994140625,344400,2351.2385009765626,2425.380167643229,2446.487921142578,2455.7114514160157
2018-07-09,2285.800048828125,2294.610107421875,2267.25,2276.919921875,352600,2342.949499511719,2422.7421671549478,2444.7050048828123,2455.5073510742186
2018-07-10,2294.159912109375,2305.840087890625,2292.1298828125,2299.090087890625,339900,2334.15,2420.132499186198,2443.0904215494793,2455.3790502929687
2018-07-11,2280.6201171875,2287.080078125,2262.77001953125,2277.219970703125,423000,2324.739501953125,2417.4058349609377,2441.29208984375,2455.051201171875
2018-07-12,2285.06005859375,2298.56005859375,2277.72998046875,2285.929931640625,364400,2317.818505859375,2414.7783365885416,2439.4698404947917,2454.757901611328
2018-07-13,2310.89990234375,2313.800048828125,2293.070068359375,2293.070068359375,291600,2313.1614990234375,2412.3755004882814,2437.7128397623696,2454.517000732422
2018-07-16,2301.989990234375,2317.840087890625,2299.7900390625,2312.260009765625,297100,2309.4489990234374,2409.7838338216147,2435.9341735839844,2454.199600830078
2018-07-17,2297.919921875,2306.070068359375,2290.239990234375,2302.949951171875,379000,2307.339489746094,2407.1863321940104,2434.1184224446615,2453.88830078125
2018-07-18,2290.110107421875,2319.389892578125,2287.10009765625,2313.780029296875,402800,2303.6494995117187,2404.021834309896,2432.200506591797,2453.4505517578127
2018-07-19,2282.2900390625,2300.179931640625,2278.93994140625,2298.909912109375,464500,2300.8724975585938,2400.625,2430.3686726888022,2452.931651611328
2018-07-20,2289.18994140625,2293.340087890625,2269.550048828125,2281.360107421875,353200,2297.47099609375,2397.505997721354,2428.306921386719,2452.286551513672
2018-07-23,2269.31005859375,2289.610107421875,2264.419921875,2289.610107421875,334300,2293.0425048828124,2394.092663574219,2426.067838541667,2451.5528515625
2018-07-24,2280.199951171875,2284.429931640625,2263.1298828125,2273.14990234375,436100,2289.5065063476563,2391.0269978841147,2423.717588297526,2450.8928515625
2018-07-25,2273.030029296875,2292.610107421875,2269.669921875,2284.3798828125,309300,2286.056506347656,2388.0973307291665,2421.2031717936197,2450.225501708984
2018-07-26,2289.06005859375,2297.159912109375,2276.5400390625,2284.510009765625,303300,2284.797509765625,2384.987666829427,2418.627089436849,2449.7688024902345
2018-07-27,2294.989990234375,2295.27001953125,2284.43994140625,2292.330078125,262100,2283.240515136719,2381.697501627604,2416.3541727701822,2449.3721520996096
2018-07-30,2293.510009765625,2296.909912109375,2283.2900390625,2290.179931640625,206500,2284.339013671875,2377.9996704101563,2414.07958984375,2448.9768518066408
2018-07-31,2295.260009765625,2296.60009765625,2286.02001953125,2292.22998046875,223900,2285.464013671875,2374.4938354492188,2411.802256266276,2448.587452392578
2018-08-01,2307.070068359375,2312.64990234375,2301.1298828125,2301.169921875,219000,2287.5445190429687,2371.4908365885417,2409.9829243977865,2448.1504528808596
2018-08-02,2270.199951171875,2306.719970703125,2265.4599609375,2304.139892578125,352100,2288.1770141601564,2368.3045043945312,2408.1366739908854,2447.33240234375
2018-08-03,2287.679931640625,2288.929931640625,2272.93994140625,2278.330078125,270500,2288.9175048828124,2365.602335611979,2406.7564229329428,2446.480002441406
2018-08-06,2286.5,2300.3798828125,2283.260009765625,2288.510009765625,244500,2288.952502441406,2362.9776692708333,2405.839255777995,2445.538702392578
2018-08-07,2300.159912109375,2301.27001953125,2279.550048828125,2290.85009765625,230300,2289.2525024414062,2360.2443359375,2404.9437540690105,2444.6714013671876
2018-08-08,2301.449951171875,2308.60009765625,2298.409912109375,2305.72998046875,299700,2290.293994140625,2357.306669108073,2404.424420166016,2443.7784008789063
2018-08-09,2303.7099609375,2303.7099609375,2291.909912109375,2303.0400390625,244900,2291.2264892578123,2354.4333333333334,2403.743837483724,2442.8751000976563
2018-08-10,2282.7900390625,2295.6201171875,2277.889892578125,2295.2099609375,286200,2289.82099609375,2351.5041666666666,2402.8071716308596,2441.874500732422
2018-08-13,2248.449951171875,2271.820068359375,2238.550048828125,2266.429931640625,335400,2287.143994140625,2347.9813313802083,2401.362337239583,2440.7514501953124
2018-08-14,2258.909912109375,2262.52001953125,2247.3701171875,2249.860107421875,255200,2285.193493652344,2344.822330729167,2399.8297526041665,2439.598299560547
2018-08-16,2240.800048828125,2244.080078125,2218.090087890625,2233.050048828125,312500,2282.727990722656,2341.158166503906,2398.3770853678384,2438.3520495605467
2018-08-17,2247.050048828125,2250.919921875,2240.139892578125,2244.610107421875,238400,2280.9659912109373,2337.5161661783854,2396.855419921875,2437.134849853516
2018-08-20,2247.8798828125,2264.419921875,2245.06005859375,2257.35009765625,271600,2278.90048828125,2333.782332356771,2395.468752034505,2435.911749267578
2018-08-21,2270.06005859375,2272.860107421875,2244.590087890625,2248.0400390625,294300,2278.93798828125,2330.5164998372397,2393.9565856933596,2434.8589001464843
2018-08-22,2273.330078125,2280.31005859375,2268.909912109375,2273.679931640625,269300,2278.5944946289064,2327.3920003255207,2392.420587158203,2433.742401123047
2018-08-23,2282.60009765625,2282.8798828125,2268.06005859375,2282.570068359375,338400,2279.072998046875,2324.1193359375,2390.9744222005206,2432.645751953125
2018-08-24,2293.2099609375,2295.219970703125,2271.35009765625,2276.159912109375,347300,2279.2804931640626,2321.3853352864585,2389.856504313151,2431.4946520996095
2018-08-27,2299.300048828125,2302.8701171875,2289.409912109375,2297.320068359375,307000,2279.49599609375,2319.556502278646,2388.999338785807,2430.2088024902346
2018-08-28,2303.1201171875,2314.60009765625,2299.449951171875,2312.139892578125,276900,2279.9765014648438,2317.5583374023436,2388.3998392740887,2428.9926025390623
2018-08-29,2309.030029296875,2309.8798828125,2300.2099609375,2304.659912109375,268200,2280.665002441406,2315.3928385416666,2387.5466735839846,2427.7479028320313
2018-08-30,2307.35009765625,2320.85009765625,2305.4599609375,2313.110107421875,286900,2280.67900390625,2313.0526733398438,2386.759423828125,2426.5376037597657
2018-08-31,2322.8798828125,2322.8798828125,2295.719970703125,2298.1298828125,255900,2283.3130004882814,2310.871337890625,2385.8410888671874,2425.4248034667967
2018-09-03,2307.030029296875,2318.719970703125,2302.169921875,2317.929931640625,230500,2284.2805053710936,2308.1455037434894,2384.5709228515625,2424.1979541015626
2018-09-04,2315.719970703125,2317.739990234375,2302.169921875,2308.9599609375,277000,2285.74150390625,2305.881168619792,2383.167588297526,2423.023703613281
2018-09-05,2291.77001953125,2315.429931640625,2288.010009765625,2310.89990234375,358200,2285.3220092773436,2302.908170572917,2381.4782552083334,2421.7678039550783
2018-09-06,2287.610107421875,2298.469970703125,2284.5,2288.800048828125,387500,2284.630017089844,2299.8878377278647,2379.8243387858074,2420.554104003906
2018-09-07,2281.580078125,2286.820068359375,2264.89990234375,2278.080078125,357600,2283.5235229492187,2297.522839355469,2378.0676737467447,2419.3288049316407
2018-09-10,2288.659912109375,2289.3798828125,2276.60009765625,2277.35009765625,312600,2283.8170166015625,2295.5998372395834,2376.356756591797,2418.1808544921873
2018-09-11,2283.199951171875,2295.760009765625,2275.1298828125,2286.909912109375,368200,2285.5545166015627,2294.049169921875,2374.758172607422,2416.9229040527343
2018-09-12,2282.919921875,2289.659912109375,2271.0,2286.280029296875,336800,2286.755017089844,2293.0960001627604,2373.0698384602865,2415.6675537109377
2018-09-13,2286.22998046875,2291.510009765625,2281.6298828125,2285.280029296875,301300,2289.026513671875,2291.801334635417,2371.413671875,2414.460354003906
2018-09-14,2318.25,2318.64990234375,2304.14990234375,2304.699951171875,292200,2292.5865112304687,2291.475,2369.932255045573,2413.398104248047
2018-09-17,2303.010009765625,2314.550048828125,2295.260009765625,2314.550048828125,343200,2295.343017578125,2290.571500651042,2368.984338378906,2412.210604248047
2018-09-18,2308.97998046875,2310.969970703125,2287.419921875,2287.72998046875,309200,2297.289013671875,2289.7565022786457,2367.9168375651043,2411.069754638672
2018-09-19,2308.4599609375,2319.219970703125,2301.7900390625,2319.219970703125,350900,2299.0455078125,2289.048836263021,2366.7201700846354,2409.8904040527345
2018-09-20,2323.449951171875,2334.0400390625,2311.56005859375,2314.409912109375,289100,2301.088000488281,2288.7391682942707,2365.921502685547,2408.968603515625
2018-09-21,2339.169921875,2339.169921875,2325.1201171875,2332.0400390625,321700,2303.3859985351564,2289.154667154948,2365.111501057943,2408.093503417969
2018-09-27,2355.429931640625,2355.429931640625,2331.699951171875,2331.699951171875,279200,2306.192492675781,2289.643001302083,2364.3579996744793,2407.3061535644533
2018-09-28,2343.070068359375,2356.6201171875,2337.469970703125,2356.1298828125,317900,2308.189990234375,2290.835168457031,2363.515584309896,2406.6396533203124
2018-10-01,2338.8798828125,2352.110107421875,2333.320068359375,2349.639892578125,278300,2309.682482910156,2291.9371663411457,2362.652667236328,2405.957003173828
2018-10-02,2309.570068359375,2341.550048828125,2308.89990234375,2338.280029296875,287900,2309.7934814453124,2292.672334798177,2361.8319173177083,2404.99650390625
2018-10-04,2274.489990234375,2311.06005859375,2270.219970703125,2311.06005859375,309500,2307.373986816406,2292.954667154948,2360.4733337402345,2403.8183532714843
2018-10-05,2267.52001953125,2278.1201171875,2250.989990234375,2269.93994140625,282100,2305.398486328125,2292.8654988606772,2359.122833251953,2402.7841027832033
2018-10-08,2253.830078125,2273.7099609375,2253.830078125,2258.72998046875,214600,2302.303991699219,2292.332666015625,2357.5374165852863,2401.7433532714845
2018-10-10,2228.610107421875,2257.52001953125,2222.949951171875,2256.030029296875,365700,2299.14599609375,2291.240169270833,2355.6863342285155,2400.566403808594
2018-10-11,2129.669921875,2186.68994140625,2129.669921875,2176.159912109375,411900,2291.248986816406,2288.724332682292,2353.0650838216147,2398.857303466797
2018-10-12,2161.85009765625,2173.010009765625,2129.1298828125,2131.659912109375,292600,2285.262487792969,2286.670833333333,2350.7245849609376,2397.3615539550783
2018-10-15,2145.1201171875,2159.22998046875,2141.280029296875,2155.340087890625,259200,2278.085498046875,2283.9078369140625,2348.141668701172,2395.684404296875
2018-10-16,2145.1201171875,2161.760009765625,2140.18994140625,2156.0,222500,2271.181506347656,2281.293339029948,2345.5385864257814,2394.0626049804687
2018-10-17,2167.510009765625,2182.77001953125,2159.3701171875,2169.43994140625,275200,2265.4110107421875,2279.119840494792,2343.153086344401,2392.4898046875
2018-10-18,2148.31005859375,2168.010009765625,2146.610107421875,2158.800048828125,321800,2258.5150146484375,2276.7565063476563,2340.389170328776,2390.8219555664064
2018-10-19,2156.260009765625,2158.780029296875,2117.6201171875,2130.06005859375,351800,2250.4155151367186,2274.656005859375,2337.6405029296875,2389.21060546875
2018-10-22,2161.7099609375,2163.2099609375,2136.919921875,2143.080078125,308700,2243.3505126953123,2272.5313395182293,2335.0186686197917,2387.8700048828123
2018-10-23,2106.10009765625,2148.800048828125,2094.68994140625,2147.300048828125,373500,2233.2065185546876,2269.811173502604,2331.9519185384115,2386.1978051757815
2018-10-24,2097.580078125,2121.360107421875,2092.10009765625,2119.18994140625,399700,2222.6625244140623,2266.767508951823,2328.897253417969,2384.549005126953
2018-10-25,2063.300048828125,2066.06005859375,2033.81005859375,2046.6700439453125,376000,2209.655029296875,2263.272009277344,2325.684670003255,2382.6821557617186
2018-10-26,2027.1500244140625,2066.570068359375,2008.8599853515625,2066.570068359375,449200,2194.054034423828,2258.906842041016,2321.9472544352216,2380.480455932617
2018-10-29,1996.050048828125,2045.760009765625,1993.77001953125,2026.6800537109375,427300,2176.085040283203,2253.9245096842446,2317.8110056559244,2378.062456665039
2018-10-30,2014.68994140625,2028.8399658203125,1985.949951171875,1985.949951171875,441600,2159.6660339355467,2249.277508544922,2313.638589477539,2375.704155883789
2018-10-31,2029.68994140625,2030.5,2006.6300048828125,2022.8399658203125,373000,2144.2065368652343,2244.8513407389323,2309.6725880940753,2373.5203057861327
2018-11-01,2024.4599609375,2054.219970703125,2023.4300537109375,2035.1099853515625,343800,2129.951031494141,2240.141172281901,2305.816004435221,2371.155005493164
2018-11-02,2096.0,2096.6298828125,2044.93994140625,2046.6099853515625,372000,2121.026531982422,2237.2378397623697,2302.7711720784505,2369.0686053466798
2018-11-05,2076.919921875,2080.489990234375,2052.669921875,2079.81005859375,361300,2111.4965270996095,2233.7251729329428,2299.663754272461,2366.902055053711
2018-11-06,2089.6201171875,2092.610107421875,2068.590087890625,2085.81005859375,315800,2103.286029052734,2230.4438415527343,2296.710755411784,2364.8514056396484
2018-11-07,2078.68994140625,2107.6298828125,2072.47998046875,2090.320068359375,485200,2095.7900207519533,2226.752675374349,2293.4985056559244,2362.805305786133
2018-11-08,2092.6298828125,2120.8798828125,2092.360107421875,2109.969970703125,328000,2093.938018798828,2223.2723409016926,2290.289505004883,2360.78635559082
2018-11-09,2086.090087890625,2101.919921875,2082.469970703125,2093.889892578125,298100,2090.150018310547,2219.645343017578,2287.0393381754557,2358.69815612793
2018-11-12,2080.43994140625,2087.239990234375,2065.52001953125,2065.919921875,295500,2086.9160095214843,2216.272841389974,2283.8885040283203,2356.491655883789
2018-11-13,2071.22998046875,2072.030029296875,2032.050048828125,2047.6199951171875,383400,2083.221502685547,2213.3191752115886,2280.6502532958984,2354.2706561279297
2018-11-14,2068.050048828125,2075.1201171875,2060.860107421875,2071.409912109375,339000,2078.248504638672,2210.1381774902343,2277.4802541097006,2352.0318560791015
2018-11-15,2088.06005859375,2088.610107421875,2058.72998046875,2061.469970703125,351000,2075.236004638672,2207.5925109863283,2274.375338745117,2349.870856323242
2018-11-16,2092.39990234375,2103.110107421875,2086.5400390625,2097.93994140625,301600,2072.042999267578,2205.015008544922,2271.2655873616536,2347.8223052978515
2018-11-19,2100.56005859375,2111.389892578125,2089.3701171875,2096.1298828125,273200,2068.9855041503906,2202.559678141276,2268.1710052490234,2345.642105102539
2018-11-20,2082.580078125,2089.5400390625,2074.669921875,2074.669921875,281700,2067.809503173828,2199.4350118001303,2264.975755818685,2343.365005493164
2018-11-21,2076.550048828125,2077.489990234375,2049.760009765625,2057.070068359375,267900,2066.7580017089845,2196.155344645182,2261.7736724853517,2340.936605834961
2018-11-22,2069.949951171875,2081.75,2066.199951171875,2079.010009765625,242500,2067.090496826172,2192.6111755371094,2258.365255737305,2338.4125555419923
2018-11-23,2057.47998046875,2075.909912109375,2047.9599609375,2073.260009765625,227200,2068.6069946289062,2188.682342529297,2255.0338389078775,2335.709005737305
2018-11-26,2083.02001953125,2083.9599609375,2060.169921875,2060.169921875,237700,2072.9554931640623,2185.077675374349,2252.317088826497,2333.2854058837893
2018-11-27,2099.419921875,2102.2900390625,2079.489990234375,2091.75,239200,2077.1919921875,2181.6826721191405,2249.6205047607423,2330.9502056884767
2018-11-28,2108.219970703125,2108.64990234375,2094.320068359375,2104.1298828125,300100,2081.1184936523437,2178.335837809245,2246.864338175456,2328.6486053466797
2018-11-29,2114.10009765625,2136.739990234375,2108.89990234375,2133.949951171875,307200,2085.6005004882813,2175.1150044759115,2244.0838389078776,2326.5921563720703
2018-11-30,2096.860107421875,2122.330078125,2093.830078125,2116.830078125,427400,2085.643505859375,2171.348008219401,2241.109673055013,2324.6177069091796
2018-12-03,2131.929931640625,2136.639892578125,2113.60009765625,2127.780029296875,436600,2088.394006347656,2168.4296732584635,2238.2875885009767,2323.010806274414
2018-12-04,2114.35009765625,2128.93994140625,2105.449951171875,2125.669921875,507500,2089.630505371094,2165.0735087076823,2235.477338663737,2321.5997564697263
2018-12-05,2101.31005859375,2107.68994140625,2086.570068359375,2086.570068359375,492700,2090.761511230469,2161.8991760253907,2232.4036732991535,2320.068206176758
2018-12-06,2068.68994140625,2094.6201171875,2064.0,2094.6201171875,537400,2089.5645141601562,2158.2505065917967,2229.069172159831,2318.592805786133
2018-12-07,2075.760009765625,2086.840087890625,2065.6201171875,2081.679931640625,371600,2089.0480102539063,2154.820172119141,2226.171505737305,2317.0447064208984
2018-12-10,2053.7900390625,2061.780029296875,2043.2099609375,2048.449951171875,344200,2087.7155151367188,2150.9056742350263,2223.2527557373046,2315.33770690918
2018-12-11,2052.969970703125,2060.93994140625,2047.1700439453125,2058.159912109375,273900,2086.8025146484374,2147.06850789388,2220.5588389078775,2313.4934063720702
2018-12-12,2082.570068359375,2084.77001953125,2061.1298828125,2062.77001953125,457100,2087.528515625,2143.72934366862,2218.41267191569,2311.6921563720703
2018-12-13,2095.550048828125,2104.429931640625,2084.3701171875,2087.429931640625,379800,2087.9030151367188,2140.5513448079428,2216.1763397216796,2310.0943060302734
2018-12-14,2069.3798828125,2095.639892578125,2061.39990234375,2095.639892578125,448200,2086.7520141601562,2136.4035095214845,2213.939254760742,2308.292955932617
2018-12-17,2071.090087890625,2075.929931640625,2065.510009765625,2071.2099609375,444500,2085.278515625,2132.5381774902344,2211.554839070638,2306.577006225586
2018-12-18,2062.110107421875,2074.31005859375,2054.260009765625,2057.389892578125,429500,2084.255017089844,2128.42367960612,2209.0900909423826,2304.629956665039
2018-12-19,2078.840087890625,2080.64990234375,2063.010009765625,2068.949951171875,418800,2084.369519042969,2124.596681722005,2206.822758992513,2302.7359075927734
2018-12-20,2060.1201171875,2071.080078125,2047.52001953125,2063.699951171875,421100,2083.87802734375,2120.2078511555987,2204.473509724935,2300.7558087158204
2018-12-21,2061.489990234375,2061.510009765625,2049.760009765625,2052.699951171875,311400,2084.0785278320313,2115.5798522949217,2202.3672597249347,2298.926458129883
2018-12-24,2055.010009765625,2059.93994140625,2046.1800537109375,2050.3798828125,285300,2082.67802734375,2110.572853597005,2200.107927449544,2297.190708618164
2018-12-26,2028.010009765625,2037.8299560546875,2014.280029296875,2028.81005859375,321500,2079.107531738281,2105.3218526204428,2198.078510538737,2295.4554583740232
2018-12-27,2028.43994140625,2035.5699462890625,2021.3900146484375,2032.0899658203125,398000,2075.1185302734375,2100.147853597005,2196.0425099690756,2293.5406085205077
2018-12-28,2041.0400390625,2046.969970703125,2035.4100341796875,2036.699951171875,352700,2071.46552734375,2095.672353108724,2194.1723439534503,2291.7367083740232
2019-01-02,2010.0,2053.449951171875,2004.27001953125,2050.550048828125,326400,2067.122521972656,2091.2641866048175,2192.109426879883,2289.6213079833983
2019-01-03,1993.699951171875,2014.719970703125,1991.6500244140625,2011.81005859375,428000,2060.2110229492187,2086.700518798828,2189.783008829753,2287.2925579833986
2019-01-04,2010.25,2011.56005859375,1984.530029296875,1992.4000244140625,409000,2055.0060180664063,2082.6408508300783,2187.4867584228514,2284.923207397461
2019-01-07,2037.0999755859375,2048.06005859375,2030.9000244140625,2034.239990234375,440200,2051.795513916016,2079.449015299479,2185.344592285156,2282.6362573242186
2019-01-08,2025.27001953125,2042.699951171875,2023.5899658203125,2038.6800537109375,397800,2049.6245178222657,2077.709016927083,2183.2166748046875,2280.33220703125
2019-01-09,2064.7099609375,2068.22998046875,2034.18994140625,2034.18994140625,386200,2049.0720153808593,2076.0900146484373,2181.3804239908854,2278.193857421875
2019-01-10,2063.280029296875,2072.81005859375,2057.159912109375,2065.72998046875,382900,2049.546514892578,2074.7260131835938,2179.316925048828,2276.0404077148437
2019-01-11,2075.570068359375,2076.989990234375,2063.989990234375,2070.360107421875,380100,2050.6765197753907,2073.566845703125,2177.4300923665364,2274.0431079101563
2019-01-14,2064.52001953125,2073.93994140625,2059.4599609375,2070.489990234375,432900,2049.7740173339844,2071.8503458658856,2175.4850931803385,2271.9381079101563
2019-01-15,2097.179931640625,2098.010009765625,2067.580078125,2069.139892578125,439500,2049.8555114746096,2070.9981770833333,2173.877341715495,2269.999157714844
2019-01-16,2106.10009765625,2106.35009765625,2091.919921875,2098.64990234375,500100,2051.691522216797,2070.162178548177,2172.4090922037763,2268.049558105469
2019-01-17,2107.06005859375,2117.429931640625,2101.699951171875,2110.139892578125,475900,2053.490020751953,2069.251346842448,2170.8913431803385,2266.5010583496096
2019-01-18,2124.280029296875,2124.5,2113.43994140625,2116.429931640625,456700,2056.598516845703,2069.554345703125,2169.6827596028647,2264.9370581054686
2019-01-21,2124.610107421875,2134.169921875,2114.449951171875,2133.8701171875,398000,2058.8870178222655,2070.004846191406,2168.3861775716146,2263.2998083496095
2019-01-22,2117.77001953125,2129.3701171875,2108.909912109375,2126.030029296875,419400,2061.7695129394533,2070.9126790364585,2167.092344156901,2261.792208251953
2019-01-23,2127.780029296875,2131.050048828125,2106.739990234375,2108.719970703125,408600,2065.084014892578,2072.589845784505,2165.7483439127604,2260.2492578125
2019-01-24,2145.030029296875,2145.080078125,2125.47998046875,2127.8798828125,413700,2069.5850158691405,2075.0728454589844,2164.4986775716147,2258.745157470703
2019-01-25,2177.72998046875,2178.010009765625,2146.639892578125,2147.919921875,410000,2077.071014404297,2077.790179443359,2163.5338439941406,2257.4130078125
2019-01-28,2177.300048828125,2188.14990234375,2169.169921875,2184.409912109375,371600,2084.514019775391,2080.250347900391,2162.5508443196613,2256.0873583984376
2019-01-29,2183.360107421875,2183.360107421875,2162.530029296875,2172.830078125,552600,2091.630023193359,2082.89868367513,2161.5199279785156,2254.963858642578
2019-01-30,2206.199951171875,2206.199951171875,2177.8798828125,2183.489990234375,480400,2101.440020751953,2084.735349527995,2160.9865946451823,2253.807258300781
2019-01-31,2204.85009765625,2222.8798828125,2201.219970703125,2222.8798828125,545200,2111.997528076172,2086.8675191243487,2160.296346028646,2252.6836083984376
2019-02-01,2203.4599609375,2218.780029296875,2201.409912109375,2211.929931640625,479400,2121.658026123047,2088.7648498535154,2159.604345703125,2251.4805078125
2019-02-07,2203.419921875,2215.7900390625,2196.77001953125,2215.77001953125,427800,2129.9740234375,2090.843682861328,2158.7981791178386,2250.243907470703
2019-02-08,2177.050048828125,2192.47998046875,2171.9599609375,2192.010009765625,391000,2137.563024902344,2092.2506856282553,2157.761513264974,2248.908057861328
2019-02-11,2180.72998046875,2181.580078125,2167.360107421875,2180.5400390625,406100,2143.3640258789064,2093.828017171224,2156.736680094401,2247.5981579589843
2019-02-12,2190.469970703125,2195.050048828125,2178.590087890625,2182.7099609375,429900,2149.723522949219,2095.6618509928385,2155.9673461914062,2246.275157470703
2019-02-13,2201.47998046875,2203.7099609375,2194.75,2200.0,422000,2156.0190185546876,2097.832684326172,2155.57592976888,2244.995107421875
2019-02-14,2225.85009765625,2225.85009765625,2186.090087890625,2195.919921875,573400,2164.0855224609377,2100.462685139974,2155.300431315104,2243.8555078125
2019-02-15,2196.090087890625,2210.93994140625,2187.7099609375,2210.93994140625,400600,2169.0310302734374,2102.263185628255,2154.9278483072917,2242.4360583496095
2019-02-18,2210.889892578125,2217.320068359375,2203.0,2207.360107421875,314400,2174.2705200195314,2104.2380187988283,2154.626513671875,2241.0600073242185
2019-02-19,2205.6298828125,2213.8701171875,2193.340087890625,2208.9599609375,389100,2179.199011230469,2105.9891825358072,2154.2744303385416,2239.706506347656
2019-02-20,2229.760009765625,2234.679931640625,2213.830078125,2216.739990234375,374300,2184.473010253906,2108.4421813964846,2153.9385965983074,2238.484755859375
2019-02-21,2228.659912109375,2234.31005859375,2213.18994140625,2224.260009765625,382500,2189.675500488281,2110.9773457845054,2153.5663452148438,2237.307355957031
2019-02-22,2230.5,2230.5,2217.080078125,2222.320068359375,409300,2195.3119995117186,2113.653179931641,2153.132177734375,2236.2158056640624
2019-02-25,2232.56005859375,2241.760009765625,2224.639892578125,2241.1298828125,339200,2200.5510009765626,2116.571181233724,2152.6267618815104,2235.0004064941404
2019-02-26,2226.60009765625,2235.699951171875,2221.760009765625,2230.3701171875,332000,2204.629504394531,2118.964182535807,2152.020928955078,2233.6714074707033
2019-02-27,2234.7900390625,2237.77001953125,2228.159912109375,2234.4599609375,301500,2207.4825073242187,2121.220351155599,2151.45151163737,2232.2684582519532
2019-02-28,2195.43994140625,2233.929931640625,2195.43994140625,2231.580078125,510000,2208.389501953125,2122.6740173339845,2150.5049275716146,2230.717607421875
2019-03-04,2190.659912109375,2216.02001953125,2188.56005859375,2210.969970703125,373200,2208.7544921875,2123.9500142415363,2149.532509358724,2229.2346569824217
2019-03-05,2179.22998046875,2185.739990234375,2171.330078125,2183.35009765625,313100,2207.4059936523436,2125.3228454589844,2148.3354268391927,2227.823907470703
2019-03-06,2175.60009765625,2179.010009765625,2168.4599609375,2177.110107421875,328900,2205.943493652344,2126.050681559245,2147.2401774088544,2226.4528576660155
2019-03-07,2165.7900390625,2181.18994140625,2155.18994140625,2173.18994140625,292600,2204.0599975585938,2126.9080139160155,2145.990761311849,2225.061907958984
2019-03-08,2137.43994140625,2159.669921875,2137.43994140625,2152.800048828125,313300,2200.7609985351564,2127.5101786295572,2144.7046773274737,2223.4283081054687
2019-03-11,2138.10009765625,2145.31005859375,2125.5400390625,2140.2900390625,272100,2198.8135009765624,2128.6670145670573,2143.4587605794272,2221.7302587890626
2019-03-12,2157.179931640625,2161.68994140625,2150.9599609375,2154.610107421875,355300,2197.6359985351564,2130.0240132649737,2142.4220926920575,2220.135607910156
2019-03-13,2148.409912109375,2154.110107421875,2134.159912109375,2152.659912109375,285600,2195.532995605469,2131.6010111490887,2141.2533426920572,2218.5849572753905
2019-03-14,2155.679931640625,2158.340087890625,2142.31005859375,2154.35009765625,341000,2193.2429931640627,2133.31284383138,2140.19067586263,2217.064256591797
2019-03-15,2176.110107421875,2181.77001953125,2152.590087890625,2152.9599609375,387100,2190.755993652344,2134.8718444824217,2139.3005940755206,2215.702557373047
2019-03-18,2179.489990234375,2183.89990234375,2172.340087890625,2179.68994140625,258000,2189.925988769531,2136.2708435058594,2138.411094156901,2214.2967578125
2019-03-19,2177.6201171875,2183.760009765625,2171.050048828125,2183.030029296875,319700,2188.2625,2138.074847412109,2137.239178466797,2212.8570080566406
2019-03-20,2177.10009765625,2177.18994140625,2152.2099609375,2171.409912109375,317600,2186.8360107421877,2139.841680908203,2136.1899291992186,2211.382958984375
2019-03-21,2184.8798828125,2200.320068359375,2173.699951171875,2183.110107421875,342700,2184.592004394531,2141.88784383138,2135.15576171875,2209.9773083496093
2019-03-22,2186.949951171875,2195.419921875,2178.77001953125,2192.719970703125,333600,2182.5065063476563,2143.6896748860677,2134.1431783040366,2208.6080578613282
2019-03-25,2144.860107421875,2159.25,2143.699951171875,2158.800048828125,307100,2178.22451171875,2145.1020080566404,2132.65492960612,2206.93755859375
2019-03-26,2148.800048828125,2153.89990234375,2143.6298828125,2152.97998046875,301300,2174.036511230469,2146.5571756998697,2131.0685139973957,2205.3953088378908
2019-03-27,2145.6201171875,2152.909912109375,2132.419921875,2147.18994140625,363200,2169.987512207031,2148.067344156901,2129.320098876953,2204.078259277344
2019-03-28,2128.10009765625,2136.39990234375,2120.929931640625,2131.25,288000,2164.6530151367188,2149.7355122884114,2127.528682454427,2202.603709716797
2019-03-29,2140.669921875,2143.300048828125,2124.070068359375,2138.449951171875,364600,2161.914514160156,2151.6060119628905,2125.8769327799478,2201.1122595214842
2019-04-01,2168.280029296875,2171.489990234375,2153.31005859375,2153.31005859375,263300,2160.795520019531,2153.726678466797,2124.6995157877604,2199.7148596191405
2019-04-02,2177.179931640625,2181.3701171875,2171.840087890625,2177.199951171875,257500,2160.693017578125,2156.513010660807,2123.8885986328123,2198.3319592285156
2019-04-03,2203.27001953125,2203.2900390625,2172.830078125,2176.81005859375,358600,2162.076513671875,2160.0058451334635,2123.3531819661457,2196.995408935547
2019-04-04,2206.530029296875,2216.14990234375,2198.659912109375,2201.0400390625,431000,2164.1135131835936,2163.277178955078,2122.959014892578,2195.7701586914063
2019-04-05,2209.610107421875,2214.820068359375,2205.260009765625,2206.360107421875,517200,2167.722021484375,2166.1523478190106,2122.800681559245,2194.467459716797
2019-04-08,2210.60009765625,2217.8701171875,2202.489990234375,2217.659912109375,347900,2171.347021484375,2169.241182454427,2123.475099690755,2193.176309814453
2019-04-09,2213.56005859375,2221.6201171875,2203.5400390625,2212.320068359375,414800,2174.1660278320314,2171.7220174153645,2123.906016031901,2192.1267102050783
2019-04-10,2224.389892578125,2225.02001953125,2203.820068359375,2206.199951171875,399700,2177.9650268554688,2174.4071818033854,2124.5665974934896,2191.228459472656
2019-04-11,2224.43994140625,2230.409912109375,2217.179931640625,2227.68994140625,402000,2181.40302734375,2176.8883463541665,2125.2275960286456,2190.4694592285155
2019-04-12,2233.449951171875,2233.449951171875,2212.8798828125,2221.10009765625,449600,2184.27001953125,2179.7038452148436,2125.7770955403644,2189.936158447266
2019-04-15,2242.8798828125,2251.219970703125,2240.2900390625,2242.31005859375,404200,2187.4395141601562,2182.132177734375,2126.565177408854,2189.3310083007814
2019-04-16,2248.6298828125,2249.889892578125,2235.719970703125,2241.06005859375,569100,2190.9900024414064,2184.507674153646,2127.3349263509112,2188.885007324219
2019-04-17,2245.889892578125,2252.050048828125,2242.010009765625,2249.050048828125,452500,2194.4294921875,2186.821504720052,2128.03642578125,2188.3283569335936
2019-04-18,2213.77001953125,2250.110107421875,2210.429931640625,2248.800048828125,573300,2195.8739990234376,2188.3130045572916,2128.9336751302085,2187.6078076171875
2019-04-19,2216.14990234375,2225.3701171875,2215.580078125,2223.419921875,525300,2197.3339965820314,2189.8386678059896,2129.921756998698,2186.9339575195313
2019-04-22,2216.64990234375,2227.93994140625,2207.25,2218.5,494000,2200.923486328125,2191.4866658528645,2131.1996724446612,2186.3070568847656
2019-04-23,2220.510009765625,2223.919921875,2212.139892578125,2217.610107421875,481200,2204.508984375,2193.0321655273438,2132.8110056559244,2185.838406982422
2019-04-24,2201.030029296875,2229.75,2190.2900390625,2229.75,575100,2207.2794799804688,2193.965498860677,2134.5191721598308,2185.212907714844
2019-04-25,2190.5,2200.889892578125,2187.43994140625,2195.469970703125,441100,2210.3994750976562,2194.178332519531,2135.984255981445,2184.807707519531
2019-04-26,2179.31005859375,2186.52001953125,2168.14990234375,2178.1298828125,570200,2212.3314819335938,2194.2118326822915,2137.231090291341,2184.340457763672
2019-04-29,2216.429931640625,2216.429931640625,2181.820068359375,2183.409912109375,380800,2214.738977050781,2194.7629964192706,2138.8308400472006,2184.0953076171877
2019-04-30,2203.590087890625,2215.77001953125,2186.330078125,2213.429931640625,381400,2216.0594848632813,2194.7194986979166,2139.7274241129558,2183.8255078125
2019-05-02,2212.75,2217.030029296875,2191.300048828125,2192.93994140625,369100,2216.533483886719,2194.8511637369793,2140.8593414306642,2183.5249072265624
2019-05-03,2196.320068359375,2211.360107421875,2192.360107421875,2209.43994140625,617900,2216.022985839844,2194.7321655273436,2141.7485076904295,2183.077507324219
2019-05-07,2176.989990234375,2179.510009765625,2160.43994140625,2172.389892578125,484100,2214.391979980469,2194.2916666666665,2142.5676747639973,2182.4916577148438
2019-05-08,2168.010009765625,2179.340087890625,2151.340087890625,2151.340087890625,456300,2212.2624755859374,2194.1409993489583,2143.1958424886066,2181.928607177734
2019-05-09,2102.010009765625,2164.97998046875,2102.010009765625,2159.7900390625,743500,2206.6849731445313,2192.8289998372397,2143.3285085042316,2181.013356933594
2019-05-10,2108.0400390625,2124.919921875,2090.389892578125,2118.419921875,714800,2200.86748046875,2191.4551676432293,2143.558509318034,2179.9990576171876
2019-05-13,2079.010009765625,2101.090087890625,2077.719970703125,2091.800048828125,505800,2193.595983886719,2189.4140014648438,2143.623342895508,2178.8841577148437
2019-05-14,2081.840087890625,2093.409912109375,2056.739990234375,2060.239990234375,696200,2186.015490722656,2187.0138346354165,2143.738259887695,2177.803758544922
2019-05-15,2092.780029296875,2100.010009765625,2076.4599609375,2081.919921875,577800,2178.510498046875,2185.292000325521,2143.777592976888,2176.817108154297
2019-05-16,2067.68994140625,2095.580078125,2062.43994140625,2094.8798828125,745200,2169.4635009765625,2182.9053344726562,2143.5716766357423,2175.7441076660157
2019-05-17,2055.800048828125,2082.830078125,2053.7900390625,2081.570068359375,537400,2159.9590087890624,2180.408170572917,2143.198676554362,2174.577158203125
2019-05-20,2055.7099609375,2077.10009765625,2051.68994140625,2066.530029296875,640200,2152.056005859375,2177.5073364257814,2142.974758911133,2173.5091577148437
2019-05-21,2061.25,2076.469970703125,2053.68994140625,2056.949951171875,526900,2144.3110107421876,2174.7171712239583,2142.847258504232,2172.414407958984
2019-05-22,2064.860107421875,2070.800048828125,2048.010009765625,2068.64990234375,510000,2136.7215209960937,2171.956506347656,2142.8048431396483,2171.3735583496095
2019-05-23,2059.590087890625,2065.860107421875,2046.8199462890625,2063.25,509300,2128.6755249023436,2169.0736735026044,2142.822427368164,2170.226208496094
2019-05-24,2045.31005859375,2057.3798828125,2035.97998046875,2047.300048828125,480600,2120.8895263671875,2166.0521728515623,2142.508177693685,2168.9778088378907
2019-05-27,2044.2099609375,2055.1298828125,2035.8699951171875,2044.25,351600,2113.5750244140627,2162.875838216146,2142.0480946858725,2167.73130859375
2019-05-28,2048.830078125,2058.419921875,2038.52001953125,2044.77001953125,494500,2107.051025390625,2160.432340494792,2141.553178914388,2166.499158935547
2019-05-29,2023.3199462890625,2046.7099609375,2016.25,2046.7099609375,380900,2097.3955261230467,2157.643341064453,2140.7966776529947,2165.080408325195
2019-05-30,2038.800048828125,2040.6600341796875,2023.9100341796875,2024.3299560546875,461900,2089.1560241699217,2155.302842203776,2140.31284383138,2163.9234088134767
2019-05-31,2041.739990234375,2048.89990234375,2022.969970703125,2029.030029296875,439200,2080.6055236816405,2153.0718404134113,2139.5612609863283,2162.693709106445
2019-06-03,2067.85009765625,2070.580078125,2029.1700439453125,2031.030029296875,387100,2074.182025146484,2151.4395080566405,2139.173760986328,2161.6004595947265
2019-06-04,2066.969970703125,2072.18994140625,2060.97998046875,2066.780029296875,436000,2068.681024169922,2150.265008544922,2138.8875935872397,2160.434509887695
2019-06-05,2069.110107421875,2086.489990234375,2065.7099609375,2084.159912109375,380200,2063.7360290527345,2149.115175374349,2138.8910949707033,2159.272810668945
2019-06-07,2072.330078125,2081.159912109375,2057.969970703125,2070.780029296875,368400,2062.252032470703,2147.7010111490886,2138.862512207031,2158.115911254883
2019-06-10,2099.489990234375,2099.64990234375,2075.510009765625,2087.3701171875,457600,2061.824530029297,2146.8856791178387,2139.2433451334637,2157.199411010742
2019-06-11,2111.81005859375,2114.570068359375,2094.60009765625,2096.090087890625,550700,2063.464532470703,2146.1545145670575,2139.733679199219,2156.5162115478515
2019-06-12,2108.75,2118.889892578125,2104.409912109375,2111.659912109375,693500,2064.810028076172,2145.031846110026,2139.951845296224,2155.7654119873046
2019-06-13,2103.14990234375,2108.010009765625,2081.919921875,2104.4599609375,553400,2065.3285217285156,2143.759511311849,2140.015177408854,2155.077161254883
2019-06-14,2095.409912109375,2103.02001953125,2087.469970703125,2096.320068359375,473400,2066.714520263672,2142.3893412272137,2140.2320943196614,2154.318960571289
2019-06-17,2090.72998046875,2103.590087890625,2087.25,2091.7099609375,561600,2068.461016845703,2140.9498392740884,2140.395760091146,2153.5332110595705
2019-06-18,2098.7099609375,2103.02001953125,2089.31005859375,2089.31005859375,601000,2070.611016845703,2139.513673909505,2140.7007588704428,2152.676460571289
2019-06-19,2124.780029296875,2126.739990234375,2117.639892578125,2119.5400390625,863000,2073.787518310547,2138.477508544922,2141.083591715495,2151.933710327148
2019-06-20,2131.2900390625,2131.77001953125,2120.419921875,2121.780029296875,1007200,2077.109014892578,2138.2513407389324,2141.6766743977864,2151.17716003418
2019-06-21,2125.6201171875,2132.679931640625,2120.14990234375,2132.3798828125,692000,2080.410516357422,2137.8650085449217,2142.2110921223957,2150.33921081543
2019-06-24,2126.330078125,2134.47998046875,2123.8798828125,2130.320068359375,669600,2084.4615173339844,2137.5435078938804,2142.8054260253907,2149.474360961914
2019-06-25,2121.639892578125,2136.239990234375,2115.110107421875,2125.739990234375,643000,2088.3330139160157,2137.4358378092447,2143.5856750488283,2148.566959838867
2019-06-26,2121.85009765625,2128.25,2115.719970703125,2120.199951171875,736900,2091.984014892578,2137.122174072266,2144.364093017578,2147.631060180664
2019-06-27,2134.320068359375,2141.27001953125,2118.219970703125,2120.72998046875,644900,2097.5340209960937,2136.5561747233073,2145.141426595052,2146.76591003418
2019-06-28,2130.6201171875,2139.239990234375,2123.969970703125,2135.06005859375,537300,2102.1250244140624,2135.780177815755,2146.146594238281,2145.8046112060547
2019-07-01,2129.739990234375,2147.239990234375,2126.8701171875,2147.239990234375,412300,2106.5250244140625,2134.554677327474,2147.2802612304686,2144.918161010742
2019-07-02,2122.02001953125,2130.860107421875,2112.52001953125,2122.070068359375,460800,2109.2335205078125,2133.1461771647137,2148.211678059896,2143.949661254883
2019-07-03,2096.02001953125,2127.7099609375,2093.320068359375,2120.75,522700,2110.6860229492186,2131.253009033203,2148.7026784261066,2142.9709112548826
2019-07-04,2108.72998046875,2108.800048828125,2088.969970703125,2102.360107421875,446900,2112.6670166015624,2129.555173746745,2149.398178100586,2142.076510620117
2019-07-05,2110.590087890625,2115.429931640625,2096.22998046875,2111.0,459400,2114.5800170898438,2127.839007568359,2149.780512491862,2141.221560668945
2019-07-08,2064.169921875,2092.5400390625,2063.780029296875,2091.909912109375,516000,2112.814013671875,2125.1686747233075,2149.787928263346,2140.0991107177733
2019-07-09,2052.030029296875,2075.300048828125,2052.030029296875,2070.35009765625,440100,2109.8250122070312,2122.295176188151,2149.5917612711587,2138.9432611083985
2019-07-10,2058.780029296875,2068.199951171875,2056.47998046875,2061.550048828125,355700,2107.326513671875,2119.3840108235677,2149.543928019206,2137.822561645508
2019-07-11,2080.580078125,2088.239990234375,2070.2099609375,2070.590087890625,376700,2106.1980224609374,2116.679014078776,2149.4055959065754,2136.794312133789
2019-07-12,2086.659912109375,2090.429931640625,2077.35009765625,2083.530029296875,403900,2105.7605224609374,2113.9795145670573,2149.2435943603514,2135.636361694336
2019-07-15,2082.47998046875,2088.340087890625,2073.10009765625,2083.389892578125,463500,2105.3480224609375,2111.2560160319013,2149.0387603759764,2134.5337115478515
2019-07-16,2091.8701171875,2096.669921875,2078.739990234375,2084.4599609375,682800,2105.0060302734373,2109.2243509928385,2148.768677775065,2133.448162231445
2019-07-17,2072.919921875,2080.010009765625,2063.489990234375,2079.909912109375,761600,2102.4130249023438,2106.8371846516925,2148.3379262288413,2132.270462036133
2019-07-18,2066.550048828125,2073.199951171875,2061.330078125,2068.659912109375,446600,2099.176025390625,2104.335520426432,2147.9110931396485,2130.985962524414
2019-07-19,2094.360107421875,2096.72998046875,2076.510009765625,2080.2099609375,394900,2097.6130249023436,2102.2330220540366,2147.63259379069,2129.7619134521483
2019-07-22,2093.340087890625,2099.340087890625,2087.510009765625,2090.35009765625,332600,2095.963525390625,2100.4381896972654,2147.2018442789713,2128.4514642333984
2019-07-23,2101.449951171875,2106.389892578125,2095.3798828125,2095.760009765625,648100,2094.9540283203123,2098.954022216797,2146.566177368164,2127.243363647461
2019-07-24,2082.300048828125,2105.679931640625,2080.659912109375,2097.159912109375,851400,2092.976525878906,2097.337188720703,2145.7745107014975,2125.960464477539
2019-07-25,2074.47998046875,2088.81005859375,2061.080078125,2085.669921875,598600,2089.984521484375,2094.971356201172,2144.8671763102216,2124.785014038086
2019-07-26,2066.260009765625,2068.159912109375,2054.639892578125,2063.35009765625,589100,2086.7665161132813,2092.682521565755,2143.701010131836,2123.743864135742
2019-07-29,2029.47998046875,2063.1298828125,2025.010009765625,2059.1298828125,608700,2081.753515625,2089.6280212402344,2142.239592488607,2122.5536639404295
2019-07-30,2038.6800537109375,2044.5899658203125,2032.6099853515625,2035.3199462890625,547000,2077.5865173339844,2087.0006876627604,2140.866426595052,2121.4779138183594
2019-07-31,2024.550048828125,2041.1600341796875,2010.949951171875,2036.4599609375,589400,2074.013018798828,2084.4600219726562,2139.3758443196616,2120.4576135253906
2019-08-01,2017.3399658203125,2032.22998046875,2009.3299560546875,2015.0899658203125,461700,2069.4435180664063,2081.9488545735676,2138.044926961263,2119.895963745117
2019-08-02,1998.1300048828125,2005.31005859375,1987.1199951171875,1995.31005859375,438500,2063.8205139160154,2080.217521158854,2136.523260498047,2119.07736328125
2019-08-05,1946.97998046875,1987.6400146484375,1945.3900146484375,1985.9300537109375,639600,2057.961016845703,2077.5331868489584,2134.494177246094,2118.0866625976564
2019-08-06,1917.5,1948.530029296875,1891.81005859375,1900.3599853515625,739600,2051.234515380859,2074.8413533528646,2132.127677408854,2116.948562011719
2019-08-07,1909.7099609375,1929.2900390625,1901.6099853515625,1925.3299560546875,760800,2043.7810119628907,2071.972517903646,2129.4931762695314,2115.659561767578
2019-08-08,1920.6099853515625,1937.949951171875,1915.81005859375,1926.280029296875,777200,2035.7825073242188,2069.103017171224,2127.1975087483725,2114.521061401367
2019-08-09,1937.75,1946.93994140625,1936.1400146484375,1940.06005859375,654300,2028.33701171875,2066.93735148112,2124.921342976888,2113.428511352539
2019-08-12,1942.2900390625,1949.18994140625,1933.25,1941.530029296875,427100,2021.3275146484375,2065.045517985026,2122.7268442789714,2112.331411743164
2019-08-13,1925.8299560546875,1937.6800537109375,1923.5799560546875,1928.760009765625,660000,2013.0255065917968,2062.880851236979,2120.19409383138,2111.430061035156
2019-08-14,1938.3699951171875,1952.219970703125,1937.22998046875,1946.1800537109375,699600,2006.2980102539063,2060.8328511555987,2117.7750111897785,2110.6340106201174
2019-08-16,1927.1700439453125,1927.699951171875,1911.719970703125,1921.489990234375,421700,1999.3290100097656,2058.538016764323,2115.2472615559896,2109.953360595703
2019-08-19,1939.9000244140625,1943.0899658203125,1931.43994140625,1936.6400146484375,481000,1991.606005859375,2056.543182373047,2112.8084279378254,2109.5171105957033
2019-08-20,1960.25,1964.1600341796875,1937.530029296875,1942.989990234375,463600,1984.9515014648437,2055.1255147298175,2110.58884379069,2109.3381103515626
2019-08-21,1964.6500244140625,1971.1199951171875,1954.469970703125,1954.5699462890625,391600,1978.111505126953,2053.7995157877604,2108.337677001953,2109.0879107666015
2019-08-22,1951.010009765625,1967.9599609375,1951.010009765625,1966.5999755859375,435600,1971.5470031738282,2052.169181315104,2106.3007609049478,2108.6945111083983
2019-08-23,1948.300048828125,1953.8499755859375,1940.5999755859375,1942.4200439453125,381100,1965.2380065917969,2050.918849690755,2104.2810953776043,2108.3137115478517
2019-08-26,1916.31005859375,1924.489990234375,1909.9200439453125,1915.3399658203125,324900,1957.7405090332031,2048.8773498535156,2102.090096028646,2107.41526184082
2019-08-27,1924.5999755859375,1937.4200439453125,1919.280029296875,1928.97998046875,427000,1952.4965087890625,2046.9250162760416,2099.9984283447266,2106.653662109375
2019-08-28,1941.0899658203125,1943.6199951171875,1926.4300537109375,1929.9599609375,284300,1947.6170043945312,2044.8123474121094,2098.125927734375,2105.911011352539
2019-08-29,1933.4100341796875,1947.1500244140625,1928.489990234375,1943.550048828125,285100,1943.0600036621095,2042.5863484700521,2096.425678507487,2105.1846118164062
2019-08-30,1967.7900390625,1971.2099609375,1951.300048828125,1951.6600341796875,317700,1940.5825073242188,2040.8976806640626,2095.006428019206,2104.560412597656
2019-09-02,1969.18994140625,1973.25,1958.5899658203125,1961.18994140625,262200,1939.1355041503907,2039.1786783854166,2093.4398447672525,2103.9759118652346
2019-09-03,1965.68994140625,1976.3699951171875,1960.1500244140625,1966.5,342100,1940.0710021972657,2036.9486775716146,2091.9171783447264,2103.4021618652346
2019-09-04,1988.530029296875,1988.530029296875,1962.0799560546875,1962.4300537109375,348700,1943.6225036621095,2034.8940104166666,2090.524262491862,2102.988662109375
2019-09-05,2004.75,2015.3900146484375,1992.510009765625,1993.6199951171875,488100,1948.3745056152343,2033.1606770833334,2089.0962615966796,2102.6721618652346
2019-09-06,2009.1300048828125,2017.199951171875,2005.68994140625,2016.1099853515625,384400,1952.8005065917969,2031.5936787923176,2087.6765950520835,2102.2775115966797
2019-09-09,2019.550048828125,2029.800048828125,2013.280029296875,2013.3800048828125,511800,1956.8905090332032,2030.3293477376303,2086.359344482422,2101.9132623291016
2019-09-10,2032.0799560546875,2034.280029296875,2021.5799560546875,2024.7900390625,504400,1961.3800048828125,2029.3518473307292,2085.1508433024087,2101.5708618164062
2019-09-11,2049.199951171875,2050.800048828125,2040.0400390625,2043.719970703125,429100,1967.5485046386718,2028.526680501302,2084.020177205404,2101.4039611816406
2019-09-16,2062.219970703125,2062.219970703125,2044.800048828125,2056.260009765625,493500,1973.7410034179688,2027.484012858073,2082.9807607014973,2101.3323107910155
2019-09-17,2062.330078125,2066.330078125,2055.169921875,2058.719970703125,508000,1980.499005126953,2026.3346801757812,2082.2930104573566,2101.294211425781
2019-09-18,2070.72998046875,2075.6298828125,2058.52001953125,2064.419921875,613100,1987.0405029296876,2025.4198445638021,2081.642426554362,2101.360461425781
2019-09-19,2080.35009765625,2089.81005859375,2070.530029296875,2070.530029296875,493000,1993.0455078125,2024.6535115559896,2081.098509724935,2101.347111816406
2019-09-20,2091.52001953125,2092.3701171875,2077.300048828125,2080.860107421875,589900,1999.3890075683594,2024.151513671875,2080.79367574056,2101.3076123046876
2019-09-23,2091.699951171875,2095.5400390625,2085.60009765625,2087.699951171875,420900,2006.4235046386718,2023.6490112304687,2080.385592651367,2101.2250122070313
2019-09-24,2101.0400390625,2101.6298828125,2085.909912109375,2090.18994140625,535800,2014.0605041503907,2023.094344075521,2079.825259399414,2101.1597119140624
2019-09-25,2073.389892578125,2095.27001953125,2072.409912109375,2093.469970703125,651600,2021.9144958496095,2022.140506998698,2078.9603424072266,2101.0423608398437
2019-09-26,2074.52001953125,2087.330078125,2064.340087890625,2082.659912109375,430600,2029.410498046875,2021.2201741536458,2077.88742574056,2100.755311279297
2019-09-27,2049.929931640625,2066.9599609375,2044.75,2066.9599609375,285900,2034.8524963378907,2020.018672688802,2076.582424926758,2100.4332104492187
2019-09-30,2063.050048828125,2064.989990234375,2042.010009765625,2045.77001953125,327600,2041.3344970703124,2019.4691731770833,2075.3610911051433,2100.2419104003907
2019-10-01,2072.419921875,2077.47998046875,2057.909912109375,2062.43994140625,389300,2046.5659912109375,2018.8640055338542,2074.2095896402993,2100.2605603027346
2019-10-02,2031.9100341796875,2058.22998046875,2031.9100341796875,2058.22998046875,414500,2049.7019958496094,2017.5526713053384,2072.695839436849,2100.0413104248046
2019-10-04,2020.68994140625,2039.4300537109375,2020.68994140625,2028.4000244140625,402900,2052.4519958496094,2016.8280049641928,2070.99833984375,2099.8758099365236
2019-10-07,2021.72998046875,2034.93994140625,2016.18994140625,2031.530029296875,322200,2054.111993408203,2016.3230041503907,2069.309090169271,2099.719609985352
2019-10-08,2046.25,2046.81005859375,2024.6300048828125,2029.3699951171875,437500,2056.1869934082033,2016.114170328776,2067.749090576172,2099.5380096435547
2019-10-10,2028.1500244140625,2040.8800048828125,2010.9000244140625,2030.1300048828125,445800,2057.1379943847655,2015.2403361002605,2065.9596750895184,2099.2010095214846
2019-10-11,2044.6099853515625,2053.93994140625,2040.47998046875,2048.080078125,381100,2058.3909912109375,2014.5395039876303,2064.2595092773436,2099.0771600341795
2019-10-14,2067.39990234375,2075.10009765625,2065.530029296875,2068.1298828125,511200,2060.1569885253907,2014.2881693522136,2062.7720926920574,2099.0587091064453
2019-10-15,2068.169921875,2073.2099609375,2064.340087890625,2064.780029296875,464500,2061.1054870605467,2013.8931660970052,2061.558758544922,2099.089008178711
2019-10-16,2082.830078125,2090.010009765625,2073.800048828125,2080.919921875,524500,2062.1359924316407,2014.0583353678385,2060.4477600097657,2099.108958129883
2019-10-17,2077.93994140625,2087.14990234375,2072.489990234375,2081.760009765625,314200,2062.9164855957033,2014.2481669108072,2059.29184366862,2099.1980572509765
2019-10-18,2060.68994140625,2088.5400390625,2057.889892578125,2082.22998046875,516700,2062.414483642578,2013.6869974772135,2057.960009765625,2099.194057006836
2019-10-21,2064.840087890625,2067.969970703125,2059.330078125,2067.969970703125,606100,2061.638983154297,2013.2119974772136,2056.8250935872397,2099.243207397461
2019-10-22,2088.860107421875,2093.81005859375,2073.080078125,2076.2900390625,504100,2061.505987548828,2013.0021667480469,2055.978094482422,2099.547457885742
2019-10-23,2080.6201171875,2088.25,2074.8798828125,2086.81005859375,429500,2060.9519958496094,2012.9741678873697,2055.1556783040364,2099.8083587646483
2019-10-24,2085.659912109375,2089.85009765625,2067.89990234375,2089.85009765625,367700,2060.182989501953,2013.1605000813802,2054.065928141276,2100.0314581298826
2019-10-25,2087.889892578125,2091.239990234375,2079.300048828125,2091.159912109375,348700,2060.907989501953,2013.5209981282553,2053.1017598470053,2100.4209075927733
2019-10-28,2093.60009765625,2104.389892578125,2089.760009765625,2096.669921875,269200,2061.861993408203,2014.589666748047,2052.1088439941404,2100.9204083251952
2019-10-29,2092.68994140625,2105.169921875,2088.0400390625,2103.919921875,357700,2063.9999938964843,2015.4898315429687,2051.2452596028647,2101.3326080322267
2019-10-30,2080.27001953125,2093.510009765625,2075.5400390625,2093.510009765625,415600,2064.8609924316406,2016.4184977213542,2050.4392598470054,2101.548458251953
2019-10-31,2083.47998046875,2103.7099609375,2083.47998046875,2089.219970703125,461300,2065.413995361328,2017.5208312988282,2049.7348429361978,2101.8395080566406
2019-11-01,2100.199951171875,2100.419921875,2081.530029296875,2084.7900390625,418300,2068.8284912109375,2019.2219970703125,2049.719759114583,2102.0169580078127
2019-11-04,2130.239990234375,2130.830078125,2111.320068359375,2111.320068359375,476300,2074.3059936523437,2022.2763305664062,2049.9047587076825,2102.3517578125
2019-11-05,2142.639892578125,2143.1201171875,2128.699951171875,2133.659912109375,400600,2080.3514892578123,2026.028662109375,2050.4350077311196,2102.687106933594
2019-11-06,2144.14990234375,2156.22998046875,2138.830078125,2142.68994140625,410100,2085.246484375,2029.9359944661458,2050.9542561848957,2103.0852563476565
2019-11-07,2144.2900390625,2147.010009765625,2135.449951171875,2141.050048828125,425700,2091.0534851074217,2033.663995361328,2051.383506266276,2103.3208068847657
2019-11-08,2137.22998046875,2155.93994140625,2133.75,2154.179931640625,574100,2095.6844848632813,2036.988661702474,2051.963006591797,2103.476456298828
2019-11-11,2124.090087890625,2139.070068359375,2119.070068359375,2139.070068359375,617300,2098.518994140625,2040.018662516276,2052.532090250651,2103.5616064453125
2019-11-12,2140.919921875,2140.93994140625,2121.800048828125,2131.260009765625,610400,2102.156494140625,2043.603495279948,2053.2421732584635,2103.644805908203
2019-11-13,2122.449951171875,2133.3701171875,2118.669921875,2132.47998046875,664400,2104.137487792969,2046.671494547526,2053.7521728515626,2103.634005126953
2019-11-14,2139.22998046875,2139.22998046875,2121.320068359375,2127.5400390625,521100,2107.2019897460937,2050.2058268229166,2054.37192179362,2103.7413049316406
2019-11-15,2162.179931640625,2165.02001953125,2135.260009765625,2137.9599609375,556200,2112.2764892578125,2053.9104919433594,2055.226837158203,2103.9133044433593
2019-11-18,2160.68994140625,2165.889892578125,2151.969970703125,2161.889892578125,489200,2117.068981933594,2057.2511576334637,2056.188336181641,2103.991604003906
2019-11-19,2153.239990234375,2154.409912109375,2137.010009765625,2151.0400390625,826900,2120.287976074219,2060.394323730469,2057.0969197591144,2103.8691540527343
2019-11-20,2125.320068359375,2145.969970703125,2123.800048828125,2140.06005859375,581100,2122.5229736328124,2063.299491373698,2057.734336344401,2103.609254150391
2019-11-21,2096.60009765625,2125.360107421875,2088.18994140625,2123.64990234375,579600,2123.0699829101563,2065.7711588541665,2058.3450042724608,2103.1754541015625
2019-11-22,2101.9599609375,2106.419921875,2093.989990234375,2098.889892578125,519900,2123.773486328125,2068.8653238932293,2058.8713368733725,2102.6542541503904
2019-11-25,2123.5,2130.0400390625,2116.070068359375,2117.139892578125,397700,2125.2684814453123,2072.18032430013,2059.552670288086,2102.2475036621095
2019-11-26,2121.35009765625,2139.639892578125,2120.85009765625,2129.27001953125,532600,2126.7014892578127,2075.1846598307293,2059.9985036214193,2101.836954345703
2019-11-27,2127.85009765625,2136.300048828125,2118.070068359375,2134.469970703125,367800,2129.0804931640623,2078.4253275553388,2060.505838012695,2101.459105224609
2019-11-28,2118.60009765625,2127.75,2116.580078125,2116.929931640625,335200,2130.8364990234377,2080.938828531901,2060.9182545979816,2101.16685546875
2019-11-29,2087.9599609375,2125.530029296875,2085.10009765625,2125.530029296875,433300,2130.224499511719,2082.918328857422,2061.048503621419,2100.7030053710937
2019-12-02,2091.919921875,2103.8701171875,2088.919921875,2097.550048828125,385300,2128.30849609375,2085.0221618652345,2060.9854197184245,2100.210255126953
2019-12-03,2084.070068359375,2085.7099609375,2066.60009765625,2075.02001953125,450000,2125.3800048828125,2086.6144958496093,2060.754253133138,2099.6232055664063
2019-12-04,2068.889892578125,2072.909912109375,2057.449951171875,2070.840087890625,347000,2121.6170043945312,2087.683494059245,2060.4220855712892,2098.8384045410157
2019-12-05,2060.739990234375,2084.2900390625,2053.56005859375,2078.31005859375,472200,2117.439501953125,2088.543660481771,2060.0686696370444,2098.1616540527343
2019-12-06,2081.85009765625,2084.43994140625,2070.169921875,2072.43994140625,440200,2114.6705078125,2089.581994628906,2059.9556711832684,2097.516455078125
2019-12-09,2088.64990234375,2093.81005859375,2084.31005859375,2091.93994140625,393100,2112.8984985351562,2090.5248270670572,2059.9383371988934,2096.9315551757813
2019-12-10,2098.0,2100.47998046875,2080.159912109375,2081.219970703125,500100,2110.7525024414062,2091.3381612141925,2059.9324208577473,2096.272755126953
2019-12-11,2105.6201171875,2109.219970703125,2092.47998046875,2098.280029296875,668700,2109.9110107421875,2092.0614969889325,2059.772754923503,2095.6575561523437
2019-12-12,2137.35009765625,2138.929931640625,2120.1298828125,2120.1298828125,584600,2109.8170166015625,2093.3118306477863,2059.823255411784,2095.191806640625
2019-12-13,2170.25,2170.25,2159.449951171875,2164.6298828125,540000,2110.2205200195312,2094.970497639974,2060.195171101888,2094.880256347656
2019-12-16,2168.14990234375,2175.010009765625,2166.2900390625,2168.050048828125,377100,2110.5935180664064,2096.433827718099,2060.5436696370443,2094.588005371094
2019-12-17,2195.679931640625,2196.010009765625,2171.090087890625,2179.39990234375,599500,2112.7155151367188,2098.169826253255,2061.160669962565,2094.392454833984
2019-12-18,2194.760009765625,2204.0400390625,2187.320068359375,2194.919921875,591100,2116.1875122070314,2099.8874938964846,2061.7682525634764,2094.3890551757813
2019-12-19,2196.56005859375,2204.72998046875,2186.590087890625,2199.419921875,643100,2121.185510253906,2101.479494222005,2062.286919148763,2094.418555908203
2019-12-20,2204.179931640625,2206.820068359375,2194.800048828125,2205.570068359375,646700,2126.2965087890625,2103.65932820638,2062.899917602539,2094.5433056640627
2019-12-23,2203.7099609375,2209.199951171875,2196.429931640625,2208.219970703125,502000,2130.3070068359375,2105.8124938964843,2063.516334025065,2094.683854980469
2019-12-24,2190.080078125,2206.22998046875,2187.580078125,2206.22998046875,570000,2133.743505859375,2108.148329671224,2064.083501180013,2094.805305175781
2019-12-26,2197.929931640625,2198.010009765625,2183.89990234375,2192.219970703125,571300,2137.2474975585938,2110.3963277180987,2064.932750447591,2095.107755126953
2019-12-27,2204.2099609375,2215.550048828125,2177.39990234375,2183.699951171875,490200,2141.5279907226563,2112.5928283691405,2065.7284169514974,2095.4383044433594
2019-12-30,2197.669921875,2208.0400390625,2195.64990234375,2202.6201171875,416400,2147.0134887695312,2115.3554931640624,2066.4540822347003,2095.640754394531
2020-01-02,2175.169921875,2202.320068359375,2171.840087890625,2201.2099609375,494700,2151.175988769531,2117.9301595052084,2067.3790822347005,2095.774554443359
2020-01-03,2176.4599609375,2203.3798828125,2165.389892578125,2192.580078125,631600,2155.7954833984377,2120.508992513021,2068.415998331706,2095.878454589844
2020-01-06,2155.070068359375,2164.419921875,2149.949951171875,2154.969970703125,592700,2160.1044921875,2122.3226603190105,2069.218415323893,2095.7732543945312
2020-01-07,2175.5400390625,2181.6201171875,2164.27001953125,2166.60009765625,568200,2165.8444946289064,2124.779160563151,2070.009748331706,2095.753504638672
2020-01-08,2151.31005859375,2162.320068359375,2137.719970703125,2156.27001953125,913800,2169.317492675781,2126.5574951171875,2070.548499552409,2095.621954345703
2020-01-09,2186.449951171875,2186.449951171875,2172.159912109375,2182.199951171875,592600,2174.2074951171876,2128.5416625976563,2071.414915974935,2095.668703613281
2020-01-10,2206.389892578125,2206.919921875,2188.10009765625,2189.47998046875,594500,2179.626989746094,2130.8453287760417,2072.3692474365234,2095.7762536621094
2020-01-13,2229.260009765625,2230.429931640625,2204.489990234375,2204.489990234375,488300,2185.808984375,2133.2858276367188,2073.6720815022786,2095.987803955078
2020-01-14,2238.8798828125,2250.7900390625,2232.93994140625,2243.06005859375,835900,2190.8854736328126,2135.9681599934897,2075.1081634521483,2096.4579028320313
2020-01-15,2230.97998046875,2238.2099609375,2223.389892578125,2229.800048828125,746200,2193.92197265625,2138.806327311198,2076.246662394206,2096.8688024902344
2020-01-16,2248.050048828125,2249.090087890625,2225.409912109375,2231.929931640625,808300,2197.9169799804686,2141.859826660156,2077.535912068685,2097.3809521484377
2020-01-17,2250.570068359375,2268.7099609375,2245.580078125,2261.570068359375,580800,2200.661486816406,2144.5549926757812,2078.778579711914,2097.993302001953
2020-01-20,2262.639892578125,2277.22998046875,2258.090087890625,2261.39990234375,545500,2204.0554809570312,2147.588655598958,2080.281411743164,2098.6031518554687
2020-01-21,2239.68994140625,2266.31005859375,2238.25,2259.81005859375,770300,2206.2119750976562,2150.1558227539062,2081.6581614176434,2098.9602014160155
2020-01-22,2267.25,2269.27001953125,2235.1298828125,2238.530029296875,608500,2209.365478515625,2153.145157877604,2083.3330780029296,2099.4105517578123
2020-01-23,2246.1298828125,2260.6298828125,2241.93994140625,2254.5400390625,509600,2211.486474609375,2155.687320963542,2085.1384938557944,2099.624851074219
2020-01-28,2176.719970703125,2199.929931640625,2166.22998046875,2192.219970703125,808500,2210.818469238281,2157.087821451823,2086.288826497396,2099.47580078125
2020-01-29,2185.280029296875,2195.449951171875,2172.330078125,2188.179931640625,692300,2210.1859741210938,2158.83798828125,2087.628243001302,2099.354150390625
2020-01-30,2148.0,2187.449951171875,2139.719970703125,2181.5400390625,602700,2207.3754760742186,2159.913321940104,2088.7170766194663,2099.041149902344
2020-01-31,2119.010009765625,2167.22998046875,2119.010009765625,2160.60009765625,710500,2203.44248046875,2160.2268229166666,2089.7244099934896,2098.568399658203
2020-02-03,2118.8798828125,2126.72998046875,2082.739990234375,2086.610107421875,836700,2200.627978515625,2160.037487792969,2091.1569091796873,2098.040849609375
2020-02-04,2157.89990234375,2162.320068359375,2120.530029296875,2121.219970703125,624600,2199.6999755859374,2160.2918212890627,2093.1602416992187,2097.7081494140625
2020-02-05,2165.6298828125,2181.52001953125,2154.8798828125,2177.260009765625,574400,2200.2279663085938,2160.6498209635415,2095.2929077148438,2097.3690490722656
2020-02-06,2227.93994140625,2229.989990234375,2182.25,2184.77001953125,695000,2202.8479614257812,2162.043986002604,2097.853990681966,2097.294349365234
2020-02-07,2211.949951171875,2223.919921875,2198.139892578125,2221.489990234375,800200,2205.8799560546877,2163.2893188476564,2100.138990275065,2097.110949707031
2020-02-10,2201.070068359375,2203.389892578125,2180.510009765625,2185.6298828125,609600,2206.6109619140625,2164.5723185221354,2102.295490519206,2096.8868505859373
2020-02-11,2223.1201171875,2233.320068359375,2211.25,2213.5,526000,2207.447473144531,2165.9423217773438,2104.772908528646,2096.9336010742186
2020-02-12,2238.3798828125,2242.239990234375,2214.77001953125,2225.949951171875,632500,2207.903466796875,2167.8744873046876,2107.2729909261066,2097.0447509765627
2020-02-13,2232.9599609375,2255.489990234375,2230.300048828125,2245.719970703125,638700,2207.607470703125,2169.4366536458333,2109.821240234375,2097.1263012695313
2020-02-14,2243.590087890625,2251.5,2221.89990234375,2232.7099609375,597200,2208.2379760742188,2170.793489583333,2112.3519907633463,2097.241701660156
2020-02-17,2242.169921875,2250.050048828125,2230.260009765625,2243.070068359375,458200,2207.9439697265625,2172.1514892578125,2114.701323445638,2097.447401123047
2020-02-18,2208.8798828125,2232.929931640625,2205.2099609375,2225.97998046875,470400,2205.8594604492187,2173.078820800781,2116.736572265625,2097.5393005371093
2020-02-19,2210.340087890625,2226.0,2191.199951171875,2222.510009765625,590800,2203.2444702148437,2174.495821126302,2118.89765625,2097.694450683594
2020-02-20,2195.5,2228.179931640625,2186.719970703125,2223.550048828125,709600,2201.0349731445312,2176.144152832031,2120.957655843099,2097.5898010253904
2020-02-21,2162.840087890625,2184.429931640625,2160.280029296875,2165.64990234375,635500,2195.8144775390624,2177.1588216145833,2123.012072753906,2097.3860510253908
2020-02-24,2079.0400390625,2120.06005859375,2079.030029296875,2114.0400390625,948600,2187.4599853515624,2176.417822265625,2124.2990732828775,2096.717501220703
2020-02-25,2103.610107421875,2105.489990234375,2071.5,2075.550048828125,1565600,2183.8044921875,2176.1221557617187,2125.6534077962237,2096.2539514160158
2020-02-26,2076.77001953125,2089.639892578125,2059.1298828125,2064.070068359375,810900,2178.3789916992187,2175.270821126302,2126.8480743408204,2095.7528515625
2020-02-27,2054.889892578125,2085.39990234375,2049.14990234375,2073.8701171875,562500,2173.723486328125,2174.208984375,2127.5739064534505,2095.1872509765626
2020-02-28,1987.010009765625,2031.010009765625,1980.8199462890625,2020.1700439453125,671600,2167.123486328125,2172.526485188802,2127.722407023112,2094.6122509765623
2020-03-02,2002.510009765625,2017.0699462890625,1969.3399658203125,1997.030029296875,528100,2161.3049926757812,2171.0363199869794,2128.029240926107,2094.084600830078
2020-03-03,2014.1500244140625,2051.85009765625,2009.3900146484375,2051.85009765625,615700,2154.117498779297,2169.870985921224,2128.242740885417,2093.7603009033205
2020-03-04,2059.330078125,2063.590087890625,2005.81005859375,2005.81005859375,606300,2148.8025085449217,2169.7116556803385,2128.697574869792,2093.647750854492
2020-03-05,2085.260009765625,2089.080078125,2059.989990234375,2078.110107421875,675200,2141.6685119628905,2170.120322672526,2129.3319915771485,2093.610150756836
2020-03-06,2040.219970703125,2062.570068359375,2032.1300048828125,2053.090087890625,865600,2133.0820129394533,2169.4264872233075,2129.504240926107,2093.47280090332
2020-03-09,1954.77001953125,1989.5,1946.9000244140625,1981.02001953125,666900,2120.767010498047,2167.1951558430987,2128.859991455078,2092.967650756836
2020-03-10,1962.9300537109375,1968.1700439453125,1934.719970703125,1942.8499755859375,638600,2107.7575073242188,2164.9439900716147,2128.1410756429036,2092.503751220703
2020-03-11,1908.27001953125,1967.699951171875,1898.27001953125,1965.6700439453125,679700,2091.2520141601562,2161.654821777344,2126.858159383138,2091.7388513183596
2020-03-12,1834.3299560546875,1897.22998046875,1808.56005859375,1887.969970703125,850300,2071.3205139160154,2156.6044860839843,2124.9581583658855,2090.5862005615236
2020-03-13,1771.43994140625,1809.31005859375,1680.5999755859375,1722.6800537109375,1035300,2047.7130065917968,2149.9576517740884,2122.464074707031,2089.1454498291014
2020-03-16,1714.8599853515625,1805.4300537109375,1714.3800048828125,1805.4300537109375,682000,2021.347509765625,2142.4028198242186,2119.418323771159,2087.4931994628905
2020-03-17,1672.43994140625,1722.969970703125,1637.8800048828125,1640.8399658203125,649800,1994.5255126953125,2133.6821533203124,2115.9259897867837,2085.6343493652344
2020-03-18,1591.199951171875,1693.949951171875,1591.1199951171875,1686.1199951171875,728000,1963.568505859375,2123.6228190104166,2111.7551564534506,2083.3461987304686
2020-03-19,1457.6400146484375,1626.0899658203125,1439.4300537109375,1626.0899658203125,977700,1926.6755065917969,2111.3074849446616,2106.393489583333,2080.5177990722655
2020-03-20,1566.1500244140625,1566.8199462890625,1466.47998046875,1498.489990234375,817000,1896.8410034179688,2100.673653157552,2102.166490681966,2078.1545489501955
2020-03-23,1482.4599609375,1516.75,1458.4100341796875,1474.449951171875,647200,1867.0119995117188,2088.6528198242186,2097.2326568603517,2075.3581488037107
2020-03-24,1609.969970703125,1609.969970703125,1508.6800537109375,1523.68994140625,679300,1842.3299926757813,2078.9843180338544,2093.566323852539,2073.068748168945
2020-03-25,1704.760009765625,1707.6400146484375,1645.280029296875,1668.18994140625,872800,1823.7294921875,2070.7648193359373,2090.5805735270183,2071.257698364258
2020-03-26,1686.239990234375,1735.75,1679.22998046875,1699.1099853515625,992500,1805.2969970703125,2062.1319864908855,2087.362407430013,2069.34334777832
2020-03-27,1717.72998046875,1759.050048828125,1668.2099609375,1756.0699462890625,1077500,1791.8329956054688,2054.132987467448,2084.744240315755,2067.570347290039
2020-03-30,1717.1199951171875,1729.6300048828125,1659.949951171875,1670.3399658203125,767800,1777.563494873047,2046.4988220214843,2082.2144907633465,2065.658497314453
2020-03-31,1754.6400146484375,1757.81005859375,1722.6199951171875,1739.2900390625,1037500,1764.5879943847656,2039.4684895833334,2079.988741048177,2063.8726470947267
2020-04-01,1685.4599609375,1762.43994140625,1685.3699951171875,1737.280029296875,1243600,1745.8944885253907,2031.6416544596354,2076.9821573893228,2061.756196899414
2020-04-02,1724.8599853515625,1726.760009765625,1664.1300048828125,1693.530029296875,766300,1727.8744873046876,2024.1303202311199,2074.4547403971355,2059.8647473144533
2020-04-03,1725.43994140625,1743.9100341796875,1706.6800537109375,1731.1700439453125,1000100,1712.1354858398438,2017.0324849446615,2071.7949900309245,2058.0148974609374
2020-04-06,1791.8800048828125,1794.18994140625,1742.6700439453125,1745.25,1219400,1703.990985107422,2010.456319173177,2069.498990885417,2056.5206475830078
2020-04-07,1823.5999755859375,1838.969970703125,1791.9200439453125,1826.719970703125,951400,1697.024481201172,2004.0764872233074,2067.4609079996744,2055.14509765625
2020-04-08,1807.1400146484375,1842.1600341796875,1801.800048828125,1815.75,907500,1691.9679809570312,1997.041153971354,2065.1634908040364,2053.556897583008
2020-04-09,1836.2099609375,1839.3299560546875,1818.300048828125,1838.0899658203125,920600,1692.0619812011719,1990.329988606771,2063.14907430013,2052.081497192383
2020-04-10,1860.699951171875,1861.0999755859375,1824.4300537109375,1835.760009765625,992500,1696.5249816894532,1984.1586547851562,2061.482491048177,2050.756896362305
2020-04-13,1825.760009765625,1853.300048828125,1825.760009765625,1853.300048828125,1017800,1702.0699829101563,1977.120487467448,2059.490157063802,2049.2540460205078
2020-04-14,1857.0799560546875,1864.4599609375,1837.1700439453125,1846.4100341796875,886800,1711.301983642578,1970.5623189290366,2057.558655802409,2047.9312463378906
2020-04-16,1857.0699462890625,1862.22998046875,1828.1300048828125,1839.510009765625,878300,1724.5954833984374,1963.8028198242187,2055.6957377115887,2046.6073455810547
2020-04-17,1914.530029296875,1926.02001953125,1893.18994140625,1893.31005859375,1667500,1747.4399841308593,1958.3834879557292,2054.2696553548176,2045.5083953857422
2020-04-20,1898.3599853515625,1925.25,1893.1700439453125,1908.3399658203125,1087500,1764.0504821777345,1952.2353210449219,2052.690239461263,2044.3470947265625
2020-04-21,1879.3800048828125,1898.3199462890625,1841.6600341796875,1886.780029296875,1174300,1783.896484375,1946.122823079427,2050.9050720214846,2043.0952947998046
2020-04-22,1896.1500244140625,1897.9000244140625,1844.8499755859375,1855.510009765625,820400,1798.2054870605468,1941.4466573079428,2049.267239379883,2041.9659448242187
2020-04-23,1914.72998046875,1923.530029296875,1895.97998046875,1907.449951171875,683700,1808.7039855957032,1936.9374898274739,2047.8877390543619,2041.0594946289064
2020-04-24,1889.010009765625,1908.2900390625,1880.7099609375,1906.0699462890625,933900,1818.8424865722657,1932.6209899902344,2046.2671559651692,2039.9608947753907
2020-04-27,1922.77001953125,1929.8199462890625,1894.6199951171875,1897.06005859375,735700,1829.0944885253907,1929.350323486328,2044.7885732014975,2039.0217944335936
2020-04-28,1934.0899658203125,1941.7900390625,1911.6300048828125,1931.25,1173500,1839.9429870605468,1926.2704915364584,2043.1539896647134,2038.3713946533203
2020-04-29,1947.56005859375,1957.510009765625,1934.31005859375,1936.8900146484375,1984200,1849.5889892578125,1922.7648274739583,2041.5283243815104,2037.8490447998047
2020-05-04,1895.3699951171875,1918.6600341796875,1894.2900390625,1906.4200439453125,1146900,1860.084490966797,1918.2604960123697,2039.4551584879557,2037.0319946289062
2020-05-06,1928.760009765625,1928.760009765625,1905.550048828125,1919.449951171875,1082200,1870.2794921875,1913.2741638183593,2037.6590749104819,2036.2728942871095
2020-05-07,1928.6099853515625,1938.5,1918.5699462890625,1922.0,775700,1880.4379943847657,1908.5518310546875,2035.9205749511718,2035.4826446533202
2020-05-08,1945.8199462890625,1956.8900146484375,1942.5400390625,1944.93994140625,784500,1888.134991455078,1904.2976623535155,2034.4349904378255,2034.799344482422
2020-05-11,1935.4000244140625,1960.4599609375,1932.8699951171875,1953.510009765625,591100,1893.7249938964844,1899.5023274739583,2032.722324625651,2034.0169940185547
2020-05-12,1922.1700439453125,1938.6199951171875,1905.1700439453125,1938.6199951171875,799900,1899.476495361328,1894.2321634928385,2031.053325398763,2033.2632446289062
2020-05-13,1940.4200439453125,1940.4200439453125,1897.239990234375,1897.5,618800,1904.6869995117188,1889.3564982096354,2029.3965759277344,2032.6325946044922
2020-05-14,1924.9599609375,1931.4300537109375,1913.489990234375,1922.43994140625,760600,1907.9,1884.04599609375,2027.4197428385417,2031.7855938720704
2020-05-15,1927.280029296875,1938.5899658203125,1913.2099609375,1937.6300048828125,866400,1912.9760009765625,1878.797831217448,2025.4746602376301,2030.9552935791016
2020-05-18,1937.1099853515625,1943.0699462890625,1921.1400146484375,1934.510009765625,761700,1916.9775024414062,1874.2683329264323,2023.6735768636067,2030.13359375
2020-05-19,1980.6099853515625,1983.77001953125,1968.5899658203125,1977.469970703125,773400,1923.1545043945312,1870.4394978841146,2022.4676595052083,2029.6251434326173
2020-05-20,1989.6400146484375,1992.199951171875,1972.1199951171875,1972.1199951171875,699400,1926.9100036621094,1867.0084981282553,2021.5763254801432,2029.2009436035157
2020-05-21,1998.31005859375,2004.949951171875,1993.0,2003.199951171875,600900,1931.9075073242188,1864.2663309733073,2020.7125762939454,2028.8611938476563
2020-05-22,1970.1300048828125,2002.6500244140625,1961.4000244140625,2001.5999755859375,847500,1936.4450073242188,1862.4511637369792,2019.4344930013021,2028.5644439697267
2020-05-25,1994.5999755859375,1994.9000244140625,1967.8399658203125,1980.510009765625,641500,1941.3675048828125,1860.6343282063801,2018.3782419840495,2028.3440435791015
2020-05-26,2029.780029296875,2029.8900146484375,1997.93994140625,2001.0,1017800,1947.1200073242187,1859.851161702474,2017.5609914143881,2028.3701934814453
2020-05-27,2031.199951171875,2043.43994140625,2019.8199462890625,2027.9000244140625,1178800,1954.2295043945312,1859.4563293457031,2016.8326568603516,2028.4394934082031
2020-05-28,2028.5400390625,2054.52001953125,2003.75,2047.0799560546875,1172100,1959.5180053710938,1860.148496500651,2016.3374908447265,2028.5915435791017
2020-05-29,2029.5999755859375,2038.8900146484375,2006.6199951171875,2018.3699951171875,1086200,1964.293505859375,1860.5999959309895,2015.8181579589843,2029.0046435546874
2020-06-01,2065.080078125,2065.3798828125,2035.6300048828125,2037.0400390625,997300,1970.1695068359375,1861.4488301595052,2015.6599080403646,2029.7425439453125
2020-06-02,2087.18994140625,2089.429931640625,2059.139892578125,2061.449951171875,1000300,1979.7605041503907,1861.9131612141928,2015.8124084472656,2030.6299438476562
2020-06-03,2147.0,2156.550048828125,2107.68994140625,2108.550048828125,1152000,1990.6725036621094,1862.9421610514323,2016.5312418619792,2031.7618939208985
2020-06-04,2151.179931640625,2191.0,2139.679931640625,2181.639892578125,1393300,2001.8010009765626,1864.7914937337239,2017.1089904785156,2032.8290435791016
2020-06-05,2181.8701171875,2187.25,2138.179931640625,2151.169921875,854600,2013.6035095214843,1868.5764953613282,2017.8858256022136,2034.0269439697265
2020-06-08,2184.2900390625,2217.2099609375,2174.9599609375,2215.60009765625,854000,2026.0480102539063,1872.2658284505208,2018.6049092610676,2035.3192443847656
2020-06-09,2188.919921875,2212.169921875,2166.010009765625,2206.22998046875,817100,2039.3855041503907,1876.9433268229166,2019.2990743001303,2036.5719940185547
2020-06-10,2195.68994140625,2200.679931640625,2178.1201171875,2187.909912109375,706300,2052.1489990234377,1882.9659932454426,2019.7852396647136,2037.9145935058593
2020-06-11,2176.780029296875,2200.719970703125,2148.510009765625,2184.360107421875,827400,2064.7400024414064,1889.721661376953,2019.8396565755208,2039.0989935302734
2020-06-12,2132.300048828125,2137.1201171875,2084.6298828125,2088.239990234375,689900,2074.991003417969,1896.6789957682292,2019.540907796224,2039.959243774414
2020-06-15,2030.8199462890625,2129.669921875,2030.8199462890625,2114.409912109375,1071600,2079.6765014648436,1902.6519958496094,2018.167074584961,2040.290093383789
2020-06-16,2138.050048828125,2138.080078125,2079.02001953125,2091.090087890625,973300,2087.548504638672,1911.7661641438801,2017.6944915771485,2041.2252935791016
2020-06-17,2141.050048828125,2154.3701171875,2105.260009765625,2133.179931640625,927200,2095.119006347656,1923.1563313802083,2017.2319081624348,2042.1890435791015
2020-06-18,2133.47998046875,2145.1298828125,2120.2900390625,2134.35009765625,767100,2101.8775024414062,1932.6118306477865,2016.6427419026693,2043.2748931884767
2020-06-19,2141.320068359375,2153.570068359375,2108.909912109375,2153.090087890625,1079300,2110.4370056152343,1943.592832438151,2016.1228261311849,2044.3584936523437
2020-06-22,2126.72998046875,2142.8798828125,2122.10009765625,2126.3798828125,789400,2117.043505859375,1952.205499267578,2015.5949086507162,2045.286693725586
2020-06-23,2131.239990234375,2158.14990234375,2110.510009765625,2149.1298828125,917600,2122.11650390625,1959.3134989420573,2015.0391591389973,2046.2758435058595
2020-06-24,2161.510009765625,2171.860107421875,2143.909912109375,2145.929931640625,913900,2128.6320068359373,1967.2346659342447,2014.6833262125651,2047.244443359375
2020-06-25,2112.3701171875,2143.330078125,2112.3701171875,2130.449951171875,1017700,2132.8235107421874,1973.8120015462239,2013.972494506836,2047.9603442382813
2020-06-26,2134.64990234375,2142.0400390625,2115.25,2137.469970703125,761000,2138.076007080078,1980.7708333333333,2013.6348276774088,2048.8051440429685
2020-06-29,2093.47998046875,2120.5,2087.840087890625,2105.5400390625,643200,2139.4960021972656,1986.4181660970053,2012.9433278401693,2049.329893798828
2020-06-30,2108.330078125,2134.3798828125,2108.260009765625,2124.3798828125,708600,2140.553009033203,1993.4660013834634,2012.5538279215496,2049.847794189453
2020-07-01,2106.699951171875,2133.550048828125,2101.330078125,2128.81005859375,1116200,2138.538006591797,1999.8300008138021,2011.980160522461,2050.3356439208983
2020-07-02,2135.3701171875,2135.3701171875,2113.97998046875,2116.719970703125,1092000,2137.7475158691404,2006.6621704101562,2011.8473276774089,2050.9147442626954
2020-07-03,2152.409912109375,2153.5400390625,2135.300048828125,2147.889892578125,770100,2136.2745056152344,2012.6710021972656,2011.5636606852213,2051.516394042969
2020-07-06,2187.929931640625,2191.280029296875,2157.7099609375,2158.949951171875,666900,2136.4565002441404,2018.7431681315104,2011.4098276774089,2052.2100439453125
2020-07-07,2164.169921875,2206.7900390625,2164.030029296875,2202.0400390625,847400,2135.2190002441407,2024.6936665852866,2010.8674102783202,2052.719793701172
2020-07-08,2158.8798828125,2173.830078125,2150.889892578125,2166.760009765625,677800,2133.378497314453,2030.0714986165365,2010.2007436116537,2053.2025427246094
2020-07-09,2167.89990234375,2181.47998046875,2166.739990234375,2171.14990234375,619400,2132.934490966797,2035.1914978027344,2009.6750762939453,2053.688392333984
2020-07-10,2150.25,2171.52001953125,2140.2900390625,2171.43994140625,887000,2133.8319885253904,2040.5996643066405,2008.8600758870443,2054.037891845703
2020-07-13,2186.06005859375,2188.800048828125,2163.070068359375,2170.510009765625,650200,2141.593994140625,2046.082666015625,2008.3224924723306,2054.5105920410156
2020-07-14,2183.610107421875,2183.610107421875,2165.60009765625,2176.429931640625,811000,2143.8719970703123,2051.525002034505,2007.663910929362,2054.9701428222656
2020-07-15,2201.8798828125,2216.969970703125,2190.659912109375,2208.72998046875,830300,2146.9134887695313,2056.3141662597654,2007.3488271077474,2055.4743420410155
2020-07-16,2183.760009765625,2207.340087890625,2177.820068359375,2203.300048828125,784600,2149.427490234375,2061.070833333333,2006.6530771891275,2056.026192626953
2020-07-17,2201.18994140625,2204.199951171875,2187.85009765625,2187.85009765625,569300,2152.4209838867187,2066.4343322753907,2006.2785776774087,2056.659542236328
2020-07-20,2198.199951171875,2209.590087890625,2183.830078125,2209.590087890625,686800,2155.994482421875,2071.468497721354,2006.4575775146484,2057.4008923339843
2020-07-21,2228.830078125,2234.860107421875,2214.280029296875,2219.18994140625,918500,2160.873986816406,2076.7034993489583,2006.8204945882162,2058.229792480469
2020-07-22,2228.659912109375,2238.860107421875,2221.6201171875,2228.199951171875,856200,2164.231481933594,2082.3643310546877,2007.492660522461,2059.0109924316407
2020-07-23,2216.18994140625,2227.239990234375,2202.989990234375,2227.239990234375,934400,2169.422473144531,2087.2546630859374,2008.3024932861329,2059.9323919677736
2020-07-24,2200.43994140625,2219.570068359375,2195.489990234375,2196.72998046875,1001000,2172.7119750976562,2091.6938293457033,2008.9821604410806,2060.8311419677734
2020-07-27,2217.860107421875,2231.25,2203.47998046875,2203.47998046875,928600,2178.9309814453127,2096.198830159505,2009.4818288167319,2061.811792602539
2020-07-28,2256.989990234375,2266.0,2237.2099609375,2238.18994140625,866700,2186.363977050781,2102.225830078125,2010.2431630452475,2062.8654925537107
2020-07-29,2263.159912109375,2276.7900390625,2252.239990234375,2258.35009765625,899300,2194.186975097656,2107.7991617838543,2010.5366628011068,2064.0405419921876
2020-07-30,2267.010009765625,2281.330078125,2263.81005859375,2275.330078125,712900,2200.7689697265623,2113.4391621907553,2010.9954966227212,2065.152542114258
2020-07-31,2249.3701171875,2281.409912109375,2248.489990234375,2278.530029296875,739700,2205.616979980469,2118.498331705729,2011.3979970296225,2066.0623931884766
2020-08-03,2251.0400390625,2254.3798828125,2237.0400390625,2251.64990234375,648500,2208.7724853515624,2123.7589986165362,2011.6306630452475,2066.976743774414
2020-08-04,2279.969970703125,2284.659912109375,2269.68994140625,2272.330078125,722800,2214.5624877929686,2129.7223307291665,2011.9772471110025,2067.962443237305
2020-08-05,2311.860107421875,2312.139892578125,2283.949951171875,2289.22998046875,841200,2222.2114990234377,2135.9129984537763,2012.6347483317056,2069.1320440673826
2020-08-06,2342.610107421875,2352.47998046875,2322.639892578125,2322.639892578125,797000,2230.9470092773436,2142.8738342285155,2013.4599151611328,2070.541644897461
2020-08-07,2351.669921875,2362.239990234375,2333.6201171875,2349.25,812600,2241.0180053710938,2149.9469991048177,2014.3724151611327,2071.9757940673826
2020-08-10,2386.3798828125,2390.510009765625,2349.330078125,2353.919921875,784400,2251.0339965820312,2157.4348307291666,2015.8515818277995,2073.4633929443357
2020-08-11,2418.669921875,2429.360107421875,2396.110107421875,2396.110107421875,843400,2262.7869873046875,2164.735829671224,2017.5876637776694,2075.1536419677736
2020-08-12,2432.35009765625,2432.85009765625,2393.27001953125,2414.780029296875,752900,2274.310498046875,2172.1143310546877,2019.5614145914712,2076.887092895508
2020-08-13,2437.530029296875,2458.169921875,2412.489990234375,2455.280029296875,907200,2286.9989990234376,2179.4346638997395,2021.8504974365235,2078.6352935791015
2020-08-14,2407.489990234375,2435.0,2383.68994140625,2427.85009765625,968100,2297.314001464844,2186.7239969889324,2024.5875803629558,2080.204743041992
2020-08-18,2348.239990234375,2419.64990234375,2336.780029296875,2405.840087890625,909800,2304.8160034179687,2192.617997233073,2026.6261627197266,2081.482493286133
2020-08-19,2360.5400390625,2380.10009765625,2353.169921875,2370.8701171875,638000,2311.401501464844,2198.1306640625,2028.990912882487,2082.883843383789
2020-08-20,2274.219970703125,2357.080078125,2270.85009765625,2339.909912109375,903700,2313.6795043945312,2202.1809977213543,2030.8186635335287,2083.837543334961
2020-08-21,2304.590087890625,2329.340087890625,2280.969970703125,2306.159912109375,865700,2318.09951171875,2206.7818318684895,2033.4651641845703,2084.859494018555
2020-08-24,2329.830078125,2332.330078125,2283.47998046875,2309.3798828125,649300,2324.5690185546873,2211.7856669108073,2036.1928314208985,2085.8574444580076
2020-08-25,2366.72998046875,2369.780029296875,2340.969970703125,2352.14990234375,771600,2332.0125122070312,2216.813165283203,2039.130997721354,2086.977894897461
2020-08-26,2369.320068359375,2374.679931640625,2336.97998046875,2367.739990234375,956500,2337.629016113281,2221.5153340657553,2041.714247639974,2088.1037457275393
2020-08-27,2344.449951171875,2373.360107421875,2344.3798828125,2371.949951171875,913700,2341.6935180664063,2224.8061665852865,2043.8741638183594,2089.104545288086
2020-08-28,2353.800048828125,2379.260009765625,2345.280029296875,2362.219970703125,1297300,2346.0330200195312,2228.1831685384113,2046.4873311360677,2090.1873956298828
2020-08-31,2326.169921875,2381.5,2326.06005859375,2377.090087890625,1647800,2349.873010253906,2230.588165283203,2049.5823303222655,2091.197794799805
2020-09-01,2349.550048828125,2355.89990234375,2331.22998046875,2340.18994140625,1085200,2354.7985107421873,2233.342498779297,2052.8041636149087,2092.24094543457
2020-09-02,2364.3701171875,2369.570068359375,2341.2900390625,2363.429931640625,1429300,2359.018518066406,2236.266668701172,2056.604997762044,2093.4505462646484
2020-09-03,2395.89990234375,2401.780029296875,2382.22998046875,2383.260009765625,981500,2363.2205078125,2239.6035013834635,2061.284747314453,2094.7338958740233
2020-09-04,2368.25,2371.02001953125,2332.679931640625,2332.679931640625,1351000,2364.5025024414062,2242.794667561849,2066.258164469401,2095.76424621582
2020-09-07,2384.219970703125,2387.489990234375,2362.419921875,2369.85009765625,1197400,2366.1300048828125,2246.9933329264322,2071.836164347331,2096.881896362305
2020-09-08,2401.909912109375,2407.56005859375,2391.429931640625,2402.659912109375,979400,2366.9065063476564,2253.1781656901044,2077.9150807698566,2098.1252459716798
2020-09-09,2375.81005859375,2388.85009765625,2369.1201171875,2372.530029296875,946200,2364.7635131835937,2257.140832519531,2084.4534983317058,2099.3776959228517
2020-09-10,2396.47998046875,2406.679931640625,2388.56005859375,2404.830078125,1064600,2362.970007324219,2261.397998046875,2092.277164713542,2100.877095336914
2020-09-11,2396.68994140625,2397.56005859375,2374.0,2389.760009765625,882900,2360.9280029296874,2265.7848307291665,2099.1983306884767,2102.350745239258
2020-09-14,2427.909912109375,2429.070068359375,2410.7900390625,2418.330078125,963100,2361.9489990234374,2270.561328125,2107.0770802815755,2103.8727947998045
2020-09-15,2443.580078125,2444.570068359375,2423.7900390625,2434.590087890625,850000,2366.7160034179688,2275.8421630859375,2114.023831176758,2105.4839447021486
2020-09-16,2435.919921875,2450.530029296875,2429.93994140625,2442.719970703125,772900,2370.484997558594,2280.9201619466144,2120.116830444336,2107.0242938232423
2020-09-17,2406.169921875,2437.02001953125,2398.68994140625,2430.77001953125,853700,2377.0824951171876,2284.9978271484374,2126.1162465413413,2108.462142944336
2020-09-18,2412.39990234375,2417.81005859375,2396.330078125,2413.530029296875,756500,2382.4729858398437,2289.998323567708,2131.905162556966,2110.084342651367
2020-09-21,2389.389892578125,2427.169921875,2379.3798828125,2412.43994140625,1042000,2385.4509765625,2294.2439900716145,2137.5074117024737,2111.571692504883
2020-09-22,2332.590087890625,2388.489990234375,2323.580078125,2388.139892578125,1051000,2383.7439819335937,2298.2291585286457,2142.3236623128255,2112.814292602539
2020-09-23,2333.239990234375,2354.4599609375,2287.43994140625,2352.56005859375,735000,2381.939978027344,2301.977657063802,2147.721829223633,2114.1360430908203
2020-09-24,2272.699951171875,2309.739990234375,2268.8798828125,2295.6201171875,714900,2378.3524780273438,2304.7443237304688,2152.2871622721354,2115.1958428955077
2020-09-25,2278.7900390625,2296.360107421875,2267.6298828125,2295.18994140625,698000,2374.6019775390623,2307.134655761719,2156.8984130859376,2116.180542602539
2020-09-28,2308.080078125,2314.81005859375,2291.320068359375,2301.159912109375,606000,2373.6974853515626,2309.7291585286457,2161.2000803629558,2117.277693481445
2020-09-29,2327.889892578125,2339.830078125,2320.0400390625,2331.510009765625,646200,2372.6144775390626,2312.0618245442706,2165.4024963378906,2118.427142944336
2020-10-05,2358.0,2364.72998046875,2327.830078125,2330.550048828125,763600,2372.2959716796877,2315.2923258463543,2169.9929962158203,2119.6890423583986
2020-10-06,2365.89990234375,2378.280029296875,2355.389892578125,2369.169921875,861800,2370.7959716796877,2318.7426595052084,2174.4070790608725,2120.831791381836
2020-10-07,2386.93994140625,2387.449951171875,2347.820068359375,2350.820068359375,735800,2371.73046875,2322.3933268229166,2178.7924123128255,2121.9152410888673
2020-10-08,2391.9599609375,2409.010009765625,2383.820068359375,2408.489990234375,961700,2372.117468261719,2326.421826171875,2183.5107452392576,2123.034291381836
2020-10-12,2403.72998046875,2409.419921875,2393.739990234375,2404.179931640625,843600,2372.2084716796876,2330.049658203125,2188.066162109375,2124.0745416259765
2020-10-13,2403.14990234375,2418.889892578125,2385.8701171875,2416.85009765625,724900,2373.5754638671874,2333.7086547851563,2192.6168284098308,2125.1164910888674
2020-10-14,2380.47998046875,2405.56005859375,2375.5400390625,2403.739990234375,901200,2372.7754638671877,2336.6853230794272,2196.4997446695966,2126.0360906982423
2020-10-15,2361.2099609375,2376.72998046875,2348.739990234375,2375.909912109375,1165500,2371.00146484375,2339.642822265625,2200.356827799479,2126.8212408447266
2020-10-16,2341.530029296875,2370.72998046875,2325.030029296875,2363.8798828125,920200,2366.682470703125,2341.981823730469,2204.2080780029296,2127.5103411865234
2020-10-19,2346.739990234375,2364.25,2344.77001953125,2352.919921875,930800,2361.840466308594,2344.457491048177,2207.962994384766,2128.29364074707
2020-10-20,2358.409912109375,2358.409912109375,2322.06005859375,2333.56005859375,870300,2357.9649658203125,2346.617154947917,2211.6603271484373,2129.096040649414
2020-10-21,2370.860107421875,2371.739990234375,2356.320068359375,2363.030029296875,810400,2356.1994750976564,2348.987158203125,2215.675744628906,2129.929291381836
2020-10-22,2355.050048828125,2360.219970703125,2339.72998046875,2355.610107421875,814000,2353.331982421875,2351.3014933268228,2219.27807820638,2130.716192016602
2020-10-23,2360.81005859375,2368.570068359375,2344.489990234375,2364.840087890625,890400,2351.9029907226563,2353.974328613281,2222.834078979492,2131.644392700195
2020-10-26,2343.909912109375,2374.5,2342.580078125,2366.5,822300,2352.4689819335936,2356.075158691406,2226.1369944254557,2132.4816424560545
2020-10-27,2330.840087890625,2349.330078125,2321.22998046875,2328.659912109375,666900,2352.348986816406,2357.3059936523437,2229.7659118652346,2133.360492553711
2020-10-28,2345.260009765625,2345.4599609375,2316.469970703125,2324.179931640625,705200,2355.9769897460938,2358.6743286132814,2233.236745198568,2134.2090924072268
2020-10-29,2326.669921875,2330.169921875,2299.909912109375,2312.340087890625,509100,2358.370983886719,2359.668660481771,2236.553911336263,2135.085891723633
2020-10-30,2267.14990234375,2320.199951171875,2266.929931640625,2319.56005859375,795600,2356.3244750976564,2359.964990234375,2239.231660970052,2135.489391479492
2020-11-02,2300.159912109375,2302.639892578125,2267.949951171875,2276.610107421875,678500,2354.9379760742186,2360.783654785156,2242.271326700846,2135.9582415771483
2020-11-03,2343.31005859375,2344.77001953125,2315.300048828125,2315.81005859375,887400,2354.203479003906,2361.839322916667,2245.780826822917,2136.528491821289
2020-11-04,2357.320068359375,2371.139892578125,2339.949951171875,2361.320068359375,986800,2353.7744873046877,2362.596988932292,2249.254993693034,2137.1206927490234
2020-11-05,2413.7900390625,2413.7900390625,2370.85009765625,2373.409912109375,702000,2355.1169921875,2363.783321126302,2253.3285776774087,2138.034743041992
2020-11-06,2416.5,2431.110107421875,2404.969970703125,2421.7900390625,825600,2356.343994140625,2364.8638224283854,2257.4054107666016,2138.8769927978515
2020-11-09,2447.199951171875,2459.14990234375,2434.52001953125,2438.6298828125,1354900,2358.5174926757813,2365.877490234375,2261.6561604817707,2139.860142211914
2020-11-10,2452.830078125,2457.93994140625,2435.590087890625,2453.949951171875,1464200,2361.001501464844,2366.446826171875,2265.5913279215497,2140.8110931396486
2020-11-11,2485.8701171875,2488.0400390625,2459.5,2459.5,1272000,2366.2710083007814,2367.338826497396,2269.7265787760416,2142.0419940185548
2020-11-12,2475.6201171875,2488.7900390625,2467.0400390625,2482.679931640625,1278100,2371.9915161132812,2367.973661295573,2273.7041625976562,2143.0838446044922
2020-11-13,2493.8701171875,2495.77001953125,2460.9599609375,2470.1201171875,1072400,2379.6085205078125,2369.413330078125,2278.0686635335287,2144.3225457763674
2020-11-16,2543.030029296875,2546.3701171875,2507.4599609375,2507.4599609375,1239100,2389.4230224609373,2372.6598307291665,2282.63891398112,2146.154096069336
2020-11-17,2539.14990234375,2556.090087890625,2533.340087890625,2544.1201171875,1266400,2398.4600219726562,2375.6366617838544,2286.883662923177,2147.92344543457
2020-11-18,2545.639892578125,2553.949951171875,2536.780029296875,2548.85009765625,923500,2407.199011230469,2380.1603271484373,2291.170662434896,2149.911644897461
2020-11-19,2547.419921875,2548.949951171875,2529.530029296875,2536.889892578125,976500,2416.8175048828125,2384.207491048177,2295.494661458333,2152.0536944580076
2020-11-20,2553.5,2558.2099609375,2539.7900390625,2544.06005859375,1128900,2426.452001953125,2387.9353230794272,2299.8604949951173,2154.2267950439455
2020-11-23,2602.590087890625,2605.580078125,2553.699951171875,2560.0400390625,1648900,2439.3860107421874,2391.8663248697917,2304.3397450764974,2156.4502459716796
2020-11-24,2617.760009765625,2628.52001953125,2605.030029296875,2616.280029296875,1364500,2453.7320068359377,2396.0069905598957,2308.7611623128255,2158.710896606445
2020-11-25,2601.5400390625,2642.260009765625,2583.409912109375,2637.340087890625,1410100,2466.546008300781,2400.291825358073,2312.5489959716797,2160.5788970947265
2020-11-26,2625.909912109375,2625.969970703125,2592.429931640625,2605.72998046875,1387400,2481.5080078125,2404.8269897460937,2316.5050791422527,2162.648696899414
2020-11-27,2633.449951171875,2635.0,2618.469970703125,2624.800048828125,1196000,2499.8230102539064,2409.9483235677085,2320.2682444254556,2164.8105963134767
2020-11-30,2591.340087890625,2648.659912109375,2591.340087890625,2648.050048828125,1311800,2514.3820190429688,2413.9781575520833,2323.6603281656903,2166.651696166992
2020-12-01,2634.25,2638.8701171875,2611.669921875,2613.419921875,1150300,2528.9290161132812,2418.4761555989585,2327.371412150065,2168.6310467529297
2020-12-02,2675.89990234375,2677.260009765625,2644.530029296875,2645.8798828125,1076200,2544.8580078125,2423.142822265625,2331.3731618245442,2170.845746459961
2020-12-03,2696.219970703125,2696.219970703125,2672.85009765625,2686.3798828125,817100,2558.9795043945314,2428.6089884440103,2335.7018280029297,2173.1088958740233
2020-12-04,2731.449951171875,2742.77001953125,2705.340087890625,2705.340087890625,1778900,2574.727001953125,2434.3961547851563,2340.694743855794,2175.5552960205077
2020-12-07,2745.43994140625,2754.010009765625,2711.419921875,2738.110107421875,1499300,2589.6390014648437,2440.1216552734377,2346.649910481771,2178.2380963134765
2020-12-08,2700.929931640625,2747.449951171875,2700.919921875,2745.1298828125,1414300,2602.043994140625,2445.540319824219,2351.340576171875,2180.691045532227
2020-12-09,2755.469970703125,2755.469970703125,2703.300048828125,2703.300048828125,1252300,2615.5239868164062,2451.523486328125,2356.4607421875,2183.490895385742
2020-12-10,2746.4599609375,2765.4599609375,2718.699951171875,2750.340087890625,1227700,2629.0659790039062,2457.352986653646,2361.5689086914062,2186.4089947509765
2020-12-11,2770.06005859375,2781.0400390625,2754.159912109375,2754.159912109375,1215200,2642.8754760742186,2463.055489095052,2366.808408610026,2189.8640948486327
2020-12-14,2762.199951171875,2782.7900390625,2755.2900390625,2769.429931640625,1113600,2653.8339721679686,2468.3658203125,2372.1039916992186,2193.1570440673827
2020-12-15,2756.820068359375,2769.3701171875,2735.080078125,2763.64990234375,1092700,2664.71748046875,2473.7141560872396,2377.3171590169272,2196.5572943115235
2020-12-16,2771.7900390625,2781.080078125,2761.5,2763.639892578125,1166600,2676.0249877929687,2479.807824707031,2382.4028259277343,2200.1417950439454
2020-12-17,2770.429931640625,2772.7099609375,2742.25,2769.889892578125,1015500,2687.17548828125,2485.7749918619793,2387.8866577148438,2204.0588946533203
2020-12-18,2772.179931640625,2782.14990234375,2762.800048828125,2770.949951171875,1058300,2698.109484863281,2492.154825846354,2393.1994079589845,2207.9072442626953
2020-12-21,2778.64990234375,2780.239990234375,2747.090087890625,2771.97998046875,1139500,2706.9124755859375,2499.5891560872396,2398.9091573079427,2211.7297436523436
2020-12-22,2733.679931640625,2774.219970703125,2733.639892578125,2772.030029296875,1260800,2712.7084716796876,2506.263155110677,2404.1204060872396,2215.101492919922
2020-12-23,2759.820068359375,2769.080078125,2716.280029296875,2737.739990234375,1121300,2720.6224731445313,2514.3818237304686,2409.5630737304687,2218.4742932128906
2020-12-24,2806.860107421875,2812.159912109375,2762.60009765625,2762.60009765625,1030900,2729.6699829101562,2523.1829915364583,2415.1588236490884,2222.307493896484
2020-12-28,2808.60009765625,2834.590087890625,2799.56005859375,2820.949951171875,1006200,2738.427490234375,2531.5249918619793,2420.6270751953125,2226.5766442871095
2020-12-29,2820.510009765625,2823.43994140625,2792.06005859375,2810.550048828125,1046800,2749.885986328125,2539.7353271484376,2425.898575846354,2230.8645440673827
2020-12-30,2873.469970703125,2878.2099609375,2809.35009765625,2820.360107421875,1074000,2761.8469848632812,2548.326493326823,2431.8094095865886,2235.690543823242
2021-01-04,2944.449951171875,2946.5400390625,2869.110107421875,2874.5,1026500,2775.2744873046877,2557.968994140625,2438.3558268229167,2241.241143798828
2021-01-05,2990.570068359375,2990.570068359375,2921.840087890625,2943.669921875,1519900,2789.9919921875,2568.0294962565104,2445.2114115397135,2247.3367944335937
2021-01-06,2968.2099609375,3027.159912109375,2961.3701171875,2993.340087890625,1793400,2801.8299926757813,2577.633662923177,2452.0277445475263,2253.6035443115234
2021-01-07,3031.679931640625,3055.280029296875,2980.75,2980.75,1524700,2816.1419921875,2588.0994954427083,2459.0745768229167,2260.399744262695
2021-01-08,3152.179931640625,3161.110107421875,3040.110107421875,3040.110107421875,1297900,2838.7044921875,2600.583329264323,2467.1459920247394,2268.204644165039
2021-01-11,3148.449951171875,3266.22998046875,3096.18994140625,3161.89990234375,1712500,2858.3534912109376,2613.3828287760416,2475.034075927734,2276.658693847656
2021-01-12,3125.949951171875,3154.7900390625,3047.56005859375,3145.8701171875,1388600,2877.327990722656,2626.128495279948,2482.8856587727864,2284.4576934814454
2021-01-13,3148.2900390625,3164.3701171875,3109.6298828125,3128.260009765625,1578000,2896.2394897460936,2639.574495442708,2490.7781595865886,2292.78684387207
2021-01-14,3149.929931640625,3159.030029296875,3128.719970703125,3148.64990234375,1233200,2915.6259887695314,2652.9609944661456,2498.7092427571615,2300.486643676758
2021-01-15,3085.89990234375,3189.89990234375,3085.89990234375,3153.840087890625,1331100,2932.07998046875,2665.085827636719,2505.851491292318,2307.3923431396483
2021-01-18,3013.929931640625,3079.89990234375,3003.889892578125,3079.89990234375,1472000,2944.186975097656,2675.8036580403646,2512.395408121745,2314.0307928466796
2021-01-19,3092.659912109375,3092.659912109375,3013.050048828125,3013.050048828125,1353300,2960.298474121094,2688.0971557617186,2519.699324544271,2320.905442504883
2021-01-20,3114.550048828125,3145.010009765625,3077.14990234375,3115.0400390625,1192700,2977.4169799804686,2700.659488932292,2527.3169087727865,2327.8925927734376
2021-01-21,3160.840087890625,3163.2099609375,3123.27001953125,3123.27001953125,1360100,2996.5264892578125,2714.2749918619793,2535.1750752766925,2334.9235931396483
2021-01-22,3140.6298828125,3185.260009765625,3140.60009765625,3163.830078125,1111200,3016.873986816406,2727.7714884440106,2542.538741048177,2342.1994427490235
2021-01-25,3208.989990234375,3212.219970703125,3142.800048828125,3144.010009765625,1093700,3039.332482910156,2742.1669881184894,2550.4206583658856,2349.6200927734376
2021-01-26,3140.31005859375,3209.179931640625,3132.669921875,3203.9599609375,873000,3056.00498046875,2755.727657063802,2557.6981587727864,2356.694443359375
2021-01-27,3122.56005859375,3182.530029296875,3118.889892578125,3143.4599609375,924600,3071.702978515625,2769.984493001302,2564.9747416178384,2363.3478436279297
2021-01-28,3069.050048828125,3114.97998046875,3046.639892578125,3114.97998046875,1310500,3084.12998046875,2782.7993286132814,2571.7914916992186,2369.575093994141
2021-01-29,2976.2099609375,3100.219970703125,2962.699951171875,3078.72998046875,995100,3089.266979980469,2793.3476603190106,2577.5934916178385,2375.4204437255858
2021-02-01,3056.530029296875,3056.8701171875,2947.239990234375,2976.81005859375,969300,3094.870983886719,2805.0011596679688,2583.79907430013,2381.522044067383
2021-02-02,3096.81005859375,3138.949951171875,3065.56005859375,3065.56005859375,887300,3100.1829833984375,2816.3848266601562,2590.0840738932293,2387.7025946044923
2021-02-03,3129.679931640625,3142.260009765625,3091.85009765625,3108.419921875,901800,3108.256481933594,2828.2711588541665,2596.567490641276,2394.222194213867
2021-02-04,3087.550048828125,3135.02001953125,3068.4599609375,3135.02001953125,1460900,3111.0499877929688,2838.9436604817706,2602.410575358073,2400.3745446777343
2021-02-05,3120.6298828125,3124.6201171875,3081.780029296875,3098.489990234375,1193500,3109.4724853515627,2850.0736572265623,2608.2602416992186,2406.6923443603514
2021-02-08,3091.239990234375,3128.5400390625,3085.590087890625,3113.6298828125,1277200,3106.6119873046873,2860.163155110677,2613.7509908040365,2412.5758941650392
2021-02-09,3084.669921875,3129.659912109375,3084.669921875,3102.25,2145400,3104.547985839844,2870.3139851888022,2619.1438232421874,2418.5074438476563
2021-02-10,3100.580078125,3111.8798828125,3064.25,3088.1298828125,2152900,3102.162487792969,2880.425817871094,2624.919573974609,2424.6134442138673
2021-02-15,3147.0,3156.56005859375,3108.699951171875,3108.699951171875,1604700,3102.0159912109375,2890.491984049479,2631.5759073893228,2430.8676940917967
2021-02-16,3163.25,3180.93994140625,3145.840087890625,3151.85009765625,1944400,3105.88349609375,2900.89365234375,2638.2651570638022,2437.1102941894533
2021-02-17,3133.72998046875,3162.949951171875,3115.47998046875,3162.949951171875,1784100,3111.873498535156,2910.6951538085937,2645.4277404785157,2443.333894042969
2021-02-18,3086.659912109375,3140.39990234375,3086.659912109375,3131.739990234375,1860600,3111.5734985351564,2919.6824869791667,2651.944989013672,2449.1533435058595
2021-02-19,3107.6201171875,3109.669921875,3040.280029296875,3089.9599609375,3455500,3111.227001953125,2928.917822265625,2658.426572672526,2455.0209942626952
2021-02-22,3079.75,3142.47998046875,3079.159912109375,3114.030029296875,1832000,3107.172497558594,2936.870487467448,2664.36840616862,2460.6819439697265
2021-02-23,3070.090087890625,3094.2900390625,3035.4599609375,3069.260009765625,2357800,3103.6455078125,2944.4093221028647,2670.20815633138,2466.5555444335937
2021-02-24,2994.97998046875,3092.050048828125,2993.4599609375,3070.580078125,1560900,3092.9450073242188,2950.9666544596353,2675.6292399088543,2471.8866442871094
2021-02-25,3099.68994140625,3099.800048828125,3026.469970703125,3026.469970703125,1280100,3090.9140014648438,2958.86298828125,2681.8449890136717,2477.7420440673827
2021-02-26,3012.949951171875,3089.489990234375,2988.280029296875,3089.489990234375,1361300,3085.43349609375,2965.18798828125,2687.568155924479,2483.0776940917967
2021-03-02,3043.8701171875,3096.5,3020.739990234375,3021.679931640625,1749900,3084.1744995117188,2972.730155436198,2693.3541564941406,2488.620044555664
2021-03-03,3082.989990234375,3083.0400390625,3029.3701171875,3041.199951171875,2236700,3089.5135009765627,2980.2091552734373,2699.342655436198,2494.4241442871094
2021-03-04,3043.489990234375,3076.8798828125,3022.5400390625,3076.8798828125,1279000,3088.8614990234373,2986.335656738281,2704.7392395019533,2499.939494018555
2021-03-05,3026.260009765625,3036.97998046875,2982.449951171875,3036.159912109375,1187200,3085.3339965820314,2991.8363240559897,2710.22265625,2505.4459942626954
2021-03-08,2996.110107421875,3055.64990234375,2992.639892578125,3031.989990234375,1928300,3078.6555053710936,2996.2473266601564,2715.321740722656,2510.79014465332
2021-03-09,2976.1201171875,3000.489990234375,2929.360107421875,2989.9599609375,1534200,3073.0840087890624,3000.0919962565104,2720.106825764974,2515.9851953125
2021-03-10,2958.1201171875,3013.949951171875,2951.530029296875,2980.760009765625,905600,3064.9585205078124,3004.3784993489585,2724.9594095865887,2520.8727459716797
2021-03-11,3013.699951171875,3028.3701171875,2964.300048828125,2964.300048828125,1349200,3061.0815185546876,3008.682332356771,2730.102909342448,2525.993045654297
2021-03-12,3054.389892578125,3061.429931640625,3030.72998046875,3030.72998046875,1669100,3059.567517089844,3013.8144978841146,2735.58374226888,2531.2734448242186
2021-03-15,3045.7099609375,3065.169921875,3036.139892578125,3057.06005859375,1161800,3056.824011230469,3018.408662923177,2740.7320760091147,2536.6513446044924
2021-03-16,3067.169921875,3071.5400390625,3049.22998046875,3049.22998046875,1123900,3052.8325073242186,3023.491495768229,2745.9286580403646,2542.0141943359376
2021-03-17,3047.5,3069.570068359375,3027.199951171875,3067.760009765625,815000,3047.0450073242187,3028.3361612955728,2751.0251586914064,2547.102794189453
2021-03-18,3066.010009765625,3090.18994140625,3054.929931640625,3054.929931640625,1232600,3043.6590087890627,3033.2398274739585,2756.523826090495,2552.276844482422
2021-03-19,3039.530029296875,3063.010009765625,3022.489990234375,3063.010009765625,1068500,3041.3025146484374,3037.7248291015626,2761.7499104817707,2557.3317944335936
2021-03-22,3035.4599609375,3048.110107421875,3019.60009765625,3040.010009765625,915700,3037.6945068359373,3042.112829589844,2767.133827718099,2562.3610943603517
2021-03-23,3004.739990234375,3058.7900390625,3003.050048828125,3038.25,1331200,3033.9440063476563,3045.880997721354,2772.735076904297,2567.0593939208984
2021-03-24,2996.35009765625,3006.5400390625,2971.0400390625,2996.320068359375,978400,3030.2570068359373,3050.2588338216146,2778.260994466146,2571.6051947021483
2021-03-25,3008.330078125,3024.6298828125,2987.830078125,2995.669921875,940400,3030.92451171875,3054.400667317708,2784.3912455240884,2575.9118450927735
2021-03-26,3041.010009765625,3041.860107421875,3012.7900390625,3012.7900390625,1036400,3027.990515136719,3058.3031656901044,2790.7430786132813,2580.3609954833983
2021-03-29,3036.0400390625,3054.2099609375,3025.389892578125,3047.7099609375,1288800,3029.14501953125,3062.0938313802085,2796.8094116210937,2584.6318450927733
2021-03-30,3070.0,3074.570068359375,3038.43994140625,3038.43994140625,1023100,3030.451513671875,3066.2519978841146,2802.993662516276,2589.060394897461
2021-03-31,3061.419921875,3093.889892578125,3061.39990234375,3073.389892578125,1147000,3029.373010253906,3069.3844970703126,2808.8554951985675,2593.422894897461
2021-04-01,3087.39990234375,3090.8798828125,3069.679931640625,3073.77001953125,922700,3031.568505859375,3071.7669962565105,2814.8679951985678,2597.8814447021487
2021-04-02,3112.800048828125,3121.580078125,3101.60009765625,3104.719970703125,792700,3035.8955078125,3073.804162597656,2820.9168294270835,2602.561544799805
2021-04-05,3120.830078125,3127.199951171875,3101.860107421875,3121.22998046875,1084800,3042.1315063476563,3076.347831217448,2826.9907470703124,2607.504194946289
2021-04-06,3127.080078125,3139.2900390625,3110.18994140625,3123.800048828125,1279000,3049.6795043945312,3077.9378336588543,2833.018664550781,2612.9854956054687
2021-04-07,3137.409912109375,3146.18994140625,3125.330078125,3129.070068359375,1984800,3058.643994140625,3077.6916666666666,2839.1374979654947,2617.982294921875
2021-04-08,3143.260009765625,3145.81005859375,3122.090087890625,3137.25,1357300,3065.1219970703123,3077.6051676432294,2845.4939982096353,2622.9933447265626
2021-04-09,3131.8798828125,3156.0400390625,3125.239990234375,3146.510009765625,1823200,3068.9964965820313,3077.7039998372397,2851.9162475585936,2627.9853442382814
2021-04-12,3135.590087890625,3147.27001953125,3127.909912109375,3134.8798828125,1048800,3073.4905029296874,3077.492333984375,2858.533414713542,2632.9566943359373
2021-04-13,3169.080078125,3173.260009765625,3136.989990234375,3138.2099609375,1741300,3078.5860107421877,3077.8115030924478,2865.3862487792967,2638.1684448242186
2021-04-14,3182.3798828125,3188.320068359375,3162.1201171875,3169.949951171875,1776300,3085.3300048828123,3079.419502766927,2872.2526652018228,2643.4241442871094
2021-04-15,3194.330078125,3204.47998046875,3178.989990234375,3180.72998046875,1313000,3091.7460083007813,3082.426171875,2879.1149149576822,2648.588244628906
2021-04-16,3198.6201171875,3206.760009765625,3185.669921875,3194.080078125,985300,3099.7005126953127,3084.192175292969,2886.144665527344,2654.019494628906
2021-04-19,3198.840087890625,3214.449951171875,3193.39990234375,3201.110107421875,1060600,3107.869519042969,3085.5970092773437,2893.1282491048178,2659.3404455566406
2021-04-20,3220.699951171875,3220.820068359375,3195.9599609375,3198.31005859375,1296200,3118.667517089844,3086.5946736653646,2900.4348327636717,2664.976545410156
2021-04-21,3171.659912109375,3214.239990234375,3165.489990234375,3214.239990234375,1767100,3127.4330078125,3087.1118408203124,2907.4416646321615,2670.2931945800783
2021-04-22,3177.52001953125,3196.969970703125,3174.52001953125,3174.52001953125,1752700,3135.8925048828123,3086.5873413085938,2914.377164713542,2675.647294921875
2021-04-23,3181.080078125,3185.969970703125,3146.5400390625,3173.469970703125,1829400,3142.8960083007814,3087.2668416341144,2921.497249348958,2680.8758447265627
2021-04-26,3217.530029296875,3217.530029296875,3191.340087890625,3191.340087890625,1298300,3151.9705078125,3088.849674479167,2929.4170837402344,2686.2014453125
2021-04-27,3215.419921875,3223.050048828125,3203.25,3218.300048828125,1534200,3159.24150390625,3091.289172363281,2937.0442504882812,2691.338895263672
2021-04-28,3181.469970703125,3219.68994140625,3176.550048828125,3217.2099609375,1412600,3165.244006347656,3094.710172526042,2944.028916422526,2696.4253955078125
2021-04-29,3174.070068359375,3200.409912109375,3161.06005859375,3184.75,1222400,3169.5775146484375,3096.6691731770834,2950.835166422526,2701.501346435547
2021-04-30,3147.860107421875,3179.429931640625,3143.3798828125,3176.429931640625,1358200,3171.330517578125,3097.5200073242186,2956.9524169921874,2706.4011474609374
2021-05-03,3127.199951171875,3174.260009765625,3120.699951171875,3149.050048828125,1040300,3171.6490112304687,3097.4786743164063,2962.8749165852864,2711.285897216797
2021-05-04,3147.3701171875,3147.3798828125,3109.780029296875,3131.389892578125,1282900,3172.6635131835938,3098.4756754557293,2968.70966796875,2716.0924475097654
2021-05-06,3160.429931640625,3174.159912109375,3133.639892578125,3147.719970703125,1238600,3173.8145141601562,3099.1390096028645,2974.6063334147134,2720.9765466308595
2021-05-07,3197.199951171875,3205.110107421875,3179.6298828125,3179.6298828125,988900,3176.511511230469,3100.9050089518228,2980.53408203125,2725.953146972656
2021-05-10,3249.300048828125,3255.89990234375,3201.4599609375,3201.4599609375,1010200,3182.38251953125,3103.6488444010415,2986.981414794922,2731.2808471679687
2021-05-11,3209.429931640625,3239.919921875,3192.25,3239.919921875,1095700,3186.07451171875,3105.463008626302,2992.944413248698,2736.3220471191407
2021-05-12,3161.659912109375,3212.830078125,3138.0400390625,3209.360107421875,1423200,3185.703503417969,3105.707340494792,2998.0996622721354,2741.1393469238283
2021-05-13,3122.110107421875,3161.929931640625,3103.8798828125,3146.969970703125,1094900,3182.6900146484377,3105.0216756184896,3002.95766398112,2745.6057470703126
2021-05-14,3153.320068359375,3162.31005859375,3131.35009765625,3131.35009765625,835600,3180.639514160156,3105.348177083333,3008.0216654459637,2750.2290478515624
2021-05-17,3134.52001953125,3173.010009765625,3121.320068359375,3163.2099609375,770700,3177.4345092773438,3106.1458455403645,3012.914166259766,2754.8206982421875
2021-05-18,3173.050048828125,3176.39990234375,3135.3798828125,3135.3798828125,785400,3176.1450073242186,3107.2363444010416,3018.077083333333,2759.683748779297
2021-05-20,3162.280029296875,3174.530029296875,3140.47998046875,3174.530029296875,773600,3173.224011230469,3108.611844889323,3022.7411661783854,2764.405848388672
2021-05-21,3156.419921875,3198.010009765625,3149.4599609375,3171.909912109375,796800,3172.46201171875,3110.050675455729,3027.2299987792967,2768.902998046875
2021-05-24,3144.300048828125,3163.27001953125,3137.81005859375,3155.909912109375,587500,3170.8010131835936,3112.539343261719,3031.752998860677,2773.3086987304687
2021-05-25,3171.320068359375,3173.10009765625,3148.300048828125,3152.929931640625,612700,3170.3130126953124,3113.7331787109374,3036.2980834960936,2777.8302490234373
2021-05-26,3168.429931640625,3183.969970703125,3160.300048828125,3171.909912109375,1269000,3167.8580078125,3116.32451171875,3040.75625,2782.425548095703
2021-05-27,3165.510009765625,3173.860107421875,3142.3701171875,3170.840087890625,1081100,3165.362512207031,3118.351843261719,3045.5409993489584,2786.997897949219
2021-05-28,3188.72998046875,3198.659912109375,3171.85009765625,3172.090087890625,966000,3165.7255126953123,3120.1141764322915,3050.1616658528646,2791.541697998047
2021-05-31,3203.919921875,3204.2900390625,3179.8701171875,3192.06005859375,1123100,3167.2180053710936,3122.788008626302,3054.561832682292,2796.0019970703124
2021-06-01,3221.8701171875,3233.169921875,3199.179931640625,3207.1201171875,1471800,3170.918505859375,3126.0481770833335,3058.9422505696616,2800.398297119141
2021-06-02,3224.22998046875,3241.070068359375,3216.10009765625,3224.39990234375,1495200,3175.7700073242186,3129.850174967448,3063.048750813802,2804.7610974121094
2021-06-03,3247.429931640625,3258.5,3224.9599609375,3224.9599609375,1584000,3180.772998046875,3134.372005208333,3067.232000732422,2809.06634765625
2021-06-04,3240.080078125,3246.18994140625,3218.669921875,3246.169921875,1391800,3184.755505371094,3139.071337890625,3071.724918619792,2813.1733984375
2021-06-07,3252.1201171875,3264.409912109375,3233.39990234375,3244.590087890625,1731900,3187.501513671875,3143.0450073242187,3075.863669840495,2817.2722485351565
2021-06-08,3247.830078125,3264.669921875,3242.56005859375,3251.830078125,1950600,3187.428015136719,3146.269010416667,3080.0417541503907,2821.3237487792967
2021-06-09,3216.179931640625,3246.489990234375,3216.179931640625,3245.080078125,1964500,3187.765515136719,3149.110176595052,3083.7594197591147,2825.367198486328
2021-06-10,3224.639892578125,3235.389892578125,3210.31005859375,3216.93994140625,1896200,3190.914514160156,3151.7346761067706,3087.6130859375,2829.749197998047
2021-06-11,3249.320068359375,3251.580078125,3226.97998046875,3226.97998046875,1643800,3197.275012207031,3155.0983439127604,3091.717252604167,2834.193098144531
2021-06-14,3252.1298828125,3254.489990234375,3238.510009765625,3249.60009765625,1663900,3202.2155029296873,3158.200341796875,3095.7200846354167,2839.082647705078
2021-06-15,3258.6298828125,3262.800048828125,3247.89990234375,3253.169921875,1733900,3208.42099609375,3161.8520060221354,3099.7884175618487,2843.8528466796874
2021-06-16,3278.679931640625,3281.9599609375,3256.679931640625,3259.06005859375,2345200,3213.702490234375,3165.9056722005207,3104.0092508951825,2848.5970959472656
2021-06-17,3264.9599609375,3276.199951171875,3251.320068359375,3276.199951171875,1848200,3218.8364868164062,3170.2426717122394,3108.061834716797,2853.0882458496094
2021-06-18,3267.929931640625,3275.760009765625,3262.580078125,3265.679931640625,1626400,3224.4119873046875,3174.769002278646,3112.51391805013,2857.5812951660155
2021-06-21,3240.7900390625,3264.179931640625,3225.56005859375,3264.179931640625,1508100,3229.2364868164063,3178.6433349609374,3116.522001139323,2862.0629956054686
2021-06-22,3263.8798828125,3267.6298828125,3245.7900390625,3245.7900390625,1666300,3233.8644775390626,3182.357832845052,3120.330499267578,2866.6133947753906
2021-06-23,3276.18994140625,3281.8798828125,3263.070068359375,3265.72998046875,1068300,3239.252478027344,3186.3603312174478,3124.227081298828,2871.363494873047
2021-06-24,3286.10009765625,3292.27001953125,3277.85009765625,3281.469970703125,1300300,3245.281982421875,3189.9619995117187,3128.106998697917,2876.0462451171875
2021-06-25,3302.840087890625,3316.080078125,3289.179931640625,3289.179931640625,1197600,3250.9874877929688,3193.9856689453127,3131.6850830078124,2880.738594970703
2021-06-28,3301.889892578125,3311.68994140625,3291.300048828125,3305.4599609375,1427400,3255.885986328125,3197.5605021158854,3134.663749186198,2885.268544921875
2021-06-29,3286.679931640625,3305.419921875,3276.6298828125,3305.260009765625,1211800,3259.1264770507814,3200.4585001627606,3137.1313313802084,2889.860694580078
2021-06-30,3296.679931640625,3305.72998046875,3288.6298828125,3288.6298828125,1608900,3262.748974609375,3203.3893310546873,3139.868581136068,2894.422994384766
2021-07-01,3282.06005859375,3300.1201171875,3278.10009765625,3297.919921875,1157700,3264.4804809570314,3205.9723307291665,3141.9550821940106,2898.8237451171876
2021-07-02,3281.780029296875,3295.679931640625,3278.18994140625,3282.81005859375,1019400,3266.565478515625,3208.3784993489585,3143.0350830078123,2903.353594970703
2021-07-05,3293.2099609375,3298.929931640625,3285.2900390625,3285.2900390625,849700,3268.619970703125,3210.8776652018228,3144.241416422526,2907.837244873047
2021-07-06,3305.2099609375,3313.510009765625,3295.43994140625,3295.43994140625,1028800,3271.48896484375,3213.7664998372397,3145.7352498372397,2912.3798449707033
2021-07-07,3285.340087890625,3303.590087890625,3277.659912109375,3303.590087890625,1146800,3274.94697265625,3216.262333170573,3146.877333577474,2916.6669958496095
2021-07-08,3252.679931640625,3295.7099609375,3252.409912109375,3287.679931640625,1515200,3276.348974609375,3217.6556640625,3147.733583577474,2920.7124951171877
2021-07-09,3217.949951171875,3245.52001953125,3188.800048828125,3245.52001953125,1307500,3274.78046875,3218.248498535156,3148.8340006510416,2924.622645263672
2021-07-12,3246.469970703125,3251.449951171875,3227.510009765625,3227.510009765625,1134600,3274.4974731445313,3219.117496744792,3150.771834309896,2928.8241455078123
2021-07-13,3271.3798828125,3273.89990234375,3253.239990234375,3253.239990234375,1149500,3275.134973144531,3220.3301595052085,3152.2611673990887,2933.119045410156
2021-07-14,3264.81005859375,3270.090087890625,3250.449951171875,3270.090087890625,908300,3274.4414794921877,3221.429659016927,3153.5133341471355,2937.4961462402343
2021-07-15,3286.219970703125,3286.580078125,3263.090087890625,3269.330078125,1171900,3275.5044799804687,3222.521659342448,3154.5581665039062,2942.264295654297
2021-07-16,3276.909912109375,3282.889892578125,3259.320068359375,3282.889892578125,1066100,3275.953479003906,3224.2758260091146,3155.6938334147135,2946.9826452636717
2021-07-19,3244.0400390625,3258.8701171875,3236.389892578125,3258.8701171875,1095100,3276.1159790039064,3225.384493001302,3155.985917154948,2951.839345703125
2021-07-20,3232.699951171875,3234.800048828125,3214.419921875,3223.239990234375,979300,3274.556982421875,3226.24482421875,3156.7558329264325,2956.608895263672
2021-07-21,3215.909912109375,3252.25,3215.909912109375,3251.1298828125,990300,3271.5429809570314,3226.217822265625,3157.5337483723956,2961.148044433594
2021-07-22,3250.2099609375,3253.75,3235.169921875,3235.169921875,713000,3269.7484741210938,3226.79765625,3159.0434143066404,2965.759644775391
2021-07-23,3254.419921875,3264.010009765625,3246.090087890625,3253.43994140625,804600,3267.3274658203127,3228.0134887695312,3161.3618306477865,2970.2417443847658
2021-07-26,3224.949951171875,3265.989990234375,3224.949951171875,3265.989990234375,826100,3263.48046875,3228.8614868164063,3162.7653299967446,2974.536994628906
2021-07-27,3232.530029296875,3252.85009765625,3230.75,3244.429931640625,991600,3260.7729736328124,3230.2726521809896,3163.8963297526043,2978.7649450683593
2021-07-28,3236.860107421875,3243.2099609375,3210.89990234375,3226.06005859375,868200,3257.781982421875,3232.1003214518228,3164.7894978841146,2982.989445800781
2021-07-29,3242.64990234375,3252.260009765625,3232.5,3248.489990234375,694500,3255.811474609375,3233.6883178710937,3166.0819966634112,2987.184045410156
2021-07-30,3202.320068359375,3234.659912109375,3202.320068359375,3234.3701171875,687500,3251.8384765625,3234.3864868164064,3166.7627482096354,2991.1798962402345
2021-08-02,3223.0400390625,3223.0400390625,3194.0,3218.419921875,560800,3248.32998046875,3234.8171549479166,3167.86108194987,2995.392696533203
2021-08-03,3237.139892578125,3237.139892578125,3213.199951171875,3221.570068359375,653200,3244.926477050781,3234.6144856770834,3169.1316650390627,2999.772346191406
2021-08-04,3280.3798828125,3283.139892578125,3237.550048828125,3246.64990234375,632000,3244.678466796875,3235.796984863281,3170.6299967447917,3004.4665954589846
2021-08-05,3276.1298828125,3296.169921875,3273.330078125,3283.25,680000,3245.850964355469,3237.7048177083334,3171.7060791015624,3009.113544921875
2021-08-06,3270.360107421875,3288.169921875,3261.929931640625,3277.06005859375,939900,3248.471472167969,3240.1756510416667,3172.598663330078,3013.6732958984376
2021-08-09,3260.419921875,3275.14990234375,3251.739990234375,3258.10009765625,706500,3249.1689697265624,3241.9606486002604,3173.654412841797,3018.1210949707033
2021-08-10,3243.18994140625,3272.43994140625,3232.4599609375,3272.43994140625,729000,3247.75947265625,3243.7718139648437,3174.9588297526043,3022.5617944335936
2021-08-11,3220.6201171875,3250.2099609375,3217.64990234375,3235.360107421875,616700,3245.5499755859373,3244.5646484375,3175.900496419271,3026.8608447265624
2021-08-12,3208.3798828125,3229.590087890625,3202.110107421875,3213.580078125,642600,3241.6579711914064,3245.332979329427,3176.972412109375,3031.183194580078
2021-08-13,3171.2900390625,3209.719970703125,3146.760009765625,3205.75,695600,3236.3769775390624,3245.5808146158856,3177.815745035807,3035.3854443359373
2021-08-17,3143.090087890625,3179.489990234375,3134.47998046875,3169.739990234375,690800,3231.329479980469,3245.5606486002603,3179.0499959309896,3039.3745947265625
2021-08-18,3158.929931640625,3175.8798828125,3124.56005859375,3141.97998046875,622800,3227.640979003906,3245.3541463216147,3179.543662516276,3043.5358947753907
2021-08-19,3097.830078125,3158.0,3097.830078125,3140.010009765625,655600,3221.7369873046873,3244.177482096354,3180.2509969075522,3047.689295654297
2021-08-20,3060.510009765625,3122.090087890625,3049.030029296875,3111.10009765625,672100,3212.251989746094,3242.427482096354,3180.3896626790365,3051.491046142578
2021-08-23,3090.2099609375,3111.81005859375,3064.64990234375,3086.81005859375,570400,3204.0414916992186,3240.7854817708335,3180.4498291015625,3055.225545654297
2021-08-24,3138.300048828125,3142.580078125,3115.22998046875,3119.699951171875,586500,3199.7089965820314,3239.691817220052,3181.239912923177,3059.1304455566406
2021-08-25,3146.81005859375,3161.0,3124.25,3148.1298828125,600400,3195.422998046875,3238.4408162434897,3182.2444966634116,3062.795545654297
2021-08-26,3128.530029296875,3159.3701171875,3121.0400390625,3151.300048828125,727700,3190.006494140625,3236.8458170572917,3183.34799601237,3066.355695800781
2021-08-27,3133.89990234375,3143.010009765625,3106.969970703125,3116.2900390625,520700,3184.568994140625,3234.953649902344,3184.6628275553385,3069.7891955566406
2021-08-30,3144.18994140625,3164.8701171875,3132.77001953125,3160.8701171875,602900,3181.662487792969,3233.3554809570314,3186.213409423828,3073.245994873047
2021-08-31,3199.27001953125,3199.889892578125,3130.300048828125,3144.489990234375,660500,3180.473986816406,3232.474645996094,3187.7598266601562,3076.8129943847657
2021-09-01,3207.02001953125,3215.1298828125,3185.800048828125,3195.669921875,746700,3178.9679931640626,3231.7944783528646,3189.0317443847657,3080.4699938964845
2021-09-02,3175.85009765625,3204.010009765625,3171.780029296875,3198.030029296875,753900,3173.74150390625,3231.122314453125,3190.1162455240888,3083.879893798828
2021-09-03,3201.06005859375,3203.080078125,3181.639892578125,3189.7099609375,638300,3169.9880126953126,3230.729317220052,3191.2319966634113,3087.1700439453125
2021-09-06,3203.330078125,3206.25,3186.7900390625,3196.300048828125,726200,3166.636511230469,3229.9628173828123,3192.5305806477863,3090.490944824219
2021-09-07,3187.419921875,3201.760009765625,3176.81005859375,3200.070068359375,758700,3162.9865112304688,3228.884318033854,3193.5423299153645,3093.699844970703
2021-09-08,3162.989990234375,3187.550048828125,3157.070068359375,3178.739990234375,858500,3158.976513671875,3227.290319824219,3194.571162923177,3096.7776953125
2021-09-09,3114.699951171875,3158.60009765625,3111.489990234375,3146.639892578125,927400,3153.6805053710937,3224.5573201497396,3195.2314961751304,3099.5836950683592
2021-09-10,3125.760009765625,3131.5400390625,3103.3798828125,3121.090087890625,723100,3149.54951171875,3222.2373209635416,3196.2399963378907,3102.1995446777346
2021-09-13,3127.860107421875,3139.1298828125,3109.010009765625,3117.35009765625,731200,3147.3780151367187,3219.902823893229,3197.3359130859376,3104.7500451660158
2021-09-14,3148.830078125,3164.31005859375,3137.320068359375,3137.320068359375,712400,3147.6650146484376,3218.370157877604,3198.5067464192707,3107.4864953613283
2021-09-15,3153.39990234375,3164.010009765625,3138.800048828125,3147.2099609375,615200,3147.3885131835937,3216.5288248697916,3199.443328857422,3110.1239453125
2021-09-16,3130.090087890625,3167.679931640625,3126.64990234375,3165.3798828125,612000,3149.001513671875,3214.093827311198,3200.227079264323,3112.6071459960935
2021-09-17,3140.510009765625,3142.1298828125,3112.510009765625,3127.75,587500,3153.001513671875,3211.6673258463543,3200.8146626790362,3115.3529956054685
2021-09-23,3127.580078125,3131.6298828125,3107.97998046875,3123.639892578125,623000,3154.87001953125,3208.7463256835936,3201.365997314453,3117.8196459960936
2021-09-24,3125.239990234375,3146.860107421875,3119.39990234375,3140.72998046875,752800,3154.2170166015626,3205.8021606445313,3201.681331380208,3120.066346435547
2021-09-27,3133.639892578125,3146.35009765625,3119.260009765625,3121.699951171875,882600,3153.5585083007813,3203.251493326823,3201.8549967447916,3122.253446044922
2021-09-28,3097.919921875,3134.4599609375,3095.719970703125,3133.39990234375,894100,3152.0280029296873,3199.938826497396,3201.6640787760416,3124.0857958984375
2021-09-29,3060.27001953125,3069.0400390625,3030.60009765625,3055.5,820700,3148.3465087890627,3196.242325846354,3201.1073282877605,3125.6599462890626
2021-09-30,3068.820068359375,3079.429931640625,3046.429931640625,3054.8701171875,885400,3144.578015136719,3192.6929931640625,3200.5357462565103,3127.499396972656
2021-10-01,3019.179931640625,3062.60009765625,3015.010009765625,3056.2099609375,854800,3135.5735107421874,3188.1258260091145,3199.501745605469,3128.817946777344
2021-10-05,2962.169921875,2998.169921875,2940.590087890625,2998.169921875,839400,3123.331005859375,3182.4084920247396,3198.0874959309895,3129.8964965820314
2021-10-06,2908.31005859375,2993.469970703125,2908.300048828125,2986.06005859375,900500,3109.95400390625,3176.124658203125,3196.193495686849,3130.5877465820313
2021-10-07,2959.4599609375,2961.530029296875,2927.60009765625,2936.8701171875,594600,3097.8739990234376,3171.237658691406,3194.446661376953,3131.5740466308594
2021-10-08,2956.300048828125,2978.080078125,2949.010009765625,2977.820068359375,668200,3085.522497558594,3166.876826985677,3192.5626627604165,3132.571446533203
2021-10-12,2916.3798828125,2950.93994140625,2901.510009765625,2950.219970703125,659600,3071.970495605469,3161.3753255208335,3190.2464111328127,3133.2943957519533
2021-10-13,2944.409912109375,2953.330078125,2909.469970703125,2913.340087890625,751600,3061.0414916992186,3155.9258260091146,3188.1279927571613,3134.164295654297
2021-10-14,2988.639892578125,2988.969970703125,2962.330078125,2968.8701171875,616600,3054.738488769531,3151.322989908854,3186.376324462891,3135.2465954589843
2021-10-15,3015.06005859375,3021.89990234375,2999.330078125,3012.6201171875,857300,3049.2034912109375,3146.8036580403646,3184.6626586914062,3136.4286462402342
2021-10-18,3006.679931640625,3021.169921875,2990.43994140625,3017.47998046875,926000,3043.144482421875,3142.2998250325522,3183.2878255208334,3137.7936462402345
2021-10-19,3029.0400390625,3034.530029296875,3014.18994140625,3022.22998046875,845400,3037.15498046875,3138.7164916992188,3182.0504923502604,3139.13974609375
2021-10-20,3013.1298828125,3047.239990234375,3012.969970703125,3043.1298828125,679900,3030.1414794921875,3135.056990559896,3180.650907389323,3140.171094970703
2021-10-21,3007.330078125,3025.8798828125,3002.739990234375,3012.280029296875,887000,3024.0034790039062,3131.5806599934895,3178.899241129557,3141.164744873047
2021-10-22,3006.159912109375,3018.699951171875,2996.260009765625,3005.360107421875,695000,3017.2859741210937,3127.5131591796876,3177.155407714844,3142.0929943847655
2021-10-25,3020.5400390625,3025.27001953125,2983.2900390625,3001.10009765625,791500,3011.933972167969,3123.6151611328123,3175.814324951172,3142.8283447265626
2021-10-26,3049.080078125,3051.64990234375,3030.530029296875,3039.820068359375,564100,3008.1259765625,3120.6839965820313,3174.772741699219,3143.351495361328
2021-10-27,3025.489990234375,3049.02001953125,3019.0,3045.830078125,607500,3002.7184814453126,3117.233329264323,3173.7529907226562,3143.526094970703
2021-10-28,3009.550048828125,3034.419921875,3009.550048828125,3023.169921875,616900,2998.2999877929688,3113.4448282877606,3172.7725748697917,3143.732795410156
2021-10-29,2970.679931640625,3030.169921875,2965.39990234375,3025.669921875,545300,2993.8204833984373,3108.9119954427083,3171.300156656901,3143.4277954101562
2021-11-01,2978.93994140625,2991.81005859375,2976.8701171875,2984.179931640625,475000,2989.3264770507812,3105.188993326823,3169.7877400716147,3142.5615954589844
2021-11-02,3013.489990234375,3034.300048828125,2995.580078125,2995.580078125,525400,2989.0419799804686,3101.696492513021,3168.2568237304686,3141.8867956542967
2021-11-03,2975.7099609375,3020.8701171875,2969.010009765625,3020.360107421875,658300,2989.7189819335936,3097.339326985677,3165.97690633138,3141.135595703125
2021-11-04,2983.219970703125,3011.56005859375,2978.070068359375,3000.919921875,771700,2993.4644775390625,3092.3866617838544,3164.0918233235675,3140.3102453613283
2021-11-05,2969.27001953125,3003.530029296875,2953.9599609375,3003.530029296875,687400,2993.95498046875,3087.2723307291667,3162.48857421875,3139.406945800781
2021-11-08,2960.199951171875,2968.179931640625,2930.89990234375,2965.360107421875,559600,2994.1499755859377,3082.102994791667,3161.1393229166665,3138.778446044922
2021-11-09,2962.4599609375,2987.280029296875,2949.169921875,2958.14990234375,707800,2996.4539794921875,3077.136995442708,3159.5488220214843,3138.5210961914063
2021-11-10,2930.169921875,2958.610107421875,2924.360107421875,2947.4599609375,567300,2995.741979980469,3071.9199951171877,3157.8459045410154,3137.7086462402344
2021-11-11,2924.919921875,2925.18994140625,2903.719970703125,2911.409912109375,571900,2992.5559814453127,3066.991658528646,3155.778153483073,3136.760495605469
2021-11-12,2968.800048828125,2973.840087890625,2938.27001953125,2945.949951171875,665000,2990.2429809570312,3062.998661295573,3154.1658203125,3135.800295410156
2021-11-15,2999.52001953125,3003.7099609375,2979.9599609375,2989.679931640625,638900,2989.8849853515626,3060.1358276367187,3152.858321126302,3135.09474609375
2021-11-16,2997.2099609375,3011.8798828125,2985.340087890625,2995.679931640625,579000,2988.2934814453124,3057.7044921875,3151.63257039388,3134.0358459472654
2021-11-17,2962.419921875,3004.669921875,2957.699951171875,3004.02001953125,540700,2985.7579833984373,3054.429325358073,3149.891735839844,3133.146395263672
2021-11-18,2947.3798828125,2964.47998046875,2937.530029296875,2959.260009765625,541100,2982.7604736328126,3051.9218221028646,3148.0496520996094,3132.2704943847657
2021-11-19,2971.02001953125,2974.639892578125,2948.070068359375,2951.06005859375,656300,2981.0034790039062,3050.430322265625,3146.4289021809896,3131.780344238281
2021-11-22,3013.25,3018.010009765625,2980.72998046875,2983.3798828125,531000,2980.6389770507812,3049.14765625,3144.9665690104166,3131.9655444335935
2021-11-23,2997.330078125,3016.360107421875,2992.139892578125,3013.159912109375,524200,2978.051477050781,3046.7981567382812,3143.2449869791667,3131.6695446777344
2021-11-24,2994.2900390625,3017.89990234375,2981.02001953125,3006.340087890625,556600,2976.4914794921874,3044.2561564127604,3141.348486328125,3131.1569445800783
2021-11-25,2980.27001953125,2996.739990234375,2973.239990234375,2996.739990234375,595400,2975.027478027344,3041.78515625,3139.3154866536456,3130.409895019531
2021-11-26,2936.43994140625,2985.77001953125,2930.31005859375,2973.0400390625,594700,2973.315478515625,3038.4941569010416,3136.7239034016925,3129.654344482422
2021-11-29,2909.320068359375,2930.219970703125,2890.780029296875,2906.14990234375,841700,2969.8344848632814,3034.579659016927,3133.967569986979,3128.5977954101563
2021-11-30,2839.010009765625,2942.929931640625,2822.72998046875,2932.7099609375,982400,2961.110485839844,3028.5753255208333,3130.5249857584636,3127.3366455078126
2021-12-01,2899.719970703125,2905.739990234375,2837.030029296875,2860.1201171875,563100,2957.310986328125,3023.4536580403646,3127.6240681966146,3126.411895751953
2021-12-02,2945.27001953125,2945.27001953125,2874.639892578125,2874.639892578125,533700,2955.4134887695313,3019.6106567382812,3125.366485595703,3125.6353454589844
2021-12-03,2968.330078125,2975.43994140625,2927.550048828125,2935.929931640625,486100,2955.366491699219,3015.731823730469,3123.2305704752603,3124.7419958496093
2021-12-06,2973.25,2983.5,2932.489990234375,2954.820068359375,479400,2956.018994140625,3011.8971557617188,3120.9299865722655,3123.7919958496095
2021-12-07,2991.719970703125,2992.31005859375,2960.89990234375,2973.840087890625,540900,2957.4819946289062,3008.635489908854,3118.759903971354,3123.0819458007813
2021-12-08,3001.800048828125,3036.1298828125,2995.340087890625,3017.929931640625,487800,2961.0635009765624,3005.9489908854166,3116.6196553548175,3122.657646484375
2021-12-09,3029.570068359375,3029.570068359375,3001.550048828125,3007.0,513000,2966.296008300781,3004.5301595052083,3114.543739827474,3122.2673962402346
2021-12-10,3010.22998046875,3017.639892578125,2998.2900390625,3008.699951171875,451200,2968.3675048828127,3002.604659016927,3112.4209899902344,3121.919796142578
2021-12-13,3001.659912109375,3043.830078125,3000.510009765625,3019.669921875,375400,2968.474499511719,3000.5013224283853,3110.2020731608072,3121.577645263672
2021-12-14,2987.949951171875,3001.699951171875,2976.159912109375,2983.949951171875,581200,2968.0114990234374,2997.8199869791665,3108.0950724283853,3121.5424951171876
2021-12-15,2989.389892578125,2992.300048828125,2973.0,2979.830078125,432500,2969.359997558594,2995.0864868164062,3105.807655843099,3120.990994873047
2021-12-16,3006.409912109375,3018.199951171875,2989.6298828125,3013.260009765625,402400,2972.3114990234376,2993.0251505533856,3103.5594889322915,3120.9582946777346
2021-12-17,3017.72998046875,3017.72998046875,2984.18994140625,2985.199951171875,451400,2974.6469970703124,2990.9788167317706,3101.3230712890627,3120.8275939941404
2021-12-20,2963.0,3001.330078125,2962.070068359375,3001.330078125,377100,2972.1344970703126,2988.2358154296876,3098.491070556641,3120.2276440429687
2021-12-21,2975.030029296875,2984.56005859375,2955.89990234375,2981.669921875,410500,2971.019494628906,2985.732316080729,3095.76723836263,3119.885344238281
2021-12-22,2984.47998046875,3000.7900390625,2976.64990234375,2993.5,461400,2970.5289916992188,2983.2463175455728,3093.248905436198,3119.676444091797
2021-12-23,2998.169921875,3000.699951171875,2980.909912109375,2998.02001953125,483300,2971.4239868164063,2981.583817545573,3090.7613220214844,3119.6867431640626
2021-12-24,3012.429931640625,3025.77001953125,3009.47998046875,3009.47998046875,537500,2975.223486328125,2980.786482747396,3088.514404296875,3119.868292236328
2021-12-27,2999.550048828125,3017.31005859375,2999.300048828125,3013.93994140625,475000,2979.7349853515625,2979.631982421875,3086.162487792969,3120.075441894531
2021-12-28,3020.239990234375,3020.2900390625,2991.550048828125,3006.77001953125,607000,2988.796484375,2979.649650065104,3083.8877380371096,3120.1081420898436
2021-12-29,2993.2900390625,3007.719970703125,2988.669921875,3002.89990234375,545800,2993.474987792969,2980.168318684896,3081.2884053548178,3119.8026428222656
2021-12-30,2977.64990234375,3005.360107421875,2975.739990234375,2999.75,460600,2995.0939819335936,2981.323982747396,3078.7243204752604,3119.462342529297
2022-01-04,2989.239990234375,2995.25,2973.080078125,2991.969970703125,621200,2996.1394775390627,2981.8203165690106,3076.528987630208,3119.0726928710938
2022-01-05,2953.969970703125,2986.199951171875,2936.72998046875,2984.050048828125,786900,2995.1754760742188,2981.7814819335936,3074.3291544596354,3118.6050427246096
2022-01-06,2920.530029296875,2952.5400390625,2915.3798828125,2925.39990234375,785500,2991.6159790039064,2981.850651041667,3071.61298828125,3117.8776428222654
2022-01-07,2954.889892578125,2959.030029296875,2933.10009765625,2933.780029296875,545800,2989.270471191406,2982.0253173828123,3068.9755716959635,3117.4544421386718
2022-01-10,2926.719970703125,2951.1201171875,2910.89990234375,2947.3701171875,477000,2984.127966308594,2980.9933186848957,3066.158154296875,3116.9107421875
2022-01-11,2927.3798828125,2943.570068359375,2909.820068359375,2930.929931640625,565800,2979.985461425781,2979.531982421875,3063.16782023112,3116.5239416503905
2022-01-12,2972.47998046875,2972.580078125,2950.31005859375,2950.780029296875,519000,2978.52646484375,2978.961983235677,3060.6309041341146,3116.404591064453
2022-01-13,2962.090087890625,2982.139892578125,2958.389892578125,2979.909912109375,604600,2977.2334716796877,2977.846150716146,3058.281321207682,3116.1733911132815
2022-01-14,2921.919921875,2944.969970703125,2914.72998046875,2937.610107421875,532300,2973.859973144531,2976.3259847005206,3055.6914876302085,3115.577940673828
2022-01-17,2890.10009765625,2919.669921875,2875.97998046875,2918.550048828125,592900,2968.044482421875,2974.3721516927085,3052.9764058430987,3114.8482409667968
2022-01-18,2864.239990234375,2902.7900390625,2857.260009765625,2898.97998046875,553700,2960.369982910156,2972.0068196614584,3049.7599894205728,3113.8194409179687
2022-01-19,2842.280029296875,2871.7900390625,2832.179931640625,2840.340087890625,463400,2954.333984375,2969.035819498698,3046.3254903157554,3112.723741455078
2022-01-20,2862.679931640625,2862.699951171875,2830.969970703125,2842.280029296875,395400,2948.7164794921873,2965.929150390625,3043.306573486328,3111.6001416015624
2022-01-21,2834.2900390625,2847.949951171875,2817.110107421875,2837.489990234375,532500,2941.206982421875,2962.7424845377604,3039.9879069010417,3110.2075915527344
2022-01-24,2792.0,2828.110107421875,2780.679931640625,2823.760009765625,473600,2930.898486328125,2959.116650390625,3036.2807393391927,3108.5634411621095
2022-01-25,2720.389892578125,2789.6201171875,2703.989990234375,2786.409912109375,639400,2916.296484375,2954.9451497395835,3031.928572591146,3106.529990234375
2022-01-26,2709.239990234375,2744.139892578125,2708.10009765625,2729.75,471800,2901.7809814453126,2950.4501505533854,3027.819571940104,3104.389140625
2022-01-27,2614.489990234375,2722.860107421875,2614.489990234375,2709.239990234375,487100,2881.4934814453127,2943.8001505533853,3022.748321533203,3101.745290527344
2022-01-28,2663.340087890625,2668.590087890625,2591.530029296875,2617.8701171875,433700,2864.995983886719,2938.593986002604,3017.966656494141,3099.4025915527345
2022-02-03,2707.820068359375,2735.340087890625,2702.780029296875,2706.340087890625,435300,2851.5044921875,2934.0039876302085,3013.1953247070314,3097.263741455078
2022-02-04,2750.260009765625,2751.800048828125,2712.8701171875,2714.830078125,535900,2839.5554931640627,2930.3538208007812,3008.8130757649737,3095.169641113281
2022-02-07,2745.06005859375,2750.699951171875,2718.93994140625,2750.699951171875,417600,2829.109997558594,2926.7681559244793,3004.435575358073,3092.9830419921873
2022-02-08,2746.469970703125,2779.85009765625,2726.719970703125,2767.760009765625,559600,2820.4069946289064,2923.168322753906,3000.152659098307,3090.743741455078
2022-02-09,2768.85009765625,2773.3798828125,2753.510009765625,2772.6298828125,538700,2811.1050048828124,2920.479659016927,2996.1998270670574,3088.594891357422
2022-02-10,2771.929931640625,2788.27001953125,2761.760009765625,2787.43994140625,509300,2803.3655029296874,2917.929825846354,2992.4607421875,3086.460340576172
2022-02-11,2747.7099609375,2766.699951171875,2735.080078125,2739.139892578125,480300,2794.3820068359373,2914.244991048177,2988.621826171875,3084.095390625
2022-02-14,2704.47998046875,2724.719970703125,2688.239990234375,2715.10009765625,616000,2780.9820068359377,2909.3276570638022,2984.7317423502604,3081.759490966797
2022-02-15,2676.5400390625,2716.449951171875,2665.469970703125,2712.449951171875,588700,2766.7045043945313,2903.9831583658856,2980.8438252766928,3079.254591064453
2022-02-16,2729.679931640625,2730.429931640625,2711.340087890625,2719.610107421875,422100,2757.0925048828126,2900.1041585286457,2977.266741943359,3076.9975903320315
2022-02-17,2744.090087890625,2770.659912109375,2711.989990234375,2735.110107421875,611000,2749.7920043945314,2896.715995279948,2974.3189086914062,3074.630390625
2022-02-18,2744.52001953125,2747.080078125,2711.8798828125,2714.52001953125,512900,2743.806005859375,2892.940995279948,2971.6856587727866,3072.2758911132814
2022-02-21,2743.800048828125,2746.6201171875,2694.89990234375,2706.64990234375,495000,2738.8820068359373,2888.450162760417,2968.7989095052085,3070.0875415039063
2022-02-22,2706.7900390625,2721.840087890625,2690.090087890625,2705.080078125,648100,2731.087512207031,2883.6078287760415,2965.2029927571616,3067.751141357422
2022-02-23,2719.530029296875,2729.56005859375,2705.31005859375,2727.429931640625,537700,2725.34951171875,2879.028495279948,2961.642325846354,3065.609490966797
2022-02-24,2648.800048828125,2694.550048828125,2642.6298828125,2689.280029296875,925900,2718.1895141601562,2873.5039957682293,2957.6445760091146,3063.2174914550783
2022-02-25,2676.760009765625,2694.81005859375,2665.9599609375,2678.469970703125,664100,2716.008020019531,2869.175996907552,2953.835076904297,3060.8644409179688
2022-02-28,2699.179931640625,2699.179931640625,2658.25,2663.0,613300,2715.505017089844,2865.673661295573,2950.12666015625,3058.5581909179687
2022-03-02,2703.52001953125,2716.4599609375,2692.239990234375,2698.31005859375,527800,2719.9565185546876,2863.415494791667,2945.99541015625,3056.0897912597657
2022-03-03,2747.080078125,2748.2099609375,2726.35009765625,2729.860107421875,614300,2724.143518066406,2860.8714965820313,2942.1625773111978,3053.57869140625
2022-03-04,2713.429931640625,2736.580078125,2702.340087890625,2736.580078125,765300,2724.4240112304688,2857.0074951171873,2938.3090759277343,3051.09869140625
2022-03-07,2651.31005859375,2680.169921875,2644.10009765625,2680.169921875,571300,2719.476513671875,2851.723828125,2933.7278259277346,3048.546942138672
2022-03-08,2622.39990234375,2647.179931640625,2605.81005859375,2617.330078125,540100,2713.343505859375,2845.876326497396,2928.8867411295573,3046.0483911132815
2022-03-10,2680.320068359375,2682.7900390625,2660.860107421875,2660.860107421875,613500,2710.0360107421875,2840.686328125,2924.6609090169272,3043.6833911132812
2022-03-11,2661.280029296875,2672.6201171875,2647.280029296875,2665.949951171875,796500,2704.657507324219,2835.010994466146,2920.4799926757814,3041.3171911621093
2022-03-14,2645.64990234375,2661.760009765625,2633.31005859375,2654.929931640625,635900,2698.343505859375,2828.6123250325522,2916.5712422688803,3038.6801904296876
2022-03-15,2621.530029296875,2641.969970703125,2615.080078125,2630.31005859375,603700,2692.0345092773437,2822.133992513021,2912.369325764974,3035.9764404296875
2022-03-16,2659.22998046875,2659.89990234375,2630.030029296875,2649.85009765625,736000,2689.772009277344,2816.426826985677,2908.464074707031,3033.4904907226564
2022-03-17,2694.510009765625,2714.0,2694.510009765625,2703.27001953125,545500,2690.6705078125,2811.536161295573,2904.67807413737,3031.2415405273437
2022-03-18,2707.02001953125,2708.159912109375,2688.7099609375,2695.639892578125,643500,2689.5375122070313,2806.8299967447915,2900.958241780599,3028.920040283203
2022-03-21,2686.050048828125,2717.81005859375,2683.68994140625,2717.81005859375,502000,2686.6355102539064,2801.4906656901044,2897.257908121745,3026.508140869141
2022-03-22,2710.0,2712.139892578125,2686.580078125,2686.679931640625,489100,2684.9095092773437,2796.3618326822916,2893.6703247070313,3024.2305908203125
2022-03-23,2735.050048828125,2742.27001953125,2720.830078125,2727.1201171875,883000,2684.4720092773437,2792.562666829427,2890.399241129557,3021.9621911621093
2022-03-24,2729.659912109375,2729.659912109375,2705.139892578125,2716.25,959600,2685.6155029296874,2788.4731648763022,2887.1027404785154,3019.590891113281
2022-03-25,2729.97998046875,2740.949951171875,2722.360107421875,2740.830078125,599800,2686.1380004882812,2784.2314982096354,2883.738907877604,3017.1314404296877
2022-03-28,2729.56005859375,2737.4599609375,2707.739990234375,2721.219970703125,768000,2690.1760009765626,2779.754667154948,2880.6692423502604,3014.6580908203123
2022-03-29,2741.070068359375,2754.179931640625,2733.219970703125,2745.6201171875,726700,2693.39150390625,2775.232002766927,2878.0092427571612,3012.126291503906
2022-03-30,2746.739990234375,2760.60009765625,2740.02001953125,2758.31005859375,837800,2695.7695068359376,2771.0185017903646,2875.3252421061197,3009.6595910644533
2022-03-31,2757.64990234375,2765.199951171875,2743.199951171875,2743.239990234375,1029500,2698.4760009765623,2766.6420003255207,2873.1458251953127,3007.1872399902345
2022-04-01,2739.85009765625,2745.85009765625,2729.679931640625,2745.85009765625,1305000,2698.114501953125,2762.418001302083,2871.2931599934896,3004.647340087891
2022-04-04,2757.89990234375,2758.3798828125,2722.449951171875,2729.860107421875,1022500,2700.338000488281,2758.7555013020833,2870.0397420247396,3002.355939941406
2022-04-05,2759.199951171875,2769.179931640625,2750.5,2765.5,1605600,2705.7324951171877,2754.9215006510417,2868.370908610026,3000.028740234375
2022-04-06,2735.030029296875,2747.85009765625,2730.659912109375,2739.070068359375,1321300,2711.3640014648436,2751.272501627604,2866.526991780599,2997.4572900390626
2022-04-07,2695.860107421875,2718.5,2693.360107421875,2714.699951171875,998200,2712.141003417969,2747.5280029296873,2864.689326985677,2994.675941162109
2022-04-08,2700.389892578125,2712.0,2685.52001953125,2706.639892578125,948000,2714.0964965820312,2743.286336263021,2862.655826822917,2991.8847412109376
2022-04-11,2693.10009765625,2711.02001953125,2683.9599609375,2687.5400390625,742100,2716.4690063476564,2739.3926717122395,2860.1929951985676,2988.9568420410155
2022-04-12,2666.760009765625,2685.080078125,2658.39990234375,2674.169921875,870000,2718.730505371094,2735.049007161458,2857.290494791667,2985.965842285156
2022-04-13,2716.489990234375,2717.6298828125,2672.60009765625,2677.530029296875,732000,2721.593505859375,2730.782507324219,2854.872245279948,2983.208642578125
2022-04-14,2716.7099609375,2720.300048828125,2702.610107421875,2719.340087890625,664800,2722.703503417969,2726.692838541667,2852.269494628906,2980.5882421875
2022-04-15,2696.06005859375,2705.409912109375,2685.010009765625,2695.52001953125,693700,2722.1555053710936,2722.928507486979,2849.62724609375,2977.7491430664063
2022-04-18,2693.2099609375,2701.110107421875,2681.3701171875,2685.0400390625,1024600,2722.5135009765627,2719.647005208333,2847.0095784505206,2974.8342431640626
2022-04-19,2718.889892578125,2723.97998046875,2705.320068359375,2707.760009765625,1256100,2722.9579956054686,2717.224503580729,2844.6156616210938,2971.998192138672
2022-04-20,2718.68994140625,2724.4599609375,2702.840087890625,2718.489990234375,1735700,2722.139990234375,2715.164668782552,2842.100244140625,2969.07744140625
2022-04-21,2728.2099609375,2737.5400390625,2725.0400390625,2725.7099609375,1002600,2722.067492675781,2712.9235026041665,2839.4263264973956,2966.2090417480467
2022-04-22,2704.7099609375,2708.580078125,2690.47998046875,2704.719970703125,1239400,2720.803991699219,2710.7638346354165,2836.7531595865885,2963.2991918945313
2022-04-25,2657.1298828125,2680.35009765625,2657.0400390625,2676.669921875,1017600,2717.182482910156,2708.5159993489583,2833.8163248697915,2960.101441650391
2022-04-26,2668.31005859375,2678.050048828125,2663.830078125,2674.0,889600,2713.544482421875,2707.6480021158854,2831.2965759277345,2957.0326916503905
2022-04-27,2639.06005859375,2641.820068359375,2615.5,2630.580078125,1071800,2708.1604858398437,2706.478336588542,2828.4642435709634,2953.819091796875
2022-04-28,2667.489990234375,2667.489990234375,2638.3701171875,2656.5400390625,898900,2703.652490234375,2707.361669921875,2825.58091023763,2950.6904919433596
2022-04-29,2695.050048828125,2696.10009765625,2664.06005859375,2669.179931640625,975000,2701.412487792969,2707.890169270833,2823.242077636719,2947.6396923828124
2022-05-02,2687.449951171875,2689.909912109375,2667.85009765625,2669.2099609375,873400,2697.889990234375,2707.5506673177083,2820.7773274739584,2944.650241699219
2022-05-03,2680.4599609375,2702.10009765625,2680.4599609375,2690.159912109375,883100,2693.952990722656,2706.387333170573,2818.370576985677,2941.789141845703
2022-05-04,2677.570068359375,2696.030029296875,2667.22998046875,2690.449951171875,1180500,2691.0799926757813,2705.2625,2816.0153279622396,2939.087242431641
2022-05-06,2644.510009765625,2652.510009765625,2635.969970703125,2650.889892578125,1333600,2688.512487792969,2703.563167317708,2813.3657450358073,2936.077442626953
2022-05-10,2596.56005859375,2602.75,2553.010009765625,2590.1298828125,840900,2683.32099609375,2700.6916666666666,2810.585662841797,2932.7033435058593
2022-05-11,2592.27001953125,2599.110107421875,2579.090087890625,2586.52001953125,679300,2678.2794921875,2697.697334798177,2807.813580322266,2929.340643310547
2022-05-12,2550.080078125,2591.570068359375,2546.800048828125,2569.5,899900,2672.4454956054688,2694.4035034179688,2804.324247233073,2925.6599438476565
2022-05-13,2604.239990234375,2605.840087890625,2565.9599609375,2570.010009765625,788300,2666.8329956054686,2692.7328369140623,2801.0302469889325,2922.296594238281
2022-05-16,2596.580078125,2629.199951171875,2593.610107421875,2624.68994140625,780000,2660.8265014648437,2691.4001708984374,2797.6916646321615,2919.0592944335935
2022-05-17,2620.43994140625,2621.840087890625,2603.580078125,2603.580078125,873000,2657.0454956054687,2689.5795043945313,2794.8418314615888,2915.9979943847657
2022-05-18,2625.97998046875,2644.1298828125,2618.0,2634.75,869300,2653.6839965820313,2687.6110026041665,2792.1634989420572,2913.0483447265624
2022-05-19,2592.340087890625,2597.7900390625,2568.5400390625,2576.239990234375,676900,2647.3565063476562,2685.074670410156,2789.0078328450522,2909.7589953613283
2022-05-20,2639.2900390625,2641.679931640625,2605.3798828125,2605.780029296875,752400,2643.386511230469,2683.3328369140627,2785.8914998372397,2906.6833459472655
2022-05-23,2647.3798828125,2653.8701171875,2634.2900390625,2651.6298828125,641900,2639.345007324219,2682.342667643229,2782.9752482096355,2903.7954956054687
2022-05-24,2605.8701171875,2646.989990234375,2605.8701171875,2638.93994140625,850700,2634.4030151367188,2680.4483357747395,2779.738415527344,2900.662196044922
2022-05-25,2617.219970703125,2630.169921875,2602.93994140625,2621.75,710200,2632.40751953125,2679.922001139323,2776.712998453776,2897.563995361328
2022-05-26,2612.449951171875,2641.909912109375,2602.010009765625,2616.989990234375,595300,2629.6145141601564,2678.850166829427,2774.0130818684897,2894.412995605469
2022-05-27,2638.050048828125,2644.7099609375,2631.489990234375,2640.75,590500,2629.564013671875,2677.831335449219,2771.7524983723956,2891.5916455078127
2022-05-30,2669.659912109375,2672.739990234375,2654.179931640625,2662.31005859375,469300,2629.672509765625,2677.2670003255207,2770.3412475585938,2888.8247448730467
2022-05-31,2685.89990234375,2685.89990234375,2654.320068359375,2666.8798828125,670700,2629.2150024414063,2676.2473307291666,2768.5594136555987,2886.068544921875
2022-06-02,2658.989990234375,2674.0,2653.590087890625,2670.739990234375,524900,2627.7920043945314,2675.3399983723957,2766.1737467447915,2882.9615954589844
2022-06-03,2670.64990234375,2681.510009765625,2663.0,2679.570068359375,562200,2627.3015014648436,2675.6623291015626,2763.693078613281,2879.9341955566406
2022-06-07,2626.340087890625,2662.0400390625,2622.780029296875,2659.27001953125,524300,2624.7400024414064,2675.727998860677,2760.8021626790364,2876.7140954589845
2022-06-08,2626.14990234375,2639.52001953125,2621.9599609375,2633.530029296875,576000,2623.8219970703126,2674.825162760417,2757.7557454427083,2873.5427453613283
2022-06-09,2625.43994140625,2627.8798828125,2606.610107421875,2618.919921875,814500,2625.2659912109375,2674.2278279622396,2754.6194112141925,2870.453995361328
2022-06-10,2595.8701171875,2602.800048828125,2583.739990234375,2596.3701171875,723800,2625.44599609375,2673.398164876302,2751.005244954427,2867.3302453613283
2022-06-13,2504.510009765625,2550.320068359375,2504.510009765625,2550.2099609375,659800,2623.1674926757814,2671.447831217448,2746.790911865234,2863.8108959960937
2022-06-14,2492.969970703125,2503.169921875,2457.389892578125,2472.9599609375,671200,2617.6039916992186,2668.6768310546877,2742.551829020182,2860.419295654297
2022-06-15,2447.3798828125,2495.5400390625,2436.0400390625,2490.010009765625,713800,2610.1439819335938,2664.557995605469,2738.047078450521,2856.940744628906
2022-06-16,2451.409912109375,2500.360107421875,2447.330078125,2481.659912109375,583800,2601.69248046875,2660.2978271484376,2733.5639119466146,2853.40314453125
2022-06-17,2440.929931640625,2441.340087890625,2396.469970703125,2409.719970703125,634200,2592.439978027344,2656.2124918619793,2728.8515787760416,2850.118643798828
2022-06-20,2391.030029296875,2449.889892578125,2372.35009765625,2449.889892578125,592100,2582.374475097656,2650.8963256835937,2723.629079182943,2846.7712438964845
2022-06-21,2408.929931640625,2423.47998046875,2385.60009765625,2402.989990234375,479400,2570.8564697265624,2645.4609903971354,2719.011828613281,2843.36484375
2022-06-22,2342.81005859375,2418.050048828125,2342.81005859375,2417.110107421875,531800,2555.627978515625,2639.013492838542,2713.743328857422,2839.3873937988283
2022-06-23,2314.320068359375,2361.22998046875,2306.47998046875,2347.840087890625,749200,2541.0504760742188,2632.085827636719,2708.158662923177,2835.224943847656
2022-06-24,2366.60009765625,2373.47998046875,2319.989990234375,2327.110107421875,654100,2528.519482421875,2626.036494954427,2702.8955810546877,2831.415294189453
2022-06-27,2401.919921875,2418.93994140625,2365.860107421875,2383.199951171875,509700,2517.9929809570312,2620.383992513021,2697.807997639974,2827.7553942871095
2022-06-28,2422.090087890625,2422.10009765625,2393.9599609375,2405.199951171875,564700,2507.1949829101563,2614.9731608072916,2692.9958312988283,2824.1448950195313
2022-06-29,2377.989990234375,2393.25,2375.449951171875,2387.10009765625,422100,2492.6114868164063,2608.6454956054686,2687.6437479654946,2820.038494873047
2022-06-30,2332.639892578125,2368.570068359375,2332.590087890625,2368.570068359375,515000,2474.948486328125,2601.8586588541666,2682.138330078125,2815.666594238281
2022-07-01,2305.419921875,2354.969970703125,2291.489990234375,2342.919921875,530100,2457.269982910156,2594.3173258463544,2676.536413574219,2811.314443359375
2022-07-04,2300.340087890625,2318.31005859375,2276.6298828125,2310.72998046875,467700,2438.7544921875,2586.6696614583334,2670.7955810546873,2806.8108435058593
2022-07-05,2341.780029296875,2344.080078125,2309.6201171875,2322.110107421875,323600,2424.5264892578125,2580.1154947916666,2665.6939982096355,2802.5030932617187
2022-07-06,2292.010009765625,2332.139892578125,2290.330078125,2330.110107421875,410600,2407.8194946289063,2573.384659830729,2660.456331380208,2798.026043701172
2022-07-07,2334.27001953125,2344.139892578125,2307.89990234375,2308.969970703125,340000,2393.2609985351564,2567.2826619466146,2655.2844991048178,2793.8824438476563
2022-07-08,2350.610107421875,2367.840087890625,2348.739990234375,2352.489990234375,411200,2380.997998046875,2561.574495442708,2650.483583577474,2790.061994628906
2022-07-11,2340.27001953125,2363.260009765625,2337.820068359375,2357.429931640625,376900,2372.785998535156,2556.1329956054688,2645.5910013834637,2786.1345446777345
2022-07-12,2317.760009765625,2333.02001953125,2303.739990234375,2330.8798828125,379000,2364.025500488281,2549.4874959309896,2640.135001627604,2782.084044189453
2022-07-13,2328.610107421875,2341.18994140625,2312.489990234375,2324.449951171875,308400,2358.08701171875,2543.0191650390625,2634.8560017903646,2777.9829443359376
2022-07-14,2322.320068359375,2338.2900390625,2307.68994140625,2316.409912109375,348900,2351.63251953125,2536.790165201823,2629.859336344401,2773.8275451660156
2022-07-15,2330.97998046875,2337.300048828125,2293.449951171875,2335.1201171875,319300,2346.1350219726564,2530.752998860677,2625.2000020345054,2769.831994628906
2022-07-18,2375.25,2376.5,2344.1201171875,2350.47998046875,324100,2345.3460205078127,2525.025667317708,2621.1250854492187,2766.005694580078
2022-07-19,2370.969970703125,2372.739990234375,2359.590087890625,2367.52001953125,339200,2343.4480224609374,2519.230334472656,2617.197501627604,2762.2226440429686
2022-07-20,2386.85009765625,2410.06005859375,2382.64990234375,2406.2900390625,333000,2345.6500244140625,2513.5410034179686,2613.2322530110678,2758.530694580078
2022-07-21,2409.159912109375,2411.9599609375,2387.909912109375,2387.909912109375,295500,2350.3920166015623,2508.615169270833,2609.689501953125,2754.9082946777344
2022-07-22,2393.139892578125,2417.909912109375,2391.47998046875,2405.3701171875,381400,2351.7190063476564,2504.2153361002606,2606.3656677246095,2751.38439453125
2022-07-25,2403.68994140625,2412.469970703125,2385.64990234375,2385.64990234375,322900,2351.807507324219,2499.805000813802,2603.7265014648438,2748.101494140625
2022-07-26,2412.9599609375,2415.389892578125,2395.169921875,2397.27001953125,415100,2351.3510009765623,2496.0366658528646,2601.257501220703,2744.8221936035156
2022-07-27,2415.530029296875,2415.530029296875,2396.18994140625,2412.52001953125,333400,2353.2280029296876,2491.837333170573,2599.599501546224,2741.803944091797
2022-07-28,2435.27001953125,2443.429931640625,2429.070068359375,2437.570068359375,490900,2358.359509277344,2487.507666015625,2597.6989176432294,2739.169444580078
2022-07-29,2451.5,2463.050048828125,2442.010009765625,2453.530029296875,499000,2365.6635131835938,2483.575166829427,2595.562917073568,2736.885394287109
2022-08-01,2452.25,2461.39990234375,2437.1298828125,2444.050048828125,487000,2373.2590087890626,2479.7716674804688,2593.0795003255207,2734.3493444824217
2022-08-02,2439.6201171875,2451.070068359375,2428.760009765625,2451.0,549800,2378.151013183594,2475.8058349609373,2590.5341674804686,2731.765944824219
2022-08-03,2461.449951171875,2461.449951171875,2433.1201171875,2438.56005859375,475200,2386.623010253906,2472.754833984375,2588.159000651042,2729.491295166016
2022-08-04,2473.110107421875,2478.949951171875,2465.320068359375,2478.43994140625,398500,2393.5650146484377,2470.697334798177,2585.694500732422,2727.134796142578
2022-08-05,2490.800048828125,2497.580078125,2480.050048828125,2481.429931640625,409400,2400.57451171875,2469.006168619792,2583.3517517089845,2724.645596923828
2022-08-08,2493.10009765625,2494.0,2477.760009765625,2481.169921875,418100,2408.216015625,2468.056502278646,2581.2300028483073,2722.0357971191406
2022-08-09,2503.4599609375,2506.489990234375,2481.360107421875,2493.570068359375,454200,2417.501013183594,2466.376835123698,2579.55483601888,2719.519697265625
2022-08-10,2480.8798828125,2494.14990234375,2478.2099609375,2493.699951171875,479300,2425.114501953125,2464.4484985351564,2577.9243347167967,2716.778896484375
2022-08-11,2523.780029296875,2523.780029296875,2506.409912109375,2507.739990234375,505100,2435.1875,2462.8375,2576.2085021972657,2714.332147216797
2022-08-12,2527.93994140625,2533.199951171875,2514.31005859375,2519.659912109375,445100,2445.035498046875,2461.2034993489583,2574.4072509765624,2711.935196533203
2022-08-16,2533.52001953125,2546.35009765625,2532.199951171875,2543.050048828125,398100,2452.9489990234374,2460.2231648763022,2572.648917643229,2709.5719970703126
2022-08-17,2516.469970703125,2543.14990234375,2512.010009765625,2536.570068359375,417800,2460.2239990234375,2458.176163736979,2570.754500325521,2707.0516467285156
2022-08-18,2508.050048828125,2515.3701171875,2488.090087890625,2499.300048828125,381400,2466.2839965820312,2455.8539998372394,2569.0983337402345,2704.3464965820312
2022-08-19,2492.68994140625,2510.719970703125,2492.68994140625,2510.719970703125,459700,2470.460498046875,2453.967663574219,2567.207999674479,2701.682496337891
2022-08-22,2462.5,2475.77001953125,2457.080078125,2467.3798828125,422400,2473.928503417969,2451.3889973958335,2565.6554992675783,2698.94724609375
2022-08-23,2435.340087890625,2454.550048828125,2431.830078125,2449.31005859375,471000,2475.5110107421874,2448.4371663411457,2563.6436665852866,2696.270546875
2022-08-24,2447.449951171875,2454.010009765625,2430.68994140625,2446.179931640625,423300,2477.2355102539063,2445.260498046875,2561.5459167480467,2693.613096923828
2022-08-25,2477.260009765625,2477.260009765625,2455.320068359375,2459.7900390625,426000,2480.3220092773436,2442.0538330078125,2559.6604166666666,2690.9319470214846
2022-08-26,2481.030029296875,2497.760009765625,2476.75,2489.139892578125,519900,2482.610009765625,2438.639335123698,2557.4433329264325,2688.4585473632815
2022-08-29,2426.889892578125,2432.889892578125,2417.010009765625,2432.06005859375,447200,2481.379504394531,2434.7710001627606,2555.055499267578,2685.6768969726563
2022-08-30,2450.929931640625,2453.909912109375,2433.47998046875,2441.2099609375,336200,2481.3135009765624,2431.1090006510417,2553.385664876302,2683.085196533203
2022-08-31,2472.050048828125,2473.75,2426.139892578125,2433.469970703125,435900,2482.9349975585938,2428.5375,2552.1327494303387,2680.644447021484
2022-09-01,2415.610107421875,2443.610107421875,2415.610107421875,2443.0,579300,2480.6430053710938,2425.0285034179688,2549.9268330891928,2677.9101977539062
2022-09-02,2409.409912109375,2432.3701171875,2402.669921875,2427.699951171875,391400,2477.4579956054686,2421.4280029296874,2547.8279154459638,2675.3063977050783
2022-09-05,2403.679931640625,2424.77001953125,2392.6298828125,2410.070068359375,354700,2473.1019897460938,2418.2248331705728,2545.8114990234376,2672.700197753906
2022-09-06,2410.02001953125,2422.530029296875,2399.260009765625,2409.719970703125,294100,2468.9479858398436,2416.65,2544.0489156087237,2669.906297607422
2022-09-07,2376.4599609375,2398.39990234375,2365.35009765625,2395.659912109375,377900,2462.5979858398437,2414.7081665039063,2541.692498779297,2666.7909973144533
2022-09-08,2384.280029296875,2394.06005859375,2379.06005859375,2393.27001953125,423600,2457.7679931640623,2413.656502278646,2539.107248942057,2663.72634765625
2022-09-13,2449.5400390625,2453.949951171875,2418.590087890625,2418.590087890625,366900,2454.0559936523437,2413.6253377278645,2536.9615824381513,2661.1619482421875
2022-09-14,2411.419921875,2418.419921875,2381.5,2390.469970703125,461300,2448.2299926757814,2413.133504231771,2534.672998046875,2658.4821484375
2022-09-15,2401.830078125,2421.6298828125,2401.830078125,2416.010009765625,423900,2441.6454956054686,2413.313505045573,2532.104915364583,2655.6361987304685
2022-09-16,2382.780029296875,2395.10009765625,2371.110107421875,2387.56005859375,440300,2434.9609985351562,2412.8776733398436,2529.1693318684897,2652.4838488769533
2022-09-19,2355.659912109375,2389.85009765625,2352.760009765625,2388.72998046875,403700,2427.3414916992188,2413.091837565104,2526.052665201823,2649.275498046875
2022-09-20,2367.85009765625,2382.52001953125,2359.840087890625,2373.639892578125,419200,2421.099499511719,2413.984004720052,2523.0349161783856,2646.1432983398436
2022-09-21,2347.2099609375,2360.27001953125,2341.7900390625,2351.5400390625,378000,2415.334997558594,2413.6608357747396,2519.848665364583,2642.977998046875
2022-09-22,2332.31005859375,2335.110107421875,2309.10009765625,2319.699951171875,446600,2410.18349609375,2412.5006713867188,2516.4423319498696,2639.9573486328127
2022-09-23,2290.0,2334.06005859375,2285.7099609375,2331.330078125,446300,2402.310998535156,2410.299169921875,2512.636165364583,2636.8607482910156
2022-09-26,2220.93994140625,2260.800048828125,2215.360107421875,2260.800048828125,621400,2389.4949951171875,2407.681669108073,2508.163582356771,2633.770397949219
2022-09-27,2223.860107421875,2227.35009765625,2197.89990234375,2224.389892578125,487600,2376.6364990234374,2405.8686726888022,2503.863665771484,2630.3910986328124
2022-09-28,2169.2900390625,2223.56005859375,2151.60009765625,2206.14990234375,595700,2363.7565063476563,2403.5998413085936,2498.9585835774737,2626.5111987304685
2022-09-29,2170.929931640625,2210.610107421875,2170.139892578125,2197.75,508200,2349.7565063476563,2401.443005371094,2494.0563334147137,2622.524197998047
2022-09-30,2155.489990234375,2177.199951171875,2134.77001953125,2161.110107421875,950000,2333.928503417969,2398.338171386719,2489.2268330891925,2618.435397949219
2022-10-04,2209.3798828125,2212.3798828125,2180.840087890625,2189.510009765625,420700,2323.6169921875,2396.961002604167,2485.1728312174478,2614.5236975097655
2022-10-05,2215.219970703125,2253.929931640625,2204.030029296875,2248.85009765625,855400,2313.9074951171874,2394.976835123698,2481.129748535156,2610.5907971191405
2022-10-06,2237.860107421875,2250.8701171875,2223.360107421875,2230.429931640625,642700,2305.61650390625,2393.0976684570314,2477.33608194987,2606.6322473144533
2022-10-07,2232.840087890625,2245.8798828125,2215.080078125,2217.840087890625,428500,2296.7575073242188,2391.307169596354,2473.7200826009116,2602.7452978515626
2022-10-11,2192.070068359375,2193.050048828125,2174.06005859375,2193.02001953125,859100,2287.5380126953123,2389.212337239583,2469.3499165852863,2598.6973486328125
2022-10-12,2202.469970703125,2205.02001953125,2181.64990234375,2191.35009765625,658000,2278.447509765625,2387.110001627604,2465.0645833333333,2594.769948730469
2022-10-13,2162.8701171875,2198.340087890625,2162.8701171875,2198.2900390625,792200,2264.114013671875,2384.452502441406,2460.6213338216144,2590.637349853516
2022-10-14,2212.550048828125,2220.5400390625,2193.6298828125,2200.659912109375,512900,2254.170520019531,2382.4786702473957,2456.6158345540366,2586.6680505371096
2022-10-17,2219.7099609375,2221.050048828125,2177.659912109375,2187.169921875,498500,2245.0645141601562,2379.886336263021,2452.4560017903646,2582.677950439453
2022-10-18,2249.949951171875,2251.739990234375,2220.7099609375,2249.14990234375,580700,2238.4230102539063,2377.8693359375,2448.549835205078,2579.1127001953123
2022-10-19,2237.43994140625,2266.800048828125,2234.590087890625,2249.35009765625,895000,2232.51201171875,2375.3791666666666,2444.4600850423176,2575.4247497558595
2022-10-20,2218.090087890625,2231.52001953125,2200.43994140625,2225.530029296875,1108000,2225.0240112304687,2372.1946695963543,2440.404919433594,2571.5928002929686
2022-10-21,2213.1201171875,2224.0400390625,2204.639892578125,2210.590087890625,637400,2218.3195190429688,2369.1943400065106,2436.7048380533856,2567.667551269531
2022-10-24,2236.159912109375,2256.669921875,2229.85009765625,2248.260009765625,444700,2213.51201171875,2366.4021728515627,2433.103586832682,2563.786201171875
2022-10-25,2235.070068359375,2253.239990234375,2230.75,2237.0400390625,456700,2210.765515136719,2363.4373413085937,2429.7370035807294,2559.9638012695314
2022-10-26,2249.56005859375,2258.110107421875,2234.489990234375,2240.699951171875,563300,2212.1965209960936,2360.671175130208,2426.254254150391,2556.110401611328
2022-10-27,2288.780029296875,2290.56005859375,2262.02001953125,2266.070068359375,587700,2215.442517089844,2358.2296752929688,2422.8686706542967,2552.5878515625
2022-10-28,2268.39990234375,2292.64990234375,2266.43994140625,2276.72998046875,427100,2220.3980102539062,2355.178006998698,2419.3765869140625,2549.0416015625
2022-10-31,2293.610107421875,2295.510009765625,2273.72998046875,2293.75,401300,2226.532019042969,2352.5340087890627,2416.1528381347657,2545.5634521484376
2022-11-01,2335.219970703125,2335.570068359375,2297.570068359375,2301.580078125,597100,2235.518518066406,2350.7940063476562,2413.299920654297,2542.4697021484376
2022-11-02,2336.8701171875,2346.320068359375,2323.3701171875,2326.050048828125,450200,2241.893029785156,2348.71767578125,2410.7362548828123,2539.5514025878906
2022-11-03,2329.169921875,2342.860107421875,2296.43994140625,2297.449951171875,550300,2247.59052734375,2346.318672688802,2408.5080037434896,2536.422802734375
2022-11-04,2348.429931640625,2348.429931640625,2316.2900390625,2325.85009765625,436200,2253.1190185546875,2343.945837402344,2406.476003011068,2533.5313525390625
2022-11-07,2371.7900390625,2373.280029296875,2354.219970703125,2360.219970703125,392300,2260.066516113281,2341.924003092448,2404.9902526855467,2530.7534033203124
2022-11-08,2399.0400390625,2400.389892578125,2375.669921875,2387.199951171875,499800,2270.4150146484376,2340.183671061198,2403.2802530924478,2527.8862036132814
2022-11-09,2424.409912109375,2429.64990234375,2403.639892578125,2408.5400390625,680500,2281.51201171875,2339.2425048828127,2401.8455017089846,2525.197802734375
2022-11-10,2402.22998046875,2426.10009765625,2401.989990234375,2405.77001953125,899000,2293.4800048828124,2337.216670735677,2400.0270853678385,2522.5993530273436
2022-11-11,2483.159912109375,2486.4599609375,2463.510009765625,2466.89990234375,758000,2307.010498046875,2336.4703369140625,2398.8369181315106,2520.5646520996092
2022-11-14,2474.64990234375,2499.429931640625,2470.60009765625,2485.179931640625,730900,2319.7574951171873,2335.4891682942707,2397.8561665852862,2518.616701660156
2022-11-15,2480.330078125,2485.199951171875,2463.64990234375,2482.760009765625,617100,2331.276501464844,2334.886836751302,2396.5315002441407,2516.806951904297
2022-11-16,2477.449951171875,2487.0,2446.7900390625,2487.0,657600,2343.277001953125,2334.376835123698,2395.1154174804688,2514.8808020019533
2022-11-17,2442.89990234375,2467.389892578125,2442.89990234375,2466.5,914400,2354.5174926757813,2333.547001139323,2393.757332356771,2512.9238513183595
2022-11-18,2444.47998046875,2471.8701171875,2442.8701171875,2448.1298828125,589500,2366.085485839844,2333.2466674804687,2392.317832438151,2511.186251220703
2022-11-21,2419.5,2448.139892578125,2409.360107421875,2446.050048828125,544500,2375.252490234375,2332.982666015625,2390.7099161783854,2509.6818017578125
2022-11-22,2405.27001953125,2426.39990234375,2401.5,2405.9599609375,539200,2383.762487792969,2332.279667154948,2388.7700826009113,2508.161951904297
2022-11-23,2418.010009765625,2427.280029296875,2407.580078125,2424.360107421875,474800,2392.1849853515623,2331.292167154948,2386.67300008138,2507.179552001953
2022-11-24,2441.330078125,2441.330078125,2428.1201171875,2437.510009765625,481200,2399.8124877929686,2330.6305013020833,2384.6349182128906,2506.069501953125
2022-11-25,2437.860107421875,2449.659912109375,2433.570068359375,2442.2099609375,438400,2408.285498046875,2330.813338216146,2382.792169189453,2504.7197021484376
2022-11-28,2408.27001953125,2425.64990234375,2401.949951171875,2425.050048828125,350100,2414.0184936523438,2330.1023396809896,2380.6056701660154,2503.0097521972657
2022-11-29,2433.389892578125,2433.8701171875,2401.10009765625,2405.5400390625,550000,2418.9269897460936,2329.4580037434894,2378.9977518717446,2501.4514013671874
2022-11-30,2472.530029296875,2472.530029296875,2421.419921875,2424.43994140625,593900,2425.7099853515624,2330.406669108073,2377.7175862630206,2500.0817016601563
2022-12-01,2479.840087890625,2501.429931640625,2474.330078125,2501.429931640625,491200,2433.2434936523437,2331.5805053710938,2376.504254150391,2498.636651611328
2022-12-02,2434.330078125,2471.5,2434.330078125,2471.5,468500,2437.5385009765623,2332.091341145833,2375.158087158203,2496.94865234375
2022-12-05,2419.320068359375,2442.219970703125,2413.050048828125,2442.169921875,385200,2439.915002441406,2332.2463419596356,2374.448170979818,2495.3067028808596
2022-12-06,2393.159912109375,2416.8798828125,2390.199951171875,2397.699951171875,367800,2439.62099609375,2332.5246744791666,2373.6164204915362,2493.7501025390625
2022-12-07,2382.81005859375,2394.8798828125,2377.97998046875,2385.8701171875,332100,2437.5410034179686,2332.500174967448,2373.078338623047,2492.2814526367188
2022-12-08,2371.080078125,2387.949951171875,2357.199951171875,2386.89990234375,351600,2435.983508300781,2331.192508951823,2372.4089233398436,2490.4884533691406
2022-12-09,2389.0400390625,2390.080078125,2367.25,2382.72998046875,315300,2431.2775146484373,2330.819510904948,2371.9765075683595,2488.713203125
2022-12-12,2373.02001953125,2381.8701171875,2368.469970703125,2373.580078125,498900,2426.1960205078126,2330.3393432617186,2371.826424153646,2486.855703125
2022-12-13,2372.39990234375,2388.27001953125,2364.8701171875,2385.050048828125,447100,2420.79951171875,2330.1663411458335,2371.5220072428388,2484.9987023925783
2022-12-14,2399.25,2400.179931640625,2379.43994140625,2380.81005859375,409400,2416.889514160156,2330.8928426106772,2371.9923400878906,2483.4610021972658
2022-12-15,2360.969970703125,2392.110107421875,2360.949951171875,2383.830078125,374300,2412.793017578125,2330.778173828125,2372.3810892740885,2481.668201904297
2022-12-16,2360.02001953125,2360.43994140625,2326.830078125,2329.75,414200,2408.57001953125,2330.9916748046876,2372.3262552897136,2480.2243017578126
2022-12-19,2352.169921875,2358.760009765625,2342.280029296875,2350.780029296875,323600,2405.203515625,2331.3226725260415,2371.9116719563804,2478.6013513183593
2022-12-20,2333.2900390625,2353.860107421875,2324.659912109375,2344.72998046875,358100,2401.6045166015624,2332.0441731770834,2371.171671549479,2476.771901855469
2022-12-21,2328.949951171875,2347.0,2325.780029296875,2346.389892578125,329400,2397.151513671875,2333.8443400065103,2370.763004557292,2474.899051513672
2022-12-22,2356.72998046875,2356.72998046875,2335.75,2340.0,552800,2392.9215087890625,2336.058837890625,2370.9637552897134,2472.9473010253905
2022-12-23,2313.68994140625,2333.080078125,2311.89990234375,2325.860107421875,367000,2386.713000488281,2338.4655029296873,2371.0326721191404,2470.948601074219
2022-12-26,2317.139892578125,2321.919921875,2304.199951171875,2312.5400390625,427600,2382.156494140625,2340.902335611979,2371.1726704915363,2469.2777502441404
2022-12-27,2332.7900390625,2335.989990234375,2321.47998046875,2327.52001953125,448300,2377.126501464844,2343.8573364257813,2371.09775390625,2467.8297009277344
2022-12-28,2280.449951171875,2296.449951171875,2276.89990234375,2296.449951171875,405700,2367.522497558594,2345.0418375651043,2371.0014200846354,2465.830350341797
2022-12-29,2236.39990234375,2272.669921875,2236.3798828125,2265.72998046875,361000,2355.35048828125,2345.3948364257812,2370.1858357747396,2463.7059497070313
2023-01-02,2225.669921875,2259.8798828125,2222.3701171875,2249.949951171875,346100,2344.91748046875,2345.1916666666666,2369.144667561849,2461.6060498046877
2023-01-03,2218.679931640625,2230.97998046875,2180.669921875,2230.97998046875,410000,2334.8854736328126,2344.9556640625,2368.131416829427,2459.591799316406
2023-01-04,2255.97998046875,2260.06005859375,2198.820068359375,2205.97998046875,412700,2328.026477050781,2346.020829264323,2367.616583251953,2457.575549316406
2023-01-05,2264.64990234375,2281.389892578125,2252.969970703125,2268.199951171875,430800,2322.1184692382812,2347.057161458333,2367.0835815429687,2455.4262487792967
2023-01-06,2289.969970703125,2300.6201171875,2253.27001953125,2253.39990234375,398300,2318.0629638671876,2349.1754923502604,2366.813997395833,2453.3409985351564
2023-01-09,2350.18994140625,2351.06005859375,2312.56005859375,2315.8701171875,341100,2316.120458984375,2351.469490559896,2366.974080403646,2451.6616979980467
2023-01-10,2351.31005859375,2370.179931640625,2344.179931640625,2348.0400390625,359600,2315.0349609375,2353.6628255208334,2366.774580891927,2449.868248291016
2023-01-11,2359.530029296875,2369.659912109375,2350.360107421875,2364.050048828125,368800,2314.391467285156,2355.48916015625,2366.679248046875,2447.9906481933594
2023-01-12,2365.10009765625,2377.800048828125,2358.330078125,2376.719970703125,580100,2312.683972167969,2357.6168294270833,2366.497998046875,2446.1678491210937
2023-01-13,2386.090087890625,2397.010009765625,2375.780029296875,2377.340087890625,861700,2313.939978027344,2360.4168294270835,2366.3057495117187,2444.448399658203
2023-01-16,2399.860107421875,2410.219970703125,2387.610107421875,2390.06005859375,517800,2315.931982421875,2363.529162597656,2366.361751302083,2442.799899902344
2023-01-17,2379.389892578125,2404.0,2374.64990234375,2400.919921875,536000,2317.2929809570314,2365.916328938802,2366.159250895182,2440.9914990234374
2023-01-18,2368.320068359375,2383.0,2356.840087890625,2380.360107421875,536200,2319.044482421875,2368.1371622721354,2365.7872517903647,2439.0993994140626
2023-01-19,2380.340087890625,2380.340087890625,2354.56005859375,2354.56005859375,369900,2321.6139892578126,2370.316829427083,2365.494002278646,2437.212850341797
2023-01-20,2395.260009765625,2395.969970703125,2372.570068359375,2380.0,302300,2323.540490722656,2372.0914957682294,2365.160585530599,2435.489899902344
2023-01-25,2428.570068359375,2432.7099609375,2421.510009765625,2426.580078125,549800,2329.2844970703127,2374.7609985351564,2364.9695027669272,2433.843250732422
2023-01-26,2468.64990234375,2468.64990234375,2426.39990234375,2436.179931640625,486600,2336.859997558594,2377.678328450521,2365.106168619792,2432.3905004882813
2023-01-27,2484.02001953125,2497.39990234375,2464.530029296875,2474.52001953125,509100,2344.421496582031,2380.158329264323,2365.4761678059895,2431.135450439453
2023-01-30,2450.469970703125,2491.1298828125,2446.590087890625,2484.639892578125,475100,2352.922497558594,2382.05166015625,2365.38466796875,2429.9084997558593
2023-01-31,2425.080078125,2457.47998046875,2423.3701171875,2449.919921875,616900,2362.3565063476562,2383.6501627604166,2364.9844177246096,2428.5319506835935
2023-02-01,2449.800048828125,2453.2900390625,2433.3701171875,2446.030029296875,666100,2373.5630126953124,2385.339664713542,2364.642751057943,2427.3154504394533
2023-02-02,2468.8798828125,2486.199951171875,2454.60009765625,2481.93994140625,692800,2386.0730102539064,2386.957828776042,2364.440915934245,2426.3260498046875
2023-02-03,2480.39990234375,2485.080078125,2460.2099609375,2466.5400390625,496600,2397.2940063476562,2388.313826497396,2364.248748779297,2425.1455993652344
2023-02-06,2438.18994140625,2469.419921875,2438.0400390625,2461.820068359375,566600,2405.9710083007812,2388.543493652344,2363.892999267578,2423.752999267578
2023-02-07,2451.7099609375,2456.169921875,2432.39990234375,2440.139892578125,446600,2414.0580078125,2389.3681599934894,2363.292415364583,2422.5312487792967
2023-02-08,2483.639892578125,2487.35009765625,2465.9599609375,2469.419921875,414800,2420.730505371094,2389.3761596679688,2362.9232482910156,2421.4833984375
2023-02-09,2481.52001953125,2487.139892578125,2466.610107421875,2470.659912109375,609400,2427.241003417969,2389.4906616210938,2362.4899149576822,2420.2965490722654
2023-02-10,2469.72998046875,2473.800048828125,2454.739990234375,2470.64990234375,656900,2432.7510009765624,2389.313993326823,2362.1004150390627,2419.051749267578
2023-02-13,2452.699951171875,2462.580078125,2440.860107421875,2461.9599609375,485500,2437.130993652344,2388.901493326823,2361.6391642252606,2417.67419921875
2023-02-14,2465.639892578125,2480.340087890625,2459.830078125,2471.330078125,348800,2441.1084838867187,2389.2804931640626,2361.413747151693,2416.478848876953
2023-02-15,2427.89990234375,2473.43994140625,2424.159912109375,2473.090087890625,386500,2442.5104736328126,2389.004158528646,2361.1254130045572,2415.3326989746092
2023-02-16,2475.47998046875,2475.989990234375,2442.070068359375,2444.06005859375,387600,2447.314978027344,2389.937158203125,2361.459912109375,2414.368548583984
2023-02-17,2451.2099609375,2471.510009765625,2445.739990234375,2447.659912109375,513600,2451.45947265625,2390.7028238932294,2361.4912455240888,2413.429298095703
2023-02-20,2455.1201171875,2463.169921875,2430.27001953125,2453.25,390000,2455.1984741210936,2391.321325683594,2361.306746419271,2412.367448730469
2023-02-21,2458.9599609375,2466.070068359375,2446.0,2457.510009765625,494300,2458.3834716796873,2391.615157063802,2361.1228291829425,2411.1869982910157
2023-02-22,2417.679931640625,2435.97998046875,2416.159912109375,2430.8701171875,426700,2457.83896484375,2391.2788208007814,2361.0460795084637,2409.8381481933593
2023-02-23,2439.090087890625,2449.6201171875,2422.6201171875,2430.010009765625,400300,2456.360974121094,2391.792488606771,2360.94741414388,2408.631298828125
2023-02-24,2423.610107421875,2452.969970703125,2421.469970703125,2442.489990234375,369200,2453.340478515625,2391.6294921875,2360.5437479654947,2407.3614990234373
2023-02-27,2402.639892578125,2405.56005859375,2383.760009765625,2405.419921875,356700,2450.948974609375,2390.4646565755206,2360.435662841797,2406.1521484375
2023-02-28,2412.85009765625,2431.669921875,2407.2900390625,2417.580078125,529200,2450.3374755859377,2389.3481567382814,2360.4643310546876,2405.2335986328126
2023-03-02,2427.85009765625,2440.590087890625,2411.85009765625,2414.610107421875,427900,2449.2399780273436,2389.240157063802,2360.6657491048177,2404.4114990234375
2023-03-03,2432.070068359375,2442.10009765625,2423.080078125,2438.72998046875,371500,2447.3994873046877,2389.4526570638022,2360.849499511719,2403.821448974609
2023-03-06,2462.6201171875,2464.449951171875,2441.070068359375,2452.4599609375,417900,2446.510498046875,2390.6103271484376,2361.567500813802,2403.113349609375
2023-03-07,2463.35009765625,2475.72998046875,2455.64990234375,2457.0400390625,449800,2447.768505859375,2391.9526611328124,2362.22641805013,2402.4471997070314
2023-03-08,2431.909912109375,2442.610107421875,2426.52001953125,2435.580078125,437300,2446.7785034179688,2392.9664916992188,2362.0795003255207,2401.504549560547
2023-03-09,2419.090087890625,2444.199951171875,2416.25,2440.7900390625,473500,2443.5510131835936,2393.467325846354,2362.143418375651,2400.470100097656
2023-03-10,2394.590087890625,2400.8701171875,2383.18994140625,2389.820068359375,412900,2439.2045166015623,2393.826826985677,2362.083085123698,2399.481350097656
2023-03-13,2410.60009765625,2413.239990234375,2369.7900390625,2400.449951171875,380400,2436.2480224609376,2394.463496907552,2362.3149190266927,2398.337900390625
2023-03-14,2348.969970703125,2390.780029296875,2348.18994140625,2390.360107421875,484800,2431.0615234375,2393.625496419271,2362.259169514974,2396.8458508300782
2023-03-15,2379.719970703125,2395.360107421875,2370.77001953125,2380.090087890625,443500,2426.76552734375,2393.937996419271,2362.358085123698,2395.7151000976564
2023-03-16,2377.909912109375,2382.7900390625,2346.110107421875,2357.97998046875,317300,2424.2660278320313,2394.236161295573,2362.61391805013,2394.5185498046876
2023-03-17,2395.68994140625,2405.35009765625,2382.800048828125,2403.699951171875,363400,2420.2765258789063,2394.961494954427,2363.1420837402343,2393.4347497558592
2023-03-20,2379.199951171875,2405.989990234375,2378.699951171875,2391.8701171875,344700,2416.676025390625,2395.72666015625,2363.8854166666665,2392.140499267578
2023-03-21,2388.35009765625,2399.52001953125,2383.169921875,2396.5400390625,354700,2413.3375244140625,2396.716662597656,2365.2805013020834,2390.7339501953124
2023-03-22,2416.9599609375,2417.469970703125,2402.780029296875,2411.25,500900,2411.2375244140626,2397.720495605469,2366.8896667480467,2389.389250488281
2023-03-23,2424.47998046875,2424.47998046875,2397.909912109375,2398.27001953125,567400,2411.577526855469,2399.5669962565103,2369.016249593099,2388.2167004394532
2023-03-24,2414.9599609375,2423.760009765625,2399.489990234375,2421.27001953125,470100,2410.3710205078123,2401.197330729167,2371.049833170573,2386.9382507324217
2023-03-27,2409.219970703125,2423.93994140625,2395.969970703125,2423.93994140625,472200,2409.651513671875,2402.471162923177,2373.1642496744794,2385.8526501464844
2023-03-28,2434.93994140625,2434.93994140625,2415.340087890625,2418.68994140625,523500,2411.2665161132813,2405.04599609375,2375.043916829427,2384.896600341797
2023-03-29,2443.919921875,2443.949951171875,2428.610107421875,2432.6298828125,496600,2412.8200073242188,2408.5046630859374,2376.9497497558596,2383.9890002441407
2023-03-30,2453.159912109375,2462.699951171875,2439.429931640625,2452.969970703125,621300,2414.085498046875,2412.2961629231772,2378.7439147949217,2383.27544921875
2023-03-31,2476.860107421875,2481.239990234375,2456.5400390625,2459.93994140625,721300,2416.325,2416.5991658528646,2380.777414957682,2383.1371997070314
2023-04-03,2472.340087890625,2485.81005859375,2467.590087890625,2485.81005859375,807400,2416.810998535156,2420.2051676432293,2383.112998453776,2383.034050292969
2023-04-04,2480.510009765625,2489.7099609375,2472.7900390625,2475.8701171875,830500,2417.668994140625,2423.8028361002603,2385.429998779297,2383.1997009277343
2023-04-05,2495.2099609375,2497.610107421875,2478.669921875,2482.610107421875,630400,2420.8339965820314,2427.2235026041667,2388.1994974772138,2383.418701171875
2023-04-06,2459.22998046875,2488.0,2458.5,2488.0,749100,2422.8409912109373,2429.040836588542,2390.255163574219,2383.5102014160157
2023-04-07,2490.409912109375,2493.06005859375,2473.889892578125,2478.639892578125,584000,2427.631982421875,2431.359167480469,2392.510996500651,2384.0071008300783
2023-04-10,2512.080078125,2519.989990234375,2490.169921875,2491.679931640625,716200,2432.7059814453123,2433.9016682942706,2394.6954142252603,2384.5228515625
2023-04-11,2547.860107421875,2550.969970703125,2514.419921875,2523.330078125,766800,2442.65048828125,2436.9476684570313,2397.2822489420573,2385.5481018066407
2023-04-12,2550.639892578125,2561.3701171875,2536.22998046875,2546.360107421875,899800,2451.196484375,2439.6901652018228,2400.053497314453,2386.7297009277345
2023-04-13,2561.659912109375,2561.659912109375,2531.070068359375,2534.7099609375,840300,2460.383984375,2442.386828613281,2402.9579956054686,2387.705
2023-04-14,2571.489990234375,2581.739990234375,2560.530029296875,2580.10009765625,890500,2469.1739868164063,2445.588496907552,2405.752412923177,2388.552850341797
2023-04-17,2575.909912109375,2577.080078125,2561.139892578125,2570.300048828125,774600,2479.009484863281,2449.0483276367186,2408.592744954427,2389.3219494628906
2023-04-18,2571.090087890625,2582.22998046875,2557.18994140625,2582.22998046875,895200,2488.146484375,2452.2274943033854,2411.2721618652345,2390.2874499511718
2023-04-19,2575.080078125,2582.110107421875,2568.4599609375,2570.06005859375,956000,2496.052490234375,2455.2244954427083,2413.657995605469,2391.4996508789063
2023-04-20,2563.110107421875,2573.93994140625,2552.06005859375,2566.06005859375,950400,2502.983996582031,2457.466829427083,2416.11391398112,2392.7881018066405
2023-04-21,2544.39990234375,2559.43994140625,2532.320068359375,2556.699951171875,969000,2509.4559936523438,2458.7293294270835,2418.203828938802,2394.0084008789063
2023-04-24,2523.5,2541.889892578125,2518.72998046875,2538.360107421875,925900,2515.1699951171877,2459.3873291015625,2419.7728291829426,2394.917000732422
2023-04-25,2489.02001953125,2531.35009765625,2472.330078125,2531.35009765625,885200,2517.8739990234376,2460.0298299153646,2421.0407450358075,2395.90205078125
2023-04-26,2484.830078125,2498.56005859375,2481.3798828125,2489.489990234375,1088100,2519.9195068359377,2461.025663248698,2422.3379130045573,2396.6548510742186
2023-04-27,2495.81005859375,2499.010009765625,2465.830078125,2484.31005859375,732600,2522.0520141601564,2461.7924967447916,2423.5660807291665,2397.380850830078
2023-04-28,2501.530029296875,2517.1298828125,2489.580078125,2511.7900390625,776400,2523.285510253906,2462.3366658528644,2424.647247314453,2398.1871508789063
2023-05-02,2524.389892578125,2524.419921875,2503.2099609375,2504.010009765625,700300,2525.8880004882812,2463.069832356771,2425.691829427083,2399.2203002929687
2023-05-03,2501.39990234375,2514.3701171875,2497.830078125,2510.18994140625,887300,2526.9324951171875,2464.123331705729,2426.3334126790364,2400.0842492675783
2023-05-04,2500.93994140625,2502.139892578125,2486.090087890625,2494.820068359375,809100,2527.218994140625,2464.9438313802084,2427.155995686849,2400.9773486328127
2023-05-08,2513.2099609375,2525.840087890625,2511.1298828125,2518.530029296875,653900,2529.9179931640624,2465.4366658528647,2427.4064127604165,2401.888498535156
2023-05-09,2510.06005859375,2514.81005859375,2495.6298828125,2512.340087890625,750500,2530.900500488281,2465.9123331705728,2427.7014973958335,2402.562548828125
2023-05-10,2496.510009765625,2510.1298828125,2488.419921875,2505.9599609375,634400,2530.1219970703123,2466.3586669921874,2427.836330159505,2403.1902490234374
2023-05-11,2491.0,2513.820068359375,2490.080078125,2505.570068359375,646300,2527.2789916992188,2466.997001139323,2427.949247233073,2403.7109985351562
2023-05-12,2475.419921875,2487.35009765625,2472.449951171875,2487.35009765625,797200,2523.5179931640623,2467.1600016276043,2428.220247395833,2404.0422985839846
2023-05-15,2479.35009765625,2479.35009765625,2455.989990234375,2469.800048828125,483300,2519.4025024414063,2468.0175048828123,2428.5108317057293,2404.473349609375
2023-05-16,2480.239990234375,2498.5400390625,2474.89990234375,2494.39990234375,627900,2514.8400024414063,2468.0968383789063,2429.0169982910156,2404.856099853516
2023-05-17,2494.659912109375,2498.3701171875,2475.02001953125,2479.64990234375,563300,2510.7775024414063,2468.821004231771,2429.7619140625,2405.264599609375
2023-05-18,2515.39990234375,2515.39990234375,2500.010009765625,2511.090087890625,571500,2507.9929931640627,2469.8256673177084,2430.573496500651,2405.7639489746093
2023-05-19,2537.7900390625,2538.31005859375,2524.889892578125,2530.830078125,569300,2506.1284912109377,2471.139501953125,2431.3773295084634,2406.2765490722654
2023-05-22,2557.080078125,2564.090087890625,2533.5,2540.030029296875,590500,2505.8269897460937,2473.4628377278646,2432.3708292643228,2406.8044494628907
2023-05-23,2567.550048828125,2577.320068359375,2561.10009765625,2565.800048828125,573800,2506.9844970703125,2475.603837076823,2433.698162841797,2407.380949707031
2023-05-24,2567.449951171875,2572.2099609375,2555.0400390625,2557.110107421875,1071600,2509.181994628906,2478.0011678059896,2434.815329996745,2408.020098876953
2023-05-25,2554.68994140625,2575.050048828125,2551.489990234375,2570.639892578125,916700,2512.4654907226563,2480.535335286458,2435.4999959309894,2408.486298828125
2023-05-26,2558.81005859375,2567.5,2553.7900390625,2561.93994140625,631800,2516.1644897460938,2482.9680013020834,2436.1580790201824,2408.9147985839845
2023-05-30,2585.52001953125,2586.219970703125,2574.820068359375,2582.409912109375,638500,2520.6499877929687,2485.5958333333333,2437.4179951985675,2409.3883984375
2023-05-31,2577.1201171875,2596.31005859375,2575.97998046875,2586.030029296875,683900,2524.4294921875,2488.0133341471355,2438.7329956054687,2409.808498535156
2023-06-01,2569.169921875,2580.14990234375,2565.0,2572.56005859375,674200,2526.668493652344,2489.7891642252603,2440.199745686849,2410.1370483398437
2023-06-02,2601.360107421875,2601.3798828125,2583.8798828125,2586.27001953125,566500,2531.66650390625,2492.0893310546876,2442.02099609375,2410.7394494628907
2023-06-05,2615.409912109375,2618.6201171875,2608.010009765625,2617.429931640625,542700,2537.390002441406,2495.147664388021,2444.0570780436196,2411.197598876953
2023-06-07,2615.60009765625,2629.919921875,2613.679931640625,2623.4599609375,535300,2542.5095092773436,2498.4228312174478,2445.945078531901,2411.635899658203
2023-06-08,2610.85009765625,2612.389892578125,2595.330078125,2609.2099609375,578700,2547.5490112304688,2502.027164713542,2447.9269958496093,2412.022550048828
2023-06-09,2641.159912109375,2644.699951171875,2618.449951171875,2624.14990234375,581500,2554.7815063476564,2505.8698282877604,2450.1666625976563,2412.6459997558595
2023-06-12,2629.35009765625,2650.449951171875,2623.429931640625,2647.489990234375,554300,2561.699011230469,2510.542830403646,2452.084163411458,2413.2525
2023-06-13,2637.949951171875,2645.6201171875,2633.52001953125,2644.429931640625,692500,2569.8255126953127,2514.8466634114584,2454.3923299153644,2413.978800048828
2023-06-14,2619.080078125,2642.860107421875,2614.25,2640.81005859375,648800,2576.81201171875,2518.8661661783854,2456.551163736979,2414.7617004394533
2023-06-15,2608.5400390625,2634.219970703125,2602.52001953125,2629.239990234375,579000,2583.227014160156,2522.4136678059895,2458.6875813802085,2415.6277001953126
2023-06-16,2625.7900390625,2625.7900390625,2612.2099609375,2623.570068359375,668400,2589.7835205078127,2526.523502604167,2461.1250813802085,2416.5194006347656
2023-06-19,2609.5,2619.43994140625,2600.489990234375,2618.06005859375,708800,2594.488525390625,2530.209334309896,2463.462998453776,2417.1806005859376
2023-06-20,2604.909912109375,2610.030029296875,2596.820068359375,2602.830078125,715800,2597.844519042969,2533.341833496094,2465.5311645507813,2417.8
2023-06-21,2582.6298828125,2600.969970703125,2579.52001953125,2599.18994140625,655400,2599.1220092773438,2535.977665201823,2467.7723307291667,2418.578699951172
2023-06-22,2593.699951171875,2597.760009765625,2575.64990234375,2575.64990234375,610200,2600.4295043945312,2538.9566650390625,2470.0769978841145,2419.292550048828
2023-06-23,2570.10009765625,2600.81005859375,2568.070068359375,2599.0400390625,526500,2600.56201171875,2541.6380004882812,2472.054581705729,2419.7828002929687
2023-06-26,2582.199951171875,2585.31005859375,2562.030029296875,2568.64990234375,479200,2601.9375122070314,2544.092333984375,2474.5691650390627,2420.6157495117186
2023-06-27,2581.389892578125,2582.0,2568.52001953125,2581.02001953125,535400,2603.06650390625,2546.3835001627604,2477.444081624349,2421.4756494140624
2023-06-28,2564.18994140625,2590.52001953125,2559.4599609375,2590.52001953125,484200,2602.0,2548.2340006510417,2480.2650817871095,2422.278199462891
2023-06-29,2550.02001953125,2577.68994140625,2550.02001953125,2564.02001953125,602500,2600.6449951171876,2549.453332519531,2483.026249186198,2422.9781994628906
2023-06-30,2564.280029296875,2571.030029296875,2541.719970703125,2558.429931640625,508800,2600.400500488281,2550.985664876302,2485.5954162597654,2423.9172998046874
2023-07-03,2602.469970703125,2604.6298828125,2580.489990234375,2580.889892578125,615500,2600.4559936523438,2553.0183308919272,2488.4105834960938,2425.0082495117185
2023-07-04,2593.31005859375,2607.659912109375,2591.860107421875,2604.719970703125,673100,2599.3510009765623,2554.6533325195314,2490.938417561849,2425.727099609375
2023-07-05,2579.0,2601.989990234375,2578.659912109375,2593.469970703125,599400,2597.52099609375,2556.6494995117187,2492.8451680501303,2426.565
2023-07-06,2556.2900390625,2575.449951171875,2550.669921875,2574.75,530800,2594.7929931640624,2557.7475016276044,2494.5533345540366,2427.3372998046875
2023-07-07,2526.7099609375,2547.409912109375,2515.070068359375,2547.409912109375,612100,2589.0704956054688,2557.9913330078125,2495.946500651042,2428.0569494628908
2023-07-10,2520.699951171875,2539.6298828125,2517.669921875,2528.080078125,560600,2583.63798828125,2557.5386637369793,2497.243166097005,2428.882149658203
2023-07-11,2562.489990234375,2562.489990234375,2534.47998046875,2538.840087890625,592400,2579.864990234375,2557.7361653645835,2498.713165283203,2429.8553491210937
2023-07-12,2574.719970703125,2574.72998046875,2554.260009765625,2557.610107421875,695500,2577.6469848632814,2557.9538330078126,2500.170330810547,2430.9928991699217
2023-07-13,2591.22998046875,2602.2099609375,2587.75,2589.889892578125,584300,2576.7814819335936,2558.282832845052,2501.935664876302,2432.287498779297
2023-07-14,2628.300048828125,2628.300048828125,2603.360107421875,2607.469970703125,568100,2576.906982421875,2559.1560017903644,2504.1021647135417,2433.9789990234376
2023-07-17,2619.0,2627.1201171875,2611.550048828125,2617.669921875,548800,2577.381982421875,2559.9545003255207,2506.090997314453,2435.9692993164062
2023-07-18,2607.6201171875,2626.889892578125,2600.669921875,2624.590087890625,491100,2577.5174926757813,2560.496834309896,2507.860664876302,2437.888099365234
2023-07-19,2608.239990234375,2622.5400390625,2598.52001953125,2622.239990234375,434900,2578.797998046875,2561.2489990234376,2509.3579142252606,2440.0828491210937
2023-07-20,2600.22998046875,2611.340087890625,2589.2900390625,2595.3798828125,369700,2579.1244995117186,2562.1795003255206,2510.454414876302,2442.229349365234
2023-07-21,2609.760009765625,2609.760009765625,2570.580078125,2581.06005859375,499300,2581.1074951171877,2563.6171671549478,2511.5022481282554,2444.5006994628907
2023-07-24,2628.530029296875,2636.06005859375,2595.2099609375,2608.469970703125,525900,2583.4239990234373,2565.942333984375,2512.98608194987,2446.5964501953126
2023-07-25,2636.4599609375,2646.7099609375,2621.60009765625,2643.35009765625,721500,2586.1775024414064,2568.4694986979166,2514.7475809733073,2448.7026501464843
2023-07-26,2592.360107421875,2639.2099609375,2580.97998046875,2638.760009765625,830100,2587.5860107421877,2570.0786661783854,2515.9355814615888,2450.4751501464843
2023-07-27,2603.81005859375,2617.610107421875,2586.360107421875,2599.820068359375,591900,2590.2755126953125,2571.7833333333333,2517.059999593099,2452.33
2023-07-28,2608.320068359375,2609.5400390625,2586.330078125,2593.669921875,497300,2592.4775146484376,2573.182169596354,2518.1260009765624,2454.41125
2023-07-31,2632.580078125,2639.449951171875,2622.2099609375,2628.8701171875,454200,2593.983020019531,2575.368505859375,2519.745918782552,2456.5618005371093
2023-08-01,2667.070068359375,2668.2099609375,2639.10009765625,2644.340087890625,493600,2597.6710205078125,2578.137341308594,2521.540586344401,2459.082800292969
2023-08-02,2616.469970703125,2660.89990234375,2611.77001953125,2651.530029296875,704700,2599.5445190429687,2579.8583414713544,2522.6475036621096,2461.1023999023437
2023-08-03,2605.389892578125,2625.449951171875,2591.300048828125,2624.760009765625,789400,2601.99951171875,2581.4471720377605,2523.679752604167,2463.0307995605467
2023-08-04,2602.800048828125,2612.300048828125,2598.3798828125,2606.169921875,645800,2605.8040161132812,2583.218672688802,2524.788669840495,2464.795050048828
2023-08-07,2580.7099609375,2607.360107421875,2580.7099609375,2591.580078125,504100,2608.8045166015627,2584.713838704427,2525.855419921875,2466.5114001464844
2023-08-08,2573.97998046875,2601.409912109375,2568.14990234375,2598.2900390625,637000,2609.379016113281,2586.3565063476562,2526.7582539876303,2468.290849609375
2023-08-09,2605.1201171875,2608.97998046875,2576.2099609375,2580.60009765625,466000,2610.8990234375,2588.452673339844,2528.2350891113283,2470.250849609375
2023-08-10,2601.56005859375,2601.56005859375,2590.02001953125,2592.39990234375,566500,2611.41552734375,2590.474674479167,2529.2857564290366,2472.077850341797
2023-08-11,2591.260009765625,2616.840087890625,2589.93994140625,2611.25,672200,2609.563525390625,2592.084676106771,2530.452840169271,2473.858800048828
2023-08-14,2570.8701171875,2592.909912109375,2561.8798828125,2586.510009765625,622800,2607.15703125,2593.0091796875,2531.4174235026044,2475.4653503417967
2023-08-16,2525.639892578125,2550.530029296875,2520.8701171875,2550.1298828125,683200,2603.0580200195313,2592.806677246094,2531.9730895996095,2476.649649658203
2023-08-17,2519.85009765625,2520.56005859375,2482.06005859375,2512.919921875,733900,2598.638525390625,2592.1861775716147,2532.8245076497396,2477.9069006347654
2023-08-18,2504.5,2519.60009765625,2489.6298828125,2495.179931640625,556400,2593.8520263671876,2591.1353434244793,2533.369590250651,2478.961350097656
2023-08-21,2508.800048828125,2524.409912109375,2505.590087890625,2511.699951171875,398600,2588.8040283203127,2590.1578450520833,2534.0795064290364,2479.829250488281
2023-08-22,2515.739990234375,2533.429931640625,2509.530029296875,2528.389892578125,471000,2583.1645263671876,2589.508679199219,2535.0220072428388,2480.7235998535157
2023-08-23,2505.5,2517.510009765625,2499.889892578125,2510.0,546200,2576.6165283203127,2588.6201782226562,2535.79408976237,2481.6052502441407
2023-08-24,2537.679931640625,2539.43994140625,2520.72998046875,2531.780029296875,440300,2573.88251953125,2587.8228434244793,2536.709338378906,2482.5515002441407
2023-08-25,2519.139892578125,2526.3701171875,2502.050048828125,2505.389892578125,576400,2569.6490112304687,2586.8565063476562,2537.434920247396,2483.2882495117187
2023-08-28,2543.409912109375,2543.409912109375,2519.139892578125,2519.139892578125,483000,2566.4035034179688,2586.4271728515623,2538.1081685384115,2484.010098876953
2023-08-29,2552.159912109375,2556.97998046875,2545.27001953125,2550.760009765625,440700,2562.3824951171873,2585.607169596354,2538.848250325521,2484.6488488769533
2023-08-30,2561.219970703125,2578.6201171875,2561.219970703125,2575.419921875,363000,2557.089990234375,2584.70400390625,2539.9258341471354,2485.443798828125
2023-08-31,2556.27001953125,2568.06005859375,2547.719970703125,2564.449951171875,471900,2554.0799926757813,2583.7151692708335,2541.0690002441406,2485.8093493652345
2023-09-01,2563.7099609375,2568.419921875,2551.0400390625,2551.929931640625,492400,2551.99599609375,2582.9295003255206,2542.4783325195312,2486.254649658203
2023-09-04,2584.550048828125,2584.550048828125,2560.320068359375,2566.929931640625,342100,2551.08349609375,2581.9860026041665,2543.9279154459637,2486.775749511719
2023-09-05,2582.179931640625,2586.64990234375,2575.18994140625,2578.909912109375,383400,2551.1569946289064,2581.199833170573,2545.8713317871093,2487.2993994140625
2023-09-06,2563.340087890625,2585.97998046875,2560.090087890625,2577.409912109375,421500,2550.625,2579.956335449219,2547.4014994303384,2487.901600341797
2023-09-07,2548.260009765625,2562.419921875,2539.239990234375,2554.8701171875,376600,2547.7819946289064,2578.7760009765625,2548.821083577474,2488.420500488281
2023-09-08,2547.679931640625,2550.9599609375,2530.050048828125,2546.070068359375,395800,2545.08798828125,2577.7616658528646,2550.0876668294272,2489.061400146484
2023-09-11,2556.8798828125,2556.889892578125,2540.43994140625,2549.8798828125,410300,2543.3689819335937,2576.613163248698,2551.5683329264325,2489.8194494628906
2023-09-12,2536.580078125,2568.550048828125,2535.14990234375,2566.419921875,358700,2541.6544799804688,2575.397831217448,2552.803582763672,2490.4122998046873
2023-09-13,2534.699951171875,2549.3798828125,2528.179931640625,2536.219970703125,417000,2542.1074829101562,2574.227665201823,2553.7847493489585,2490.8791491699217
2023-09-14,2572.889892578125,2572.889892578125,2541.110107421875,2544.889892578125,411800,2544.75947265625,2574.06533203125,2555.0214986165365,2491.554298095703
2023-09-15,2601.280029296875,2611.0,2572.3701171875,2574.97998046875,441100,2549.5984741210937,2574.1916666666666,2556.5741658528646,2492.5193481445312
2023-09-18,2574.719970703125,2596.550048828125,2573.260009765625,2588.68994140625,415900,2552.8944702148438,2574.268664550781,2557.953332519531,2493.225998535156
2023-09-19,2559.2099609375,2583.25,2555.4599609375,2579.360107421875,461800,2555.06796875,2573.885498046875,2558.988916015625,2493.6593981933593
2023-09-20,2559.739990234375,2566.6201171875,2551.1201171875,2556.550048828125,414700,2557.7799682617188,2573.524666341146,2559.9540832519533,2494.058897705078
2023-09-21,2514.969970703125,2549.6298828125,2514.9599609375,2544.81005859375,394700,2556.6444702148438,2572.7043334960936,2560.469167073568,2494.4620971679688
2023-09-22,2508.1298828125,2513.260009765625,2486.139892578125,2491.449951171875,433200,2556.0939697265626,2572.0061645507812,2560.7297485351564,2494.906146240234
2023-09-25,2495.760009765625,2509.3798828125,2486.43994140625,2504.10009765625,438600,2553.711474609375,2570.8641642252605,2560.924914550781,2495.4191467285154
2023-09-26,2462.969970703125,2495.0,2461.590087890625,2493.639892578125,427500,2549.2519775390624,2568.5391642252603,2560.7787475585938,2495.8199462890625
2023-09-27,2465.070068359375,2469.719970703125,2445.510009765625,2447.989990234375,366200,2544.444482421875,2566.4018310546876,2560.5275817871093,2496.289896240234
2023-10-04,2405.68994140625,2435.780029296875,2402.840087890625,2435.780029296875,424900,2536.915478515625,2563.513330078125,2560.081414794922,2496.373145751953
2023-10-05,2403.60009765625,2426.610107421875,2402.5,2423.35009765625,451700,2528.9099853515627,2560.968497721354,2559.3579996744793,2496.5260461425783
2023-10-06,2408.72998046875,2421.179931640625,2403.919921875,2408.81005859375,289400,2520.1189819335937,2559.002164713542,2558.496748860677,2496.707696533203
2023-10-10,2402.580078125,2448.239990234375,2402.43994140625,2436.580078125,415500,2511.1389892578127,2557.0335001627604,2557.2860819498696,2496.7243469238283
2023-10-11,2450.080078125,2463.56005859375,2436.52001953125,2436.52001953125,446900,2505.4759887695313,2555.1600016276043,2556.4480834960937,2497.1698974609376
2023-10-12,2479.820068359375,2479.820068359375,2464.840087890625,2465.18994140625,515500,2502.053991699219,2553.578336588542,2555.766084798177,2497.768897705078
2023-10-13,2456.14990234375,2466.6201171875,2452.830078125,2460.85009765625,582400,2497.477490234375,2551.327001953125,2554.8049173990885,2498.2887976074217
2023-10-16,2436.239990234375,2453.77001953125,2422.52001953125,2442.429931640625,788400,2491.4454956054688,2548.1260009765624,2553.6410013834634,2498.8035473632813
2023-10-17,2460.169921875,2466.8701171875,2449.419921875,2454.139892578125,508800,2487.6249877929686,2545.4788330078127,2552.7166666666667,2499.459647216797
2023-10-18,2462.60009765625,2465.330078125,2450.780029296875,2452.050048828125,911500,2484.0199951171876,2543.061832682292,2551.779333496094,2499.9889978027345
2023-10-19,2415.800048828125,2433.449951171875,2412.550048828125,2431.919921875,756900,2476.1655029296876,2539.854500325521,2550.551749674479,2500.499548339844
2023-10-20,2375.0,2394.669921875,2364.010009765625,2391.5400390625,520600,2464.8515014648438,2536.1006673177085,2549.1400838216146,2500.788848876953
2023-10-23,2357.02001953125,2375.7900390625,2354.699951171875,2370.070068359375,395900,2453.96650390625,2531.8883341471355,2547.752750651042,2500.909998779297
2023-10-24,2383.510009765625,2384.139892578125,2326.669921875,2371.550048828125,444200,2445.181506347656,2527.8046671549478,2546.8735005696612,2501.4252990722657
2023-10-25,2363.169921875,2389.89990234375,2362.68994140625,2389.22998046875,440800,2435.3530029296876,2523.249833170573,2545.8596659342447,2502.059149169922
2023-10-26,2299.080078125,2330.550048828125,2299.080078125,2325.820068359375,531100,2424.5585083007813,2518.3618326822916,2544.2202494303388,2502.426199951172
2023-10-27,2302.81005859375,2321.840087890625,2293.050048828125,2311.590087890625,514900,2414.292517089844,2513.345166015625,2542.564249674479,2502.8468505859373
2023-10-30,2310.550048828125,2317.75,2292.340087890625,2292.340087890625,444800,2405.032019042969,2508.382332356771,2540.7822509765624,2503.1197009277344
2023-10-31,2277.989990234375,2322.449951171875,2273.969970703125,2318.389892578125,395000,2395.7830200195312,2502.4724975585937,2538.9205017089844,2503.1864013671875
2023-11-01,2301.56005859375,2312.14990234375,2288.639892578125,2292.889892578125,358200,2387.60751953125,2496.3806640625,2537.259002685547,2503.2443518066407
2023-11-02,2343.1201171875,2351.909912109375,2333.409912109375,2334.9599609375,377500,2384.4790283203124,2491.824833170573,2535.8415873209638,2503.2090026855467
2023-11-03,2368.340087890625,2370.280029296875,2351.830078125,2365.590087890625,578700,2382.716027832031,2487.8740030924478,2534.6605875651044,2503.294152832031
2023-11-06,2502.3701171875,2502.3701171875,2395.030029296875,2399.800048828125,528600,2387.3980346679687,2486.2001708984376,2534.7094217936196,2504.0083532714843
2023-11-07,2443.9599609375,2476.35009765625,2418.739990234375,2476.35009765625,457700,2389.4670288085936,2483.921004231771,2534.317421468099,2504.4026525878908
2023-11-08,2421.6201171875,2468.429931640625,2418.139892578125,2460.219970703125,467200,2388.0440307617187,2481.3816731770835,2533.8690897623696,2504.580302734375
2023-11-09,2427.080078125,2437.89990234375,2413.0400390625,2425.929931640625,395000,2385.40703125,2478.414339192708,2533.4335062662763,2504.7164025878906
2023-11-10,2409.659912109375,2413.6201171875,2393.639892578125,2406.39990234375,312500,2383.0825317382814,2475.2160034179688,2532.8453389485676,2504.8677526855467
2023-11-13,2403.760009765625,2435.320068359375,2399.0400390625,2431.239990234375,307100,2381.458532714844,2472.0910034179688,2532.0878397623696,2505.044952392578
2023-11-14,2433.25,2442.3701171875,2422.969970703125,2424.929931640625,307000,2380.1125366210936,2469.797334798177,2531.4032572428387,2505.309501953125
2023-11-15,2486.669921875,2487.419921875,2468.429931640625,2482.2099609375,419800,2381.316027832031,2469.1478352864583,2530.977256266276,2505.766551513672
2023-11-16,2488.179931640625,2491.97998046875,2472.68994140625,2483.47998046875,407400,2384.935021972656,2468.619999186198,2530.4030883789064,2506.0646008300782
2023-11-17,2469.85009765625,2481.10009765625,2463.590087890625,2477.429931640625,388200,2389.677526855469,2468.0425008138022,2529.5889221191405,2506.0706018066408
2023-11-20,2491.199951171875,2499.75,2464.0400390625,2464.719970703125,323800,2396.3865234375,2467.7491658528647,2528.953505452474,2506.106501464844
2023-11-21,2510.419921875,2517.739990234375,2500.909912109375,2504.699951171875,345100,2402.7320190429687,2467.660498046875,2528.584588623047,2506.4062512207033
2023-11-22,2511.699951171875,2516.719970703125,2490.429931640625,2493.169921875,439500,2410.1585205078127,2467.7638305664063,2528.192004394531,2506.8393505859376
2023-11-23,2514.9599609375,2522.199951171875,2507.300048828125,2515.830078125,360900,2420.9525146484375,2467.3851643880207,2527.60400390625,2507.1651501464844
2023-11-24,2496.6298828125,2521.56005859375,2496.6298828125,2517.8798828125,359400,2430.643505859375,2467.0099975585936,2526.933251953125,2507.3039001464845
2023-11-27,2495.659912109375,2511.3701171875,2489.179931640625,2501.830078125,364700,2439.8989990234377,2466.2141642252604,2526.3206685384116,2507.3802001953127
2023-11-28,2521.760009765625,2522.449951171875,2502.260009765625,2506.139892578125,442400,2452.0875,2465.7074991861978,2525.657334391276,2507.7980505371092
2023-11-29,2519.81005859375,2523.97998046875,2501.43994140625,2518.800048828125,579300,2463.0,2465.017333984375,2524.8606689453127,2508.138551025391
2023-11-30,2535.2900390625,2535.2900390625,2507.800048828125,2512.110107421875,664300,2472.60849609375,2464.6676676432294,2524.1914184570314,2508.3968017578127
2023-12-01,2505.010009765625,2520.489990234375,2504.06005859375,2520.489990234375,516600,2479.4419921875,2463.689335123698,2523.3094177246094,2508.5142517089844
2023-12-04,2514.949951171875,2525.6298828125,2510.52001953125,2522.219970703125,498900,2480.0709838867188,2462.529333496094,2522.25766805013,2508.7403515625
2023-12-05,2494.280029296875,2509.739990234375,2492.550048828125,2507.449951171875,427100,2482.5869873046877,2461.064335123698,2521.1320841471356,2508.948251953125
2023-12-06,2495.3798828125,2509.669921875,2495.3798828125,2503.570068359375,391000,2486.2749755859377,2459.9316650390624,2519.9440002441406,2509.096951904297
2023-12-07,2492.070068359375,2499.72998046875,2481.0,2493.139892578125,446900,2489.5244750976562,2458.995166015625,2518.8855834960937,2509.417802734375
2023-12-08,2517.85009765625,2521.580078125,2507.139892578125,2510.239990234375,431800,2494.933984375,2458.4980021158854,2518.129833984375,2509.6296533203126
2023-12-11,2525.360107421875,2528.889892578125,2512.449951171875,2524.7900390625,435000,2501.0139892578127,2457.9726725260416,2517.2929178873696,2510.000404052734
2023-12-12,2535.27001953125,2543.06005859375,2529.739990234375,2535.110107421875,378000,2506.114990234375,2457.9508382161457,2516.6743347167967,2510.401153564453
2023-12-13,2510.659912109375,2531.22998046875,2509.889892578125,2531.22998046875,377900,2507.314489746094,2457.5501708984375,2515.88891805013,2510.6596533203124
2023-12-14,2544.179931640625,2549.64990234375,2532.159912109375,2547.739990234375,530100,2510.1144897460936,2457.071671549479,2515.5685017903647,2511.2921533203125
2023-12-15,2563.56005859375,2574.22998046875,2555.300048828125,2558.43994140625,465300,2514.7999877929688,2456.443005371094,2515.3173360188803,2511.914503173828
2023-12-18,2566.860107421875,2573.1298828125,2556.050048828125,2568.77001953125,383000,2518.5829956054686,2456.3120076497394,2515.2903361002604,2512.630753173828
2023-12-19,2568.550048828125,2570.06005859375,2556.52001953125,2564.81005859375,392500,2521.489501953125,2456.46767578125,2515.1765869140627,2513.460303955078
2023-12-20,2614.300048828125,2615.3798828125,2584.85009765625,2586.989990234375,570400,2526.6195068359375,2457.3770100911456,2515.4508382161457,2514.4675537109374
2023-12-21,2600.02001953125,2610.81005859375,2587.159912109375,2598.3701171875,578300,2530.872509765625,2458.794510904948,2515.7494222005207,2515.3284033203126
2023-12-22,2599.510009765625,2621.3701171875,2599.510009765625,2617.719970703125,466000,2536.0165161132813,2460.3175130208333,2516.1618387858075,2516.165603027344
2023-12-26,2602.590087890625,2612.139892578125,2594.64990234375,2609.43994140625,439500,2541.3630249023436,2462.0980143229167,2516.4810892740884,2516.8654528808593
2023-12-27,2613.5,2613.5,2590.080078125,2599.35009765625,349700,2545.9500244140627,2464.6068481445313,2516.573006184896,2517.616202392578
2023-12-28,2655.280029296875,2655.280029296875,2611.719970703125,2616.27001953125,460100,2552.723522949219,2467.7770141601563,2517.089422607422,2518.733052978516
2024-01-02,2669.81005859375,2675.800048828125,2641.8798828125,2645.469970703125,409900,2559.4495239257812,2472.1790161132812,2517.8461730957033,2519.9866528320313
2024-01-03,2607.31005859375,2643.719970703125,2607.31005859375,2643.5400390625,463100,2564.5645263671877,2475.574182128906,2518.27133992513,2521.050252685547
2024-01-04,2587.02001953125,2602.639892578125,2580.090087890625,2592.43994140625,770200,2568.1680297851562,2478.545682779948,2518.773923746745,2521.9323522949217
2024-01-05,2578.080078125,2592.2900390625,2572.60009765625,2586.889892578125,520500,2572.3580322265625,2481.4706827799478,2519.252091471354,2523.077902832031
2024-01-08,2567.820068359375,2591.679931640625,2566.340087890625,2584.22998046875,320100,2575.9800415039062,2483.4330159505207,2519.2965087890625,2524.0184033203127
2024-01-09,2561.239990234375,2599.3701171875,2556.0,2598.31005859375,790300,2579.4385375976562,2484.7900146484376,2519.1841756184895,2524.9350537109376
2024-01-10,2541.97998046875,2568.18994140625,2539.820068359375,2563.969970703125,570000,2580.6450317382814,2486.2205159505206,2518.773758951823,2525.66650390625
2024-01-11,2540.27001953125,2557.300048828125,2540.27001953125,2543.030029296875,788400,2581.39052734375,2487.9543497721356,2518.040175374349,2526.471854248047
2024-01-12,2525.050048828125,2543.830078125,2517.760009765625,2536.550048828125,790200,2580.879528808594,2489.035685221354,2517.257259114583,2527.1553540039063
2024-01-15,2525.989990234375,2536.06005859375,2515.840087890625,2525.68994140625,800000,2581.646032714844,2490.0921834309897,2516.577008056641,2527.7005041503908
2024-01-16,2497.590087890625,2524.35009765625,2491.1298828125,2516.27001953125,659600,2579.316540527344,2491.455350748698,2515.654925537109,2528.0660546875
2024-01-17,2435.89990234375,2503.909912109375,2435.340087890625,2501.22998046875,965600,2572.9335327148438,2492.470349121094,2514.285508219401,2528.1707543945313
2024-01-18,2440.0400390625,2453.969970703125,2429.1201171875,2439.9599609375,570000,2566.592529296875,2493.8540161132814,2512.8711751302085,2528.3248547363282
2024-01-19,2472.739990234375,2479.0,2455.5,2468.429931640625,518800,2561.8020263671874,2495.341182454427,2511.5729248046873,2528.5138549804688
2024-01-22,2464.35009765625,2490.68994140625,2464.35009765625,2489.570068359375,386600,2554.3045288085937,2497.027518717448,2510.1386759440106,2528.616005859375
2024-01-23,2478.610107421875,2482.840087890625,2464.239990234375,2478.320068359375,472300,2548.234033203125,2500.0196858723957,2509.1907592773437,2528.7432568359377
2024-01-24,2469.68994140625,2476.219970703125,2454.340087890625,2476.219970703125,395500,2541.743029785156,2502.801017252604,2508.0730916341145,2528.7074060058594
2024-01-25,2470.340087890625,2474.010009765625,2452.360107421875,2467.72998046875,357200,2535.1305297851563,2505.4641845703127,2506.9232584635415,2528.697406005859
2024-01-26,2478.56005859375,2502.610107421875,2453.449951171875,2458.050048828125,292700,2528.3835327148436,2508.807019042969,2505.639758300781,2528.68765625
2024-01-29,2500.64990234375,2516.919921875,2483.81005859375,2490.929931640625,421800,2520.6520263671873,2512.1251831054688,2504.2529235839843,2528.7148559570314
2024-01-30,2498.81005859375,2528.5400390625,2498.81005859375,2523.679931640625,481800,2512.1020263671876,2514.7200154622396,2503.272424316406,2528.9127563476563
2024-01-31,2497.090087890625,2502.449951171875,2486.969970703125,2487.89990234375,437600,2506.591027832031,2516.865848795573,2502.3699259440104,2528.9461572265627
2024-02-01,2542.4599609375,2542.4599609375,2491.929931640625,2491.929931640625,751100,2504.3630249023436,2517.534012858073,2501.867091878255,2529.098056640625
2024-02-02,2615.31005859375,2615.340087890625,2559.389892578125,2559.39990234375,588700,2506.2245239257813,2520.3898478190104,2502.1554260253906,2529.4353063964845
2024-02-05,2591.31005859375,2612.77001953125,2562.5,2612.77001953125,511700,2507.3990234375,2523.2180135091144,2502.299843343099,2529.6386572265624
2024-02-06,2576.199951171875,2599.179931640625,2563.8701171875,2584.199951171875,411600,2508.147021484375,2525.7033447265626,2502.0588419596356,2529.711357421875
2024-02-07,2609.580078125,2625.239990234375,2588.090087890625,2592.590087890625,518200,2511.5270263671873,2529.0353474934896,2502.1256754557294,2529.901807861328
2024-02-08,2620.320068359375,2629.510009765625,2610.2099609375,2620.260009765625,430000,2515.5295288085936,2532.6446818033855,2502.367842610677,2530.123858642578
2024-02-13,2649.639892578125,2656.8701171875,2640.9599609375,2644.169921875,559400,2521.7590209960936,2536.251180013021,2503.0242574055987,2530.5166076660157
2024-02-14,2620.419921875,2627.31005859375,2601.989990234375,2609.60009765625,543500,2526.480517578125,2538.4803466796875,2503.814090983073,2530.743306884766
2024-02-15,2613.800048828125,2643.860107421875,2613.800048828125,2643.81005859375,621400,2532.291015625,2540.574015299479,2504.5970072428386,2530.996756591797
2024-02-16,2648.760009765625,2648.760009765625,2625.010009765625,2635.6298828125,593800,2542.9340209960938,2543.5558471679688,2505.7991739908853,2531.518557128906
2024-02-19,2680.260009765625,2683.389892578125,2653.1201171875,2653.1201171875,422700,2554.94501953125,2546.7068481445312,2507.2280069986978,2532.3023571777344
2024-02-20,2657.7900390625,2673.840087890625,2643.929931640625,2671.550048828125,612700,2564.1975219726564,2549.163016764323,2508.411757405599,2533.1462072753907
2024-02-21,2653.31005859375,2670.949951171875,2644.0400390625,2656.919921875,562100,2573.6455200195314,2551.523185221354,2509.6435078938803,2533.9886071777346
2024-02-22,2664.27001953125,2671.68994140625,2653.989990234375,2671.68994140625,456400,2582.928515625,2554.011686197917,2510.6984252929688,2534.8309069824218
2024-02-23,2667.699951171875,2694.800048828125,2665.2099609375,2681.030029296875,415400,2592.8290161132813,2556.8628540039062,2511.93642578125,2535.661756591797
2024-02-26,2647.080078125,2659.60009765625,2629.780029296875,2657.35009765625,530500,2601.666015625,2559.3865234375,2512.8003438313804,2536.2752075195312
2024-02-27,2625.050048828125,2654.760009765625,2619.3798828125,2654.760009765625,574300,2608.990515136719,2561.1080240885417,2513.4077616373697,2536.8934582519532
2024-02-28,2652.2900390625,2657.320068359375,2623.14990234375,2629.110107421875,421600,2616.5725219726564,2563.316023763021,2514.166678873698,2537.6502087402346
2024-02-29,2642.360107421875,2647.56005859375,2628.6201171875,2643.47998046875,496100,2623.7500244140624,2565.1005249023438,2514.8840962727863,2538.2959594726562
2024-03-04,2674.27001953125,2682.800048828125,2662.320068359375,2664.52001953125,404000,2632.609020996094,2567.921525065104,2515.805430094401,2539.1170092773436
2024-03-05,2649.39990234375,2684.830078125,2649.35009765625,2660.800048828125,457200,2637.956018066406,2570.1623575846356,2516.3458455403647,2539.8814587402344
2024-03-06,2641.489990234375,2649.780029296875,2630.159912109375,2638.840087890625,379000,2639.2650146484375,2572.615856933594,2516.840096028646,2540.6339086914063
2024-03-07,2647.6201171875,2660.260009765625,2633.570068359375,2653.97998046875,462900,2642.080517578125,2575.153194173177,2517.5424296061196,2541.494909667969
2024-03-08,2680.35009765625,2688.0,2668.3798828125,2676.7900390625,454300,2647.2880249023438,2578.291194661458,2518.6431803385417,2542.499909667969
2024-03-11,2659.840087890625,2677.2099609375,2658.739990234375,2665.580078125,389800,2649.801025390625,2580.6576944986978,2519.577848307292,2543.39791015625
2024-03-12,2681.81005859375,2686.139892578125,2659.719970703125,2673.469970703125,404000,2652.875524902344,2583.2651936848956,2520.618933105469,2544.333660888672
2024-03-13,2693.570068359375,2701.449951171875,2679.5400390625,2694.7099609375,497200,2655.0720336914064,2585.903527832031,2521.9271830240887,2545.22451171875
2024-03-14,2718.760009765625,2718.760009765625,2696.31005859375,2698.3701171875,609300,2659.9890380859374,2589.371862792969,2523.461016845703,2546.1293615722657
2024-03-15,2666.840087890625,2705.590087890625,2666.840087890625,2701.909912109375,582100,2662.6410400390623,2591.4161987304688,2524.243935139974,2546.6781616210938
2024-03-18,2685.840087890625,2688.070068359375,2665.280029296875,2678.52001953125,408200,2664.4950439453123,2593.45419921875,2524.948602294922,2547.2696118164063
2024-03-19,2656.169921875,2673.570068359375,2645.139892578125,2673.570068359375,695900,2663.2905395507814,2594.942696126302,2525.6273518880207,2547.7132116699217
2024-03-20,2690.139892578125,2692.52001953125,2674.090087890625,2680.699951171875,720500,2664.9080322265627,2596.9691935221354,2526.718434651693,2548.3904614257813
2024-03-21,2754.860107421875,2755.449951171875,2724.25,2731.179931640625,823700,2669.9855346679688,2599.3118611653645,2528.3444356282553,2549.370711669922
2024-03-22,2748.56005859375,2763.06005859375,2738.179931640625,2751.14990234375,509500,2674.2000366210937,2601.787528483073,2530.2910196940106,2550.185911865234
2024-03-25,2737.570068359375,2763.6298828125,2731.699951171875,2756.590087890625,489600,2677.6935424804688,2604.0885294596355,2532.203021240234,2550.9881616210937
2024-03-26,2757.090087890625,2779.39990234375,2752.27001953125,2756.419921875,448300,2683.19404296875,2606.6635294596354,2534.3807718912763,2551.927762451172
2024-03-27,2755.110107421875,2762.030029296875,2745.0,2745.0,510600,2689.6970458984374,2609.0236979166666,2536.8152730305987,2552.6965124511717
2024-03-28,2745.820068359375,2756.860107421875,2742.679931640625,2753.219970703125,419300,2694.3735473632814,2610.5326985677084,2539.154856363932,2553.348563232422
2024-03-29,2746.6298828125,2757.550048828125,2739.1201171875,2757.27001953125,495500,2699.5870361328125,2611.813028971354,2541.996022542318,2554.003712158203
2024-04-01,2747.860107421875,2769.8701171875,2747.39990234375,2766.239990234375,397600,2703.2665405273438,2614.1555297851564,2544.864855957031,2554.6887622070312
2024-04-02,2753.159912109375,2760.330078125,2737.18994140625,2744.14990234375,630400,2708.454541015625,2616.924527994792,2547.73510538737,2555.248762207031
2024-04-03,2706.969970703125,2732.2900390625,2706.969970703125,2730.679931640625,640800,2711.7285400390624,2619.0726928710938,2550.271687825521,2555.636861572266
2024-04-04,2742.0,2746.389892578125,2727.10009765625,2738.239990234375,478000,2716.4475341796874,2621.975691731771,2552.704353841146,2556.157111816406
2024-04-05,2714.2099609375,2730.469970703125,2705.31005859375,2713.9599609375,621000,2718.14052734375,2624.5251912434896,2554.6576029459634,2556.6327612304685
2024-04-08,2717.64990234375,2725.580078125,2706.739990234375,2718.760009765625,620700,2721.0310180664064,2627.4530232747397,2556.83676961263,2557.178310546875
2024-04-09,2705.159912109375,2741.22998046875,2703.9599609375,2733.22998046875,470200,2722.1985107421874,2630.2011881510416,2559.0777689615884,2557.5751599121095
2024-04-11,2706.9599609375,2718.070068359375,2661.919921875,2665.39990234375,561300,2722.8680053710937,2633.233020019531,2561.1343526204428,2558.062459716797
2024-04-12,2681.820068359375,2712.449951171875,2678.2099609375,2710.889892578125,513700,2721.0210083007814,2635.830187988281,2562.9611857096356,2558.447010498047
2024-04-15,2670.429931640625,2673.260009765625,2641.159912109375,2661.360107421875,562000,2721.2005004882812,2638.7108520507813,2565.0831013997395,2558.8860107421874
2024-04-16,2609.6298828125,2647.60009765625,2601.449951171875,2644.169921875,570200,2717.389990234375,2641.6063517252605,2567.0383504231772,2558.965660400391
2024-04-17,2584.179931640625,2626.6298828125,2584.179931640625,2619.14990234375,414300,2713.790490722656,2644.008683268229,2568.9313496907553,2559.0360595703123
2024-04-18,2634.699951171875,2642.030029296875,2593.260009765625,2595.4599609375,478800,2711.0184936523438,2646.708015950521,2571.024599202474,2559.2985595703126
2024-04-19,2591.860107421875,2609.89990234375,2553.550048828125,2600.68994140625,809500,2702.8684936523437,2648.833182779948,2572.930350748698,2559.3509106445313
2024-04-22,2629.43994140625,2629.43994140625,2604.3701171875,2615.719970703125,401900,2696.912487792969,2651.3470133463543,2575.683349609375,2559.6771606445313
2024-04-23,2623.02001953125,2641.780029296875,2619.719970703125,2632.14990234375,430300,2691.1849853515623,2653.9025146484373,2578.351765950521,2560.042160644531
2024-04-24,2675.75,2677.85009765625,2662.840087890625,2662.840087890625,325100,2687.1179809570312,2657.3260131835937,2581.395098876953,2560.599510498047
2024-04-25,2628.6201171875,2656.510009765625,2628.6201171875,2646.800048828125,334100,2680.7934814453124,2659.827014160156,2584.3170166015625,2560.730261230469
2024-04-26,2656.330078125,2662.10009765625,2641.35009765625,2650.93994140625,450500,2676.318981933594,2662.4216837565104,2587.2734334309894,2561.045361328125
2024-04-29,2687.43994140625,2687.43994140625,2665.2099609375,2675.4599609375,470500,2673.359484863281,2665.5655151367187,2590.1427652994794,2561.5875610351563
2024-04-30,2692.06005859375,2710.22998046875,2687.2900390625,2693.219970703125,460100,2670.569482421875,2668.8150146484377,2592.840431722005,2562.2664111328127
2024-05-02,2683.64990234375,2692.469970703125,2678.840087890625,2679.0400390625,351100,2667.0939819335936,2671.168180338542,2594.3510965983073,2563.0511108398437
2024-05-03,2676.6298828125,2705.260009765625,2676.6298828125,2704.31005859375,338600,2665.5769775390627,2672.190177408854,2596.2900126139325,2563.830760498047
2024-05-07,2734.360107421875,2734.360107421875,2716.6201171875,2718.169921875,532200,2665.1949829101563,2674.574344889323,2598.8961791992188,2564.6901110839844
2024-05-08,2745.050048828125,2745.050048828125,2727.929931640625,2732.110107421875,436300,2666.7369873046873,2677.3885131835937,2601.545928955078,2565.5417614746093
2024-05-09,2712.139892578125,2749.139892578125,2710.25,2743.2900390625,423800,2666.4614868164062,2679.0978434244794,2604.0665954589845,2566.146311035156
2024-05-10,2727.6298828125,2743.580078125,2723.2099609375,2737.949951171875,586100,2667.5849853515624,2680.886340332031,2606.7655110677083,2566.642960205078
2024-05-13,2727.2099609375,2738.3798828125,2713.919921875,2735.199951171875,625300,2668.5974853515627,2682.1791748046876,2609.2151774088543,2567.1840100097656
2024-05-14,2730.340087890625,2735.820068359375,2722.739990234375,2732.97998046875,443300,2671.023486328125,2684.0111775716146,2611.2457621256513,2567.797609863281
2024-05-16,2753.0,2773.4599609375,2748.219970703125,2770.27001953125,521800,2675.151989746094,2686.3311767578125,2613.452596028646,2568.5214099121094
2024-05-17,2724.6201171875,2752.169921875,2724.6201171875,2751.469970703125,575900,2680.901501464844,2687.5955118815104,2615.5756795247394,2569.143360595703
2024-05-20,2742.139892578125,2756.409912109375,2734.639892578125,2741.239990234375,582100,2688.7994995117188,2688.626843261719,2617.666845703125,2569.805260009766
2024-05-21,2724.179931640625,2734.47998046875,2719.739990234375,2733.030029296875,560800,2693.2734985351562,2689.7333414713544,2619.4481791178387,2570.2835095214846
2024-05-22,2723.4599609375,2733.070068359375,2707.8701171875,2723.4599609375,484700,2699.8534912109376,2690.9025065104165,2621.2128458658854,2570.7185095214845
2024-05-23,2721.81005859375,2734.27001953125,2704.0,2719.030029296875,427400,2704.4719970703127,2691.861507161458,2622.9365966796877,2571.365759277344
2024-05-24,2687.60009765625,2696.989990234375,2681.169921875,2693.64990234375,501600,2707.7010009765627,2692.1931762695312,2624.5280151367188,2571.7847094726562
2024-05-27,2722.989990234375,2725.080078125,2693.659912109375,2697.159912109375,556700,2710.0630004882814,2693.4583414713543,2626.422432454427,2572.358059082031
2024-05-28,2722.85009765625,2730.1201171875,2714.340087890625,2715.52001953125,441000,2714.7744995117187,2695.088342285156,2628.098183186849,2572.8094091796875
2024-05-29,2677.300048828125,2721.6298828125,2677.070068359375,2719.56005859375,439000,2715.822998046875,2695.50517578125,2629.4105997721354,2572.860559082031
2024-05-30,2635.43994140625,2666.6298828125,2635.43994140625,2666.6298828125,371900,2713.222998046875,2695.3898396809896,2630.245182291667,2572.955408935547
2024-05-31,2636.52001953125,2664.47998046875,2635.77001953125,2657.8701171875,613700,2710.44599609375,2694.760673014323,2631.3410990397138,2573.1110595703126
2024-06-03,2682.52001953125,2690.72998046875,2657.81005859375,2657.81005859375,782300,2710.389501953125,2695.312674967448,2632.737516276042,2573.509659423828
2024-06-04,2662.10009765625,2679.469970703125,2659.429931640625,2668.72998046875,773500,2709.6630126953123,2695.6561767578123,2634.136016845703,2573.916610107422
2024-06-05,2689.5,2697.429931640625,2667.6298828125,2681.110107421875,881500,2707.4200073242187,2696.3541748046873,2635.7536844889323,2574.494210205078
2024-06-07,2722.669921875,2729.6298828125,2705.22998046875,2718.25,783900,2706.3010009765626,2697.059505208333,2637.6753499348956,2575.0819592285156
2024-06-10,2701.169921875,2718.889892578125,2689.18994140625,2698.7099609375,506900,2705.7525024414062,2697.7483357747396,2639.203015136719,2575.580008544922
2024-06-11,2705.320068359375,2718.8798828125,2702.169921875,2716.719970703125,558900,2704.63701171875,2698.140169270833,2640.7026814778646,2576.1503088378904
2024-06-12,2728.169921875,2730.300048828125,2707.43994140625,2709.64990234375,511000,2704.685009765625,2698.716833496094,2642.3101806640625,2576.936807861328
2024-06-13,2754.889892578125,2776.719970703125,2752.610107421875,2764.179931640625,700000,2705.9125,2699.3189982096355,2644.345430501302,2578.083057861328
2024-06-14,2758.419921875,2769.159912109375,2750.860107421875,2759.219970703125,645000,2706.18349609375,2700.8453287760417,2646.130763753255,2579.275906982422
2024-06-17,2744.10009765625,2759.860107421875,2741.030029296875,2754.830078125,594000,2707.1574951171874,2701.816328938802,2647.635264078776,2580.473907470703
2024-06-18,2763.919921875,2772.35009765625,2759.030029296875,2765.699951171875,561500,2708.2464965820313,2703.6121622721353,2649.2774291992187,2581.7495068359376
2024-06-19,2797.330078125,2799.320068359375,2786.159912109375,2786.159912109375,645700,2711.90400390625,2705.3986653645834,2651.1839294433594,2583.1574572753907
2024-06-20,2807.6298828125,2812.6201171875,2796.3701171875,2802.10009765625,758200,2716.1125,2706.2781616210937,2652.7950113932293,2584.668106689453
2024-06-21,2784.260009765625,2797.0,2777.330078125,2794.8701171875,631100,2719.234997558594,2706.8731608072917,2654.3303446451823,2585.901007080078
2024-06-24,2764.72998046875,2782.89990234375,2758.090087890625,2772.85009765625,592800,2723.0914916992188,2707.3258260091147,2655.707177734375,2587.1289575195315
2024-06-25,2774.389892578125,2780.419921875,2765.760009765625,2765.760009765625,714200,2725.661486816406,2707.6141560872397,2657.1388427734373,2588.283857421875
2024-06-26,2792.050048828125,2792.070068359375,2762.97998046875,2767.429931640625,534300,2729.121484375,2708.2298217773437,2658.6267598470054,2589.483308105469
2024-06-27,2784.06005859375,2784.330078125,2761.550048828125,2767.6201171875,396700,2734.4594848632814,2708.867154947917,2659.6999267578126,2590.5975085449218
2024-06-28,2797.820068359375,2797.820068359375,2782.39990234375,2792.7900390625,610600,2742.5784912109375,2709.720324707031,2660.7666768391928,2591.8052587890625
2024-07-01,2804.31005859375,2805.949951171875,2783.97998046875,2792.9599609375,458800,2750.9679931640626,2710.6611572265624,2662.408343505859,2593.0082592773438
2024-07-02,2780.860107421875,2805.419921875,2776.6201171875,2798.64990234375,538400,2755.8849975585936,2711.1228271484374,2664.0236775716144,2593.9898095703124
2024-07-03,2794.010009765625,2799.699951171875,2774.7099609375,2797.139892578125,339800,2762.4804931640624,2712.573494466146,2665.82309366862,2595.0489599609373
2024-07-04,2824.93994140625,2824.93994140625,2808.8798828125,2817.06005859375,393200,2769.252490234375,2713.9558268229166,2667.9657592773438,2596.3569592285157
2024-07-05,2862.22998046875,2871.9599609375,2836.2099609375,2836.2099609375,377600,2776.2304931640624,2716.4228271484376,2670.4740091959634,2597.9268090820315
2024-07-08,2857.760009765625,2868.989990234375,2855.530029296875,2862.580078125,424600,2784.0599975585938,2718.7579956054688,2673.105509440104,2599.4772094726563
2024-07-09,2867.3798828125,2875.3701171875,2854.1298828125,2872.6298828125,455800,2792.16298828125,2721.461661783854,2675.831424967448,2601.029709472656
2024-07-10,2867.989990234375,2871.56005859375,2858.8701171875,2863.050048828125,471800,2799.1539916992188,2724.1454956054686,2678.6892578125,2602.686759033203
2024-07-11,2891.35009765625,2896.429931640625,2879.280029296875,2888.760009765625,461700,2805.977001953125,2727.637662760417,2681.733925374349,2604.470009765625
2024-07-12,2857.0,2872.25,2844.8798828125,2867.75,407400,2810.906005859375,2730.7471638997395,2684.7290079752606,2605.8905603027342
2024-07-15,2860.919921875,2872.89990234375,2848.929931640625,2869.14990234375,424500,2816.7469970703123,2734.935331217448,2688.2708414713543,2607.188759765625
2024-07-16,2866.090087890625,2872.2099609375,2857.070068359375,2861.7099609375,677300,2821.855505371094,2739.6338338216146,2691.821258544922,2608.6456103515625
2024-07-17,2843.2900390625,2868.580078125,2841.330078125,2865.89990234375,548100,2824.1535034179688,2743.1103352864584,2694.9091756184894,2610.0660107421877
2024-07-18,2824.35009765625,2824.35009765625,2799.02001953125,2805.639892578125,657700,2824.9895141601564,2746.9851684570312,2697.9091756184894,2611.389061279297
2024-07-19,2795.4599609375,2802.679931640625,2776.989990234375,2800.2099609375,425600,2825.54951171875,2749.752168782552,2700.549591064453,2612.7915112304686
2024-07-22,2763.510009765625,2795.1201171875,2752.6298828125,2790.989990234375,463400,2825.4885131835936,2752.0936686197915,2702.9980916341146,2614.0684118652343
2024-07-23,2774.2900390625,2796.919921875,2765.81005859375,2788.830078125,422700,2825.4835205078125,2753.7360026041665,2705.53100789388,2615.4610620117187
2024-07-24,2758.7099609375,2778.31005859375,2748.64990234375,2755.5,468500,2823.816516113281,2755.9041666666667,2707.8655904134116,2616.9397619628908
2024-07-25,2710.64990234375,2725.14990234375,2703.860107421875,2721.2900390625,439600,2820.1460083007814,2756.8094970703123,2709.6155904134116,2618.1676611328126
2024-07-26,2731.89990234375,2738.39990234375,2715.75,2724.989990234375,513000,2816.85,2757.550496419271,2711.558005777995,2619.7987109375
2024-07-29,2765.530029296875,2776.860107421875,2742.68994140625,2748.320068359375,456500,2814.910998535156,2758.7749959309895,2713.7950052897136,2621.6083605957033
2024-07-30,2738.18994140625,2754.530029296875,2732.820068359375,2744.39990234375,392900,2812.777490234375,2759.6839965820313,2715.4260884602863,2623.2556604003908
2024-07-31,2770.68994140625,2770.699951171875,2733.6298828125,2745.580078125,556400,2811.6114868164063,2761.2516642252604,2716.7209208170575,2625.0962097167967
2024-08-01,2777.679931640625,2794.110107421875,2772.969970703125,2787.27001953125,480800,2809.248486328125,2761.973661295573,2718.274003092448,2626.734208984375
2024-08-02,2676.18994140625,2725.050048828125,2666.39990234375,2719.389892578125,531800,2799.946484375,2760.825992838542,2719.1072530110678,2627.7160583496093
2024-08-05,2441.550048828125,2611.300048828125,2386.9599609375,2611.300048828125,761900,2779.135986328125,2756.316162109375,2717.707002766927,2627.6430590820314
2024-08-06,2522.14990234375,2578.77001953125,2491.469970703125,2533.340087890625,566300,2761.8744873046876,2752.891495768229,2716.88891805013,2628.072608642578
2024-08-07,2568.409912109375,2594.830078125,2510.820068359375,2515.27001953125,476300,2746.8954833984376,2750.2448282877604,2716.2120015462237,2628.61380859375
2024-08-08,2556.72998046875,2570.340087890625,2518.52001953125,2530.2099609375,494700,2730.1644775390623,2747.351326497396,2715.681252034505,2629.0844580078124
2024-08-09,2588.429931640625,2603.080078125,2575.89990234375,2603.080078125,474200,2716.735974121094,2744.6084920247395,2715.469834391276,2629.947607421875
2024-08-12,2618.300048828125,2622.860107421875,2602.010009765625,2602.159912109375,293100,2704.60498046875,2742.836490885417,2715.2160013834637,2631.1641076660158
2024-08-13,2621.5,2636.1201171875,2607.52001953125,2624.5,378500,2692.3754760742186,2740.8258260091147,2714.7263346354166,2632.4865075683592
2024-08-14,2644.5,2653.7099609375,2632.43994140625,2649.110107421875,328700,2682.4359741210938,2739.4978271484374,2714.615584309896,2633.7914575195314
2024-08-16,2697.22998046875,2699.610107421875,2680.739990234375,2695.489990234375,385900,2676.079968261719,2739.0606608072917,2714.981583658854,2635.4617578125
2024-08-19,2674.360107421875,2699.840087890625,2664.280029296875,2697.969970703125,395600,2670.0249755859377,2738.2698282877604,2715.0656677246093,2637.3381579589845
2024-08-20,2696.6298828125,2706.050048828125,2686.06005859375,2699.739990234375,484200,2666.6809692382812,2738.4203247070313,2715.306750488281,2639.307257080078
2024-08-21,2701.1298828125,2704.97998046875,2684.610107421875,2687.199951171875,417300,2663.0229614257814,2738.0559895833335,2715.7571655273437,2641.26015625
2024-08-22,2707.669921875,2711.3798828125,2690.35009765625,2710.949951171875,441800,2660.4709594726564,2737.802986653646,2716.445664469401,2643.408555908203
2024-08-23,2701.68994140625,2712.840087890625,2689.5400390625,2690.800048828125,330600,2660.0229614257814,2738.2094848632814,2716.8573303222656,2645.4092053222657
2024-08-26,2698.010009765625,2718.469970703125,2688.7900390625,2716.8798828125,333700,2658.328466796875,2739.2523193359375,2717.3210795084638,2647.1836547851562
2024-08-27,2689.25,2700.179931640625,2681.919921875,2696.239990234375,264100,2654.5144653320312,2740.13115234375,2717.4459126790366,2648.788204345703
2024-08-28,2689.830078125,2695.510009765625,2671.590087890625,2690.590087890625,280800,2652.096472167969,2740.2529866536456,2717.782830810547,2649.7255041503904
2024-08-29,2662.280029296875,2672.89990234375,2649.56005859375,2657.179931640625,288800,2646.6759765625,2740.255985514323,2717.9560811360675,2650.8171044921874
2024-08-30,2674.31005859375,2686.510009765625,2668.659912109375,2676.719970703125,278800,2641.5074829101563,2740.002819824219,2718.178497314453,2652.0805541992186
2024-09-02,2681.0,2686.97998046875,2658.31005859375,2683.800048828125,267000,2641.7479858398438,2739.308321126302,2718.1839131673178,2653.350153808594
2024-09-03,2664.6298828125,2695.590087890625,2664.6298828125,2683.1201171875,303500,2652.9019775390625,2738.6993204752603,2718.223828125,2654.6250036621095
2024-09-04,2580.800048828125,2608.1298828125,2578.070068359375,2589.93994140625,455500,2655.8344848632814,2736.623986816406,2717.38207804362,2655.510203857422
2024-09-05,2575.5,2615.800048828125,2560.64990234375,2598.360107421875,379000,2656.1889892578124,2734.0794881184897,2716.398160807292,2656.2214538574217
2024-09-06,2544.280029296875,2576.93994140625,2529.31005859375,2576.659912109375,374800,2655.5664916992187,2730.5693237304686,2714.944160970052,2656.509504394531
2024-09-09,2535.929931640625,2543.219970703125,2491.300048828125,2498.669921875,270200,2652.9414916992187,2726.8611572265627,2713.853243001302,2656.748254394531
2024-09-10,2523.429931640625,2544.830078125,2522.47998046875,2542.68994140625,347700,2648.1979858398436,2723.183321126302,2712.499825032552,2657.016153564453
2024-09-11,2513.3701171875,2526.1298828125,2493.3701171875,2524.860107421875,302600,2642.7914916992186,2719.007491048177,2711.3098266601564,2657.1270043945315
2024-09-12,2572.090087890625,2572.090087890625,2572.090087890625,2572.090087890625,0,2639.17099609375,2715.2534912109377,2710.3260782877605,2657.4353552246093
2024-09-13,2575.409912109375,2584.110107421875,2562.909912109375,2571.81005859375,358300,2633.0799926757813,2711.3831583658853,2708.8306599934895,2657.7539050292967
2024-09-19,2580.800048828125,2598.679931640625,2550.090087890625,2594.669921875,385100,2628.401989746094,2707.992159016927,2707.4326599121096,2658.08310546875
2024-09-20,2593.3701171875,2619.550048828125,2591.39990234375,2603.830078125,496000,2623.2390014648436,2705.136161295573,2706.230993652344,2658.566806640625
2024-09-23,2602.010009765625,2603.570068359375,2588.489990234375,2596.469970703125,339100,2618.2830078125,2702.2631632486978,2704.9386596679688,2659.098557128906
2024-09-24,2631.679931640625,2631.679931640625,2597.81005859375,2612.449951171875,355100,2614.483508300781,2699.5903279622394,2703.9100748697915,2659.648156738281
2024-09-25,2596.320068359375,2663.360107421875,2596.320068359375,2652.7099609375,454500,2609.2150146484373,2696.461328125,2702.664241536458,2660.0307067871095
2024-09-26,2671.570068359375,2671.570068359375,2630.300048828125,2630.909912109375,324900,2607.893017578125,2694.3571614583334,2702.0387430826822,2660.7121069335935
2024-09-27,2649.780029296875,2681.449951171875,2649.780029296875,2674.580078125,413000,2605.9195190429687,2691.781660970052,2701.2214090983075,2661.43595703125
2024-09-30,2593.27001953125,2668.659912109375,2593.27001953125,2665.239990234375,358900,2601.091516113281,2688.6551595052083,2699.888993326823,2661.827557373047
2024-10-02,2561.68994140625,2591.610107421875,2555.4599609375,2566.550048828125,351000,2596.06201171875,2684.7831583658854,2698.678326416016,2662.164606933594
2024-10-04,2569.7099609375,2585.590087890625,2555.570068359375,2563.699951171875,414300,2590.8320068359376,2680.529325358073,2697.242576090495,2662.5362573242187
2024-10-07,2610.3798828125,2611.929931640625,2561.4599609375,2579.199951171875,343700,2587.3010009765626,2676.331823730469,2696.377325439453,2663.127806396484
2024-10-08,2594.360107421875,2601.9599609375,2581.7900390625,2592.64990234375,318200,2583.7875122070313,2671.941825358073,2695.3499104817706,2663.5103564453125
2024-10-10,2599.159912109375,2613.610107421875,2596.860107421875,2611.64990234375,618600,2584.7055053710938,2667.4714925130206,2694.4665771484374,2663.87935546875
2024-10-11,2596.909912109375,2621.929931640625,2594.429931640625,2612.02001953125,491300,2585.7760009765625,2662.9534912109375,2693.549493408203,2664.1875549316405
2024-10-14,2623.2900390625,2628.5400390625,2602.6298828125,2602.6298828125,401700,2589.7265014648438,2658.4858235677084,2693.0617431640626,2664.7507055664064
2024-10-15,2633.449951171875,2635.320068359375,2615.469970703125,2632.3701171875,438300,2594.602502441406,2654.7599894205728,2692.7535766601563,2665.1970556640626
2024-10-16,2610.360107421875,2622.330078125,2601.35009765625,2606.699951171875,437600,2598.949011230469,2650.583992513021,2692.759661865234,2665.4310559082032
2024-10-17,2609.300048828125,2622.7099609375,2603.52001953125,2620.739990234375,331300,2603.7455078125,2646.304158528646,2692.96899617513,2665.6432556152345
2024-10-18,2593.820068359375,2618.320068359375,2587.9599609375,2616.0400390625,265200,2604.8320068359376,2642.1463256835937,2692.6283304850263,2665.7696057128906
2024-10-21,2604.919921875,2618.7099609375,2594.050048828125,2600.77001953125,240700,2606.307507324219,2638.4891560872397,2692.7371622721353,2665.722705078125
2024-10-22,2570.699951171875,2604.159912109375,2564.4599609375,2600.8701171875,343300,2605.8025024414064,2634.743155924479,2692.247662353516,2665.576104736328
2024-10-23,2599.6201171875,2607.7900390625,2567.419921875,2575.25,352400,2606.1150024414064,2632.0116577148438,2692.052663167318,2665.5766552734376
2024-10-24,2581.030029296875,2600.260009765625,2578.800048828125,2591.68994140625,343100,2605.0660034179687,2628.7906575520833,2691.263330078125,2665.4688549804687
2024-10-25,2583.27001953125,2611.27001953125,2577.0,2597.43994140625,462900,2602.6455078125,2625.866658528646,2690.8854125976563,2665.317705078125
2024-10-28,2612.429931640625,2612.9599609375,2587.199951171875,2588.449951171875,333700,2603.4510009765627,2624.229659016927,2690.5195780436197,2665.1034545898438
2024-10-29,2617.800048828125,2617.800048828125,2595.860107421875,2606.93994140625,363300,2600.7625,2622.3279947916667,2689.939245605469,2664.843404541016
2024-10-30,2593.7900390625,2613.469970703125,2586.8798828125,2606.989990234375,487400,2597.963000488281,2619.4656616210937,2689.120328776042,2664.7758044433594
2024-10-31,2556.14990234375,2579.64990234375,2552.360107421875,2575.239990234375,406600,2596.1069946289062,2616.4316609700522,2688.057828776042,2664.621453857422
2024-11-01,2542.360107421875,2559.300048828125,2536.840087890625,2542.9599609375,319800,2595.1405029296875,2612.6261637369794,2686.9389139811196,2664.442854003906
2024-11-04,2588.969970703125,2588.969970703125,2542.679931640625,2549.0400390625,373900,2596.1035034179686,2609.480997721354,2685.7273295084638,2664.548603515625
2024-11-05,2576.8798828125,2586.72998046875,2564.659912109375,2570.239990234375,310900,2594.428503417969,2607.825830078125,2684.3259114583334,2664.6268029785156
2024-11-06,2563.510009765625,2592.75,2544.0400390625,2591.89990234375,548500,2592.8859985351564,2609.85849609375,2683.0873291015623,2664.734453125
2024-11-07,2564.6298828125,2579.81005859375,2540.47998046875,2557.22998046875,465100,2591.1594970703127,2610.5664957682293,2681.728995768229,2664.8562524414065
2024-11-08,2561.14990234375,2593.14990234375,2553.419921875,2586.699951171875,448700,2589.3714965820313,2610.4454956054688,2680.3451619466146,2665.0367517089844
2024-11-11,2531.659912109375,2562.050048828125,2525.56005859375,2562.050048828125,572200,2584.789990234375,2610.0276611328127,2678.689493815104,2665.065101318359
2024-11-12,2482.570068359375,2532.43994140625,2481.530029296875,2527.93994140625,735800,2577.24599609375,2608.263330078125,2676.4359110514324,2664.990001220703
2024-11-13,2417.080078125,2478.8701171875,2415.77001953125,2468.27001953125,619200,2567.581994628906,2604.9096638997394,2673.873077392578,2664.8959020996094
2024-11-14,2418.860107421875,2441.429931640625,2410.929931640625,2430.260009765625,640000,2558.0599975585938,2601.532332356771,2671.1790791829426,2664.790002441406
2024-11-15,2416.860107421875,2433.179931640625,2390.56005859375,2413.050048828125,623300,2549.2119995117187,2597.7383341471354,2668.6180806477864,2664.5106030273437
2024-11-18,2469.070068359375,2480.010009765625,2437.530029296875,2440.31005859375,443900,2542.4195068359377,2593.9356689453125,2666.498164876302,2664.5342028808595
2024-11-19,2471.949951171875,2479.389892578125,2465.14990234375,2469.1298828125,410900,2537.4820068359377,2590.5621663411457,2664.4159973144533,2664.5009020996094
2024-11-20,2482.2900390625,2489.14990234375,2471.7900390625,2475.760009765625,408800,2531.6155029296874,2586.9898356119793,2662.705080159505,2664.5639025878904
2024-11-21,2480.6298828125,2496.969970703125,2474.6201171875,2474.6201171875,451100,2526.595495605469,2583.314835611979,2660.685412597656,2664.6153515625
2024-11-22,2501.239990234375,2511.22998046875,2492.2099609375,2493.419921875,543500,2522.493994140625,2579.874336751302,2658.838661702474,2664.728751220703
2024-11-25,2534.340087890625,2541.760009765625,2517.97998046875,2524.110107421875,564700,2518.589501953125,2577.085172526042,2657.6473286946616,2664.8972021484374
2024-11-26,2520.360107421875,2526.6201171875,2512.2099609375,2521.389892578125,441700,2513.7175048828126,2574.1243408203127,2656.688330078125,2665.004952392578
2024-11-27,2503.06005859375,2526.320068359375,2498.320068359375,2518.820068359375,414300,2509.181005859375,2571.021175130208,2655.576163736979,2665.034802246094
2024-11-28,2504.669921875,2513.6298828125,2495.639892578125,2499.68994140625,342600,2506.6070068359377,2567.9351725260417,2654.0940795898437,2664.845852050781
2024-11-29,2455.909912109375,2496.929931640625,2446.9599609375,2496.929931640625,384300,2502.2844970703127,2564.495670572917,2652.37582804362,2664.0488513183595
2024-12-02,2454.47998046875,2483.2900390625,2448.449951171875,2479.02001953125,328100,2495.5599975585938,2560.8318359375,2650.4173278808594,2663.3647009277342
2024-12-03,2500.10009765625,2500.669921875,2471.550048828125,2472.06005859375,324100,2491.7210083007812,2557.8168375651044,2648.562579345703,2662.984201660156
2024-12-04,2464.0,2483.0400390625,2442.4599609375,2450.760009765625,670300,2486.7455078125,2554.473006184896,2646.5861633300783,2662.2563012695314
2024-12-05,2441.85009765625,2471.449951171875,2434.780029296875,2471.449951171875,519400,2480.6065185546877,2552.1571736653646,2644.3905802408854,2661.3639514160154
2024-12-06,2428.159912109375,2459.239990234375,2397.72998046875,2451.60009765625,630400,2473.9570190429686,2549.7015055338543,2641.890496826172,2660.256551513672
2024-12-09,2360.580078125,2399.52001953125,2360.179931640625,2392.3701171875,591600,2465.40302734375,2546.6398396809896,2638.6045817057293,2658.9573522949217
2024-12-10,2417.840087890625,2419.06005859375,2384.510009765625,2384.510009765625,598800,2462.1665283203124,2544.6716756184896,2635.766416422526,2657.9775524902343
2024-12-11,2442.510009765625,2443.340087890625,2411.3798828125,2412.14990234375,617700,2463.438024902344,2543.3230102539064,2633.253165690104,2656.9463024902343
2024-12-12,2482.1201171875,2487.949951171875,2448.760009765625,2456.6298828125,664200,2466.601025390625,2542.802176920573,2630.904833984375,2655.955603027344
2024-12-13,2494.4599609375,2500.320068359375,2470.239990234375,2473.75,577700,2470.4810180664062,2541.508341471354,2628.3809163411456,2655.138952636719
2024-12-16,2488.969970703125,2515.6201171875,2483.429931640625,2511.080078125,526700,2471.4760131835938,2540.06767578125,2625.7254170735678,2654.3172521972656
2024-12-17,2456.81005859375,2487.31005859375,2455.050048828125,2487.31005859375,559000,2470.7190185546874,2538.0011759440104,2622.9966674804687,2653.2799523925783
2024-12-18,2484.429931640625,2492.0,2462.820068359375,2463.06005859375,441700,2470.8260131835937,2536.185506184896,2620.6608337402345,2652.3636022949217
2024-12-19,2435.929931640625,2450.050048828125,2423.590087890625,2426.550048828125,504500,2468.591015625,2533.4175048828124,2617.840334065755,2651.3078515625
2024-12-20,2404.14990234375,2430.68994140625,2389.860107421875,2429.6298828125,617800,2463.7365112304688,2529.6253377278645,2614.607832845052,2650.2033508300783
2024-12-23,2442.010009765625,2446.969970703125,2413.6201171875,2423.360107421875,428200,2459.120007324219,2527.053503417969,2611.7574157714844,2649.151950683594
2024-12-24,2440.52001953125,2452.85009765625,2432.419921875,2450.550048828125,386800,2455.1280029296877,2523.202669270833,2608.7799153645833,2648.1427502441406
2024-12-26,2429.669921875,2449.52001953125,2428.820068359375,2449.52001953125,322800,2451.45849609375,2519.5341674804686,2605.6579142252604,2646.9197497558594
2024-12-27,2404.77001953125,2423.860107421875,2388.330078125,2419.4599609375,311300,2446.4635009765625,2516.392500813802,2602.523830159505,2645.696600341797
2024-12-30,2399.489990234375,2429.75,2390.43994140625,2397.489990234375,304000,2443.6425048828123,2513.689168294271,2599.236163330078,2644.486600341797
2025-01-02,2398.93994140625,2410.989990234375,2386.840087890625,2400.8701171875,350700,2440.8655029296874,2510.8430013020834,2595.686163330078,2643.2431994628905
2025-01-03,2441.919921875,2454.669921875,2402.580078125,2402.580078125,407500,2437.956494140625,2508.035335286458,2592.1835795084635,2642.0510485839845
2025-01-06,2488.639892578125,2489.10009765625,2446.820068359375,2453.300048828125,302800,2439.1884887695314,2506.273331705729,2589.1075785319013,2641.1950476074217
2025-01-07,2492.10009765625,2521.860107421875,2492.090087890625,2513.489990234375,407700,2441.7009887695312,2504.4890014648436,2585.9802469889323,2640.246497802734
2025-01-08,2521.050048828125,2526.77001953125,2481.25,2481.25,362900,2446.345495605469,2503.2246704101562,2583.089080810547,2639.383897705078
2025-01-09,2521.89990234375,2535.8701171875,2515.820068359375,2526.10009765625,404300,2454.411486816406,2501.534834798177,2580.0103291829428,2638.3995971679688
2025-01-10,2515.780029296875,2535.239990234375,2506.2900390625,2528.419921875,377600,2459.308483886719,2499.5736694335938,2577.1668294270835,2637.644296875
2025-01-13,2489.56005859375,2513.929931640625,2483.72998046875,2508.14990234375,578600,2461.660986328125,2497.560335286458,2574.0721638997397,2636.6628967285155
2025-01-14,2497.39990234375,2504.889892578125,2482.739990234375,2501.489990234375,414500,2462.4249755859373,2495.6953328450522,2570.999745686849,2635.8690466308594
2025-01-15,2496.81005859375,2524.360107421875,2493.10009765625,2511.070068359375,538500,2462.54248046875,2494.0784993489583,2568.112412516276,2634.9023974609377
2025-01-16,2527.489990234375,2534.010009765625,2519.860107421875,2528.27001953125,451100,2464.4684814453126,2492.7880004882813,2565.6385782877605,2633.765546875
2025-01-17,2523.550048828125,2528.47998046875,2513.840087890625,2520.85009765625,445900,2467.8054809570312,2492.002168782552,2563.372662353516,2632.640496826172
2025-01-20,2520.050048828125,2536.719970703125,2516.280029296875,2533.679931640625,437500,2469.5864868164062,2490.6760009765626,2561.343829345703,2631.5528967285154
2025-01-21,2518.030029296875,2548.43994140625,2507.949951171875,2533.22998046875,572000,2473.6914916992187,2489.6260009765624,2559.208329264323,2630.357596435547
2025-01-22,2547.06005859375,2552.570068359375,2526.889892578125,2535.800048828125,583700,2480.8369995117187,2489.022501627604,2557.444580078125,2629.317346191406
2025-01-23,2515.489990234375,2541.60009765625,2515.489990234375,2541.239990234375,609700,2484.5109985351564,2487.4068359375,2555.8182474772134,2628.165695800781
2025-01-24,2536.800048828125,2542.830078125,2522.639892578125,2529.2900390625,602000,2489.325,2486.0568359375,2554.192415364583,2627.1165466308594
2025-01-31,2517.3701171875,2537.97998046875,2496.949951171875,2534.330078125,454400,2493.710009765625,2484.783170572917,2552.124416097005,2625.9640966796874
2025-02-03,2453.949951171875,2468.739990234375,2437.610107421875,2468.739990234375,522800,2496.1690063476562,2483.0798380533856,2549.755749511719,2624.468046875
2025-02-04,2481.68994140625,2508.35009765625,2471.6298828125,2481.43994140625,479400,2500.27900390625,2482.068668619792,2547.3474161783856,2623.3416467285156
2025-02-05,2509.27001953125,2514.7099609375,2498.739990234375,2503.93994140625,437300,2505.7955078125,2480.7403361002603,2545.110666910807,2622.1779968261717
2025-02-06,2536.75,2536.75,2515.340087890625,2521.820068359375,479700,2510.53701171875,2480.071504720052,2543.9486673990887,2621.2906970214844
2025-02-07,2521.919921875,2537.6298828125,2519.010009765625,2532.090087890625,419900,2512.2010131835937,2479.3783365885415,2544.618416341146,2620.3120471191405
2025-02-10,2521.27001953125,2527.330078125,2499.179931640625,2510.639892578125,393600,2513.6595092773437,2478.6556722005207,2544.611083984375,2619.39259765625
2025-02-11,2539.050048828125,2549.43994140625,2527.739990234375,2532.8701171875,451100,2514.5595092773438,2478.2873413085936,2544.366418457031,2618.553048095703
2025-02-12,2548.389892578125,2549.580078125,2528.739990234375,2534.7099609375,464900,2515.8840087890626,2478.5661743164064,2544.2969177246096,2617.885897216797
2025-02-13,2583.169921875,2583.739990234375,2555.97998046875,2558.949951171875,680300,2519.2535034179687,2480.2428385416665,2544.2530843098957,2617.449597167969
2025-02-14,2591.050048828125,2600.570068359375,2582.840087890625,2588.199951171875,499400,2524.3280029296875,2483.1423380533856,2544.0260009765625,2617.356697998047
2025-02-17,2610.419921875,2612.800048828125,2592.570068359375,2595.989990234375,366300,2529.97900390625,2486.335001627604,2543.9336669921877,2617.4878979492187
2025-02-18,2626.81005859375,2628.469970703125,2605.14990234375,2613.25,422000,2536.47900390625,2489.8341674804688,2543.786250813802,2617.4484484863283
2025-02-19,2671.52001953125,2680.699951171875,2633.909912109375,2633.909912109375,525800,2543.6805053710937,2493.2083333333335,2543.5720011393228,2617.846748046875
2025-02-20,2654.06005859375,2667.590087890625,2645.530029296875,2661.719970703125,529300,2550.206005859375,2496.2435017903645,2543.402834065755,2617.9698486328125
2025-02-21,2654.580078125,2656.0400390625,2638.43994140625,2653.760009765625,444700,2556.932507324219,2499.1150024414064,2543.052419026693,2618.127648925781
2025-02-24,2645.27001953125,2645.27001953125,2626.8798828125,2636.1201171875,536400,2563.2945068359377,2501.859004720052,2542.5869201660157,2617.9752490234373
2025-02-25,2630.2900390625,2641.489990234375,2617.1201171875,2617.639892578125,410300,2567.456005859375,2504.0098388671877,2541.9420878092446,2617.9835986328126
2025-02-26,2641.090087890625,2648.06005859375,2620.159912109375,2629.860107421875,386800,2573.7360107421873,2505.7890055338544,2541.437089029948,2617.9073986816406
2025-02-27,2621.75,2638.469970703125,2610.469970703125,2637.6298828125,513900,2577.983508300781,2507.478837076823,2540.8015889485678,2617.5789489746094
2025-02-28,2532.780029296875,2586.780029296875,2531.239990234375,2585.610107421875,588600,2578.75400390625,2507.974169921875,2539.4976725260417,2616.782548828125
2025-03-04,2528.919921875,2548.780029296875,2513.31005859375,2522.199951171875,484100,2582.5025024414062,2508.3783365885415,2538.1567545572916,2616.008898925781
2025-03-05,2558.1298828125,2561.469970703125,2535.179931640625,2548.449951171875,569400,2586.324499511719,2510.082002766927,2537.2888366699217,2615.4163989257813
2025-03-06,2576.159912109375,2583.64990234375,2565.570068359375,2573.550048828125,609600,2589.668994140625,2512.110001627604,2536.470918782552,2614.625397949219
2025-03-07,2563.47998046875,2575.47998046875,2541.489990234375,2553.43994140625,567200,2591.0054931640625,2513.1663330078127,2535.4915852864583,2613.7175476074217
2025-03-10,2570.389892578125,2579.760009765625,2549.989990234375,2555.39990234375,435700,2593.428991699219,2514.9394978841146,2534.7062520345053,2613.008797607422
2025-03-11,2537.60009765625,2547.8798828125,2505.909912109375,2516.68994140625,399000,2594.245495605469,2516.535331217448,2534.3462524414062,2612.0586486816405
2025-03-12,2574.820068359375,2579.68994140625,2541.659912109375,2552.60009765625,401600,2596.0339965820312,2518.979667154948,2534.340586344401,2611.29669921875
2025-03-13,2573.639892578125,2600.070068359375,2561.02001953125,2598.06005859375,427300,2597.296496582031,2522.5306640625,2534.5852518717447,2610.5131982421876
2025-03-14,2566.360107421875,2576.739990234375,2559.239990234375,2565.179931640625,362300,2596.456005859375,2525.005997721354,2534.838836669922,2609.579998779297
2025-03-17,2610.68994140625,2610.68994140625,2587.52001953125,2588.320068359375,396600,2597.4380004882814,2527.8089965820313,2535.5660034179687,2609.0103479003906
2025-03-18,2612.340087890625,2638.56005859375,2606.909912109375,2627.27001953125,555500,2597.5340087890627,2529.9793294270835,2536.390753173828,2608.3613488769533
2025-03-19,2628.6201171875,2642.830078125,2613.47998046875,2613.47998046875,653300,2597.62451171875,2532.21533203125,2536.8618367513022,2607.8835498046874
2025-03-20,2637.10009765625,2650.719970703125,2629.199951171875,2648.159912109375,455000,2595.903515625,2534.6841674804687,2537.3759216308595,2607.451750488281
2025-03-21,2643.1298828125,2645.820068359375,2617.780029296875,2633.89990234375,497500,2595.3570068359377,2537.7894978841146,2537.8953369140627,2607.058349609375
