Date,Close,High,Low,Open,Volume,MA_20,MA_60,MA_120,MA_200
2015-03-02,621.8099975585938,628.030029296875,621.75,627.6099853515625,507100.0,,,,
2015-03-03,625.6400146484375,626.239990234375,624.2899780273438,625.530029296875,502400.0,,,,
2015-03-04,630.3499755859375,631.3200073242188,627.0900268554688,627.27001953125,528500.0,,,,
2015-03-05,631.4299926757812,633.5800170898438,629.4099731445312,633.0700073242188,485600.0,,,,
2015-03-06,635.8400268554688,635.8699951171875,632.5,634.52001953125,551600.0,,,,
2015-03-09,629.260009765625,636.8300170898438,628.8300170898438,636.8300170898438,503300.0,,,,
2015-03-10,621.989990234375,633.52001953125,617.8900146484375,632.5399780273438,571100.0,,,,
2015-03-11,619.6099853515625,623.239990234375,616.4299926757812,617.52001953125,470100.0,,,,
2015-03-12,628.1500244140625,628.2899780273438,621.469970703125,622.5499877929688,490400.0,,,,
2015-03-13,634.25,634.969970703125,631.5,631.739990234375,530700.0,,,,
2015-03-16,635.4000244140625,636.6900024414062,633.8599853515625,636.469970703125,556600.0,,,,
2015-03-17,636.0499877929688,639.0,634.5499877929688,638.9199829101562,524000.0,,,,
2015-03-18,628.989990234375,639.7000122070312,628.9400024414062,638.4099731445312,556600.0,,,,
2015-03-19,631.8099975585938,633.6400146484375,620.52001953125,633.5599975585938,559000.0,,,,
2015-03-20,640.0800170898438,640.0900268554688,632.5700073242188,633.6900024414062,578700.0,,,,
2015-03-23,640.2899780273438,644.010009765625,640.2899780273438,643.5499877929688,530100.0,,,,
2015-03-24,641.8699951171875,642.4299926757812,638.4600219726562,640.5,525800.0,,,,
2015-03-25,651.0499877929688,651.0599975585938,644.6900024414062,644.6900024414062,534700.0,,,,
2015-03-26,642.530029296875,649.6199951171875,640.5599975585938,647.1699829101562,551800.0,,,,
2015-03-27,640.1199951171875,646.4299926757812,637.7100219726562,645.9299926757812,592400.0,633.3260009765625,,,
2015-03-30,646.739990234375,646.780029296875,641.469970703125,643.4000244140625,467300.0,634.5725006103515,,,
2015-03-31,650.489990234375,650.75,647.3800048828125,650.75,524600.0,635.8149993896484,,,
2015-04-01,650.22998046875,651.4000244140625,645.6300048828125,650.27001953125,513300.0,636.8089996337891,,,
2015-04-02,650.5700073242188,654.8499755859375,649.22998046875,653.4099731445312,629900.0,637.766000366211,,,
2015-04-03,658.0399780273438,658.0499877929688,652.5900268554688,653.4600219726562,528700.0,638.8759979248047,,,
2015-04-06,662.1500244140625,662.5900268554688,658.989990234375,660.8499755859375,523500.0,640.5204986572265,,,
2015-04-07,666.8300170898438,667.9400024414062,664.6400146484375,667.6199951171875,550000.0,642.7625,,,
2015-04-08,668.030029296875,669.3699951171875,662.5700073242188,669.3699951171875,560700.0,645.1835021972656,,,
2015-04-09,676.9600219726562,677.989990234375,670.8300170898438,671.5999755859375,595100.0,647.6240020751953,,,
2015-04-10,682.02001953125,685.6599731445312,682.02001953125,684.239990234375,602400.0,650.0125030517578,,,
2015-04-13,689.3900146484375,689.5399780273438,682.719970703125,688.1699829101562,709300.0,652.7120025634765,,,
2015-04-14,684.969970703125,694.9000244140625,680.530029296875,691.8200073242188,829000.0,655.1580017089843,,,
2015-04-15,694.4400024414062,694.9600219726562,688.6900024414062,689.6599731445312,619800.0,658.4305023193359,,,
2015-04-16,698.3099975585938,699.3200073242188,692.27001953125,699.3200073242188,698700.0,661.755502319336,,,
2015-04-17,706.9000244140625,708.22998046875,700.1799926757812,703.4500122070312,685600.0,665.0965026855469,,,
2015-04-20,706.9600219726562,707.52001953125,700.47998046875,700.7999877929688,667400.0,668.4300048828125,,,
2015-04-21,714.52001953125,714.739990234375,709.8800048828125,712.8900146484375,747100.0,672.0625061035156,,,
2015-04-22,703.3400268554688,720.5599975585938,675.9500122070312,718.8900146484375,1086800.0,674.6770080566406,,,
2015-04-23,692.47998046875,708.0599975585938,685.989990234375,707.8200073242188,705400.0,677.1745056152344,,,
2015-04-24,690.739990234375,697.1599731445312,681.0399780273438,695.1199951171875,610900.0,679.7055053710938,,,
2015-04-27,699.3900146484375,699.5499877929688,692.8400268554688,693.7899780273438,516100.0,682.3380065917969,,,
2015-04-28,696.7899780273438,701.5700073242188,694.2999877929688,701.3599853515625,600300.0,684.6530059814453,,,
2015-04-29,695.6900024414062,699.6599731445312,689.0900268554688,699.510009765625,558800.0,686.9260070800781,,,
2015-04-30,689.010009765625,696.3099975585938,685.1500244140625,696.3099975585938,584900.0,688.8480072021484,,,
2015-05-04,677.9000244140625,690.8400268554688,676.4199829101562,690.77001953125,440500.0,689.8410095214844,,,
2015-05-06,665.9400024414062,674.219970703125,661.8200073242188,672.9500122070312,486100.0,690.0305084228515,,,
2015-05-07,673.0800170898438,673.1199951171875,654.010009765625,667.010009765625,473800.0,690.3430084228515,,,
2015-05-08,681.6900024414062,684.3800048828125,674.6400146484375,675.8300170898438,439100.0,691.0260070800781,,,
2015-05-11,692.2899780273438,692.3200073242188,685.6099853515625,687.8099975585938,433500.0,691.7925048828125,,,
2015-05-12,686.739990234375,697.989990234375,685.8900146484375,694.7999877929688,546400.0,692.0285034179688,,,
2015-05-13,692.22998046875,693.2999877929688,681.2999877929688,687.75,522100.0,692.1705017089844,,,
2015-05-14,699.27001953125,699.3400268554688,693.4299926757812,695.1099853515625,529700.0,692.8855041503906,,,
2015-05-15,705.4000244140625,708.0800170898438,702.7899780273438,705.1500244140625,517500.0,693.4335052490235,,,
2015-05-18,703.25,707.72998046875,700.1799926757812,707.72998046875,599800.0,693.6805053710938,,,
2015-05-19,706.7899780273438,707.3499755859375,704.6199951171875,707.260009765625,530800.0,693.6750030517578,,,
2015-05-20,713.9500122070312,714.0900268554688,709.6799926757812,709.7100219726562,601700.0,694.0245025634765,,,
2015-05-21,715.6400146484375,719.27001953125,708.5499877929688,718.97998046875,522500.0,694.0805023193359,,,
2015-05-22,713.5399780273438,719.02001953125,711.5800170898438,718.989990234375,546900.0,694.5904998779297,,,
2015-05-26,708.6599731445312,715.9099731445312,705.0,715.9099731445312,457400.0,695.3994995117188,,,
2015-05-27,699.1900024414062,705.7000122070312,696.0800170898438,705.7000122070312,475900.0,695.8220001220703,669.6178354899089,,
2015-05-28,709.010009765625,711.2100219726562,704.6199951171875,706.469970703125,484600.0,696.3029998779297,671.0711690266927,,
2015-05-29,711.3900146484375,717.2000122070312,710.5,710.6199951171875,549300.0,697.0330017089843,672.5003356933594,,
2015-06-01,715.72998046875,715.9099731445312,700.9000244140625,714.0900268554688,578500.0,698.0350006103515,673.9233357747396,,
2015-06-02,704.77001953125,718.5800170898438,704.77001953125,718.0,611100.0,698.8230010986329,675.1456695556641,,
2015-06-03,696.969970703125,710.969970703125,693.27001953125,703.5,693100.0,699.776498413086,676.164501953125,,
2015-06-04,704.5599975585938,704.5700073242188,700.6099853515625,702.1300048828125,580100.0,701.7074981689453,677.4195017496745,,
2015-06-05,707.27001953125,708.22998046875,700.9099731445312,701.280029296875,557600.0,703.4169982910156,678.8408355712891,,
2015-06-08,716.4299926757812,716.6099853515625,708.3599853515625,711.3599853515625,496400.0,705.1539978027344,680.454502360026,,
2015-06-09,722.510009765625,722.52001953125,718.0999755859375,718.3200073242188,506600.0,706.6649993896484,682.027168782552,,
2015-06-10,718.22998046875,727.3400268554688,713.0700073242188,726.6300048828125,563300.0,708.2394989013671,683.426835123698,,
2015-06-11,717.0,724.5700073242188,716.4500122070312,724.3800048828125,505700.0,709.4779998779297,684.7868347167969,,
2015-06-12,712.4000244140625,722.4000244140625,708.22998046875,720.0900268554688,480000.0,710.1345001220703,686.0593353271485,,
2015-06-15,705.8499755859375,714.9199829101562,704.9500122070312,709.7100219726562,413200.0,710.1569976806641,687.3403350830079,,
2015-06-16,706.280029296875,708.72998046875,690.7999877929688,706.8400268554688,519300.0,710.3084991455078,688.5815022786459,,
2015-06-17,718.6099853515625,718.6300048828125,705.6199951171875,710.5399780273438,476400.0,710.8994995117188,689.8903350830078,,
2015-06-18,725.2000122070312,726.8400268554688,722.5999755859375,724.4299926757812,547600.0,711.4619995117188,691.3055023193359,,
2015-06-19,729.9199829101562,731.0599975585938,723.0700073242188,730.9199829101562,540700.0,712.1759979248047,692.7730021158854,,
2015-06-22,734.6099853515625,736.4199829101562,731.4600219726562,735.1199951171875,527600.0,713.2294982910156,694.165668741862,,
2015-06-23,739.8200073242188,740.8699951171875,735.9500122070312,740.5700073242188,547800.0,714.7875,695.787168375651,,
2015-06-24,746.6199951171875,747.0800170898438,740.6500244140625,743.1699829101562,507100.0,717.1589996337891,697.562168375651,,
2015-06-25,753.6599731445312,753.989990234375,746.22998046875,747.7100219726562,540100.0,719.3914978027344,699.3441680908203,,
2015-06-26,750.5,757.97998046875,750.47998046875,756.4600219726562,605500.0,721.3469970703125,701.0110015869141,,
2015-06-29,733.0399780273438,746.6199951171875,731.8400268554688,733.0700073242188,477300.0,722.2124969482422,702.3911682128906,,
2015-06-30,742.27001953125,742.3400268554688,714.510009765625,730.2899780273438,463300.0,724.0874969482422,703.9195017496745,,
2015-07-01,760.6699829101562,760.760009765625,747.47998046875,747.47998046875,561500.0,727.2724975585937,705.6300018310546,,
2015-07-02,768.6699829101562,769.760009765625,764.969970703125,766.5800170898438,716900.0,730.4779968261719,707.4053344726562,,
2015-07-03,769.260009765625,772.719970703125,762.22998046875,772.6699829101562,671900.0,733.5774963378906,709.1125010172526,,
2015-07-06,752.010009765625,769.3300170898438,752.010009765625,758.0,640800.0,735.3564971923828,710.5121673583984,,
2015-07-07,729.6400146484375,765.3900146484375,722.2100219726562,765.1199951171875,761100.0,735.7129974365234,711.3901672363281,,
2015-07-08,726.219970703125,738.22998046875,714.8599853515625,735.4600219726562,649000.0,736.1124969482422,712.1268330891927,,
2015-07-09,726.010009765625,726.4299926757812,695.9400024414062,715.760009765625,654800.0,736.5629974365235,712.7371663411458,,
2015-07-10,730.719970703125,739.0999755859375,725.4000244140625,734.1599731445312,549100.0,737.4789947509765,713.4996663411458,,
2015-07-13,749.4600219726562,749.530029296875,731.9099731445312,732.780029296875,552700.0,739.6594970703125,714.4166666666666,,
2015-07-14,757.1199951171875,758.1900024414062,750.9099731445312,757.719970703125,593400.0,742.2014953613282,715.3968332926432,,
2015-07-15,761.5900268554688,762.7999877929688,757.7100219726562,761.72998046875,679900.0,744.3504974365235,716.3083333333333,,
2015-07-16,774.4000244140625,774.4000244140625,760.219970703125,764.1599731445312,693900.0,746.810498046875,717.4323333740234,,
2015-07-17,773.22998046875,780.27001953125,768.72998046875,780.27001953125,774000.0,748.9759979248047,718.4108327229818,,
2015-07-20,782.6400146484375,782.6400146484375,776.4099731445312,778.1900024414062,667800.0,751.3774993896484,719.732499186198,,
2015-07-21,781.989990234375,788.1300048828125,774.6799926757812,787.52001953125,761500.0,753.4859985351562,721.2243326822917,,
2015-07-22,776.5700073242188,784.5800170898438,776.280029296875,780.3900146484375,700600.0,754.9834991455078,722.6548329671224,,
2015-07-23,776.989990234375,782.2999877929688,773.5999755859375,781.2100219726562,882500.0,756.15,723.9481658935547,,
2015-07-24,776.260009765625,779.0999755859375,773.6400146484375,778.5399780273438,645200.0,757.4380004882812,725.2726664225261,,
2015-07-27,751.0399780273438,773.3699951171875,751.0399780273438,773.3699951171875,600700.0,758.3380004882813,726.195166015625,,
2015-07-28,745.239990234375,747.0700073242188,722.8300170898438,738.8699951171875,609600.0,758.4864990234375,727.1323323567708,,
2015-07-29,730.469970703125,755.22998046875,730.469970703125,751.9199829101562,734600.0,756.9764984130859,728.0084981282552,,
2015-07-30,712.8599853515625,739.6599731445312,711.1099853515625,736.969970703125,568800.0,754.1859985351563,728.7904978434245,,
2015-07-31,725.0599975585938,725.0599975585938,703.5599975585938,713.8699951171875,512100.0,751.9759979248047,729.656830851237,,
2015-08-03,714.3400268554688,732.239990234375,714.3400268554688,728.030029296875,422100.0,750.0924987792969,730.2009979248047,,
2015-08-04,730.030029296875,730.0599975585938,711.5900268554688,712.780029296875,422600.0,750.1119995117188,730.8299987792968,,
2015-08-05,741.260009765625,741.5399780273438,732.2999877929688,733.0,418300.0,750.8640014648438,731.7386657714844,,
2015-08-06,747.739990234375,750.75,745.1599731445312,747.1900024414062,448600.0,751.9505004882812,732.6638326009114,,
2015-08-07,751.489990234375,751.739990234375,741.719970703125,743.8200073242188,443800.0,752.9890014648438,733.5341654459636,,
2015-08-10,746.3400268554688,754.5999755859375,742.760009765625,754.5999755859375,432200.0,752.8330017089844,734.216498819987,,
2015-08-11,732.260009765625,753.1300048828125,732.260009765625,752.719970703125,622200.0,751.5900024414062,734.6999989827474,,
2015-08-12,717.2000122070312,731.719970703125,692.5399780273438,730.239990234375,583100.0,749.3705017089844,734.8734995524088,,
2015-08-13,731.3599853515625,731.9500122070312,711.5399780273438,716.6099853515625,496900.0,747.2184997558594,735.1636657714844,,
2015-08-17,722.010009765625,734.9000244140625,722.010009765625,733.969970703125,446200.0,744.6575012207031,735.2698323567708,,
2015-08-18,699.7999877929688,726.4600219726562,698.239990234375,725.6799926757812,596700.0,740.5154998779296,735.0408325195312,,
2015-08-19,670.5499877929688,693.47998046875,652.1199951171875,692.3099975585938,572100.0,734.9434997558594,734.4056660970052,,
2015-08-20,656.7100219726562,678.8900146484375,656.7100219726562,664.8400268554688,439900.0,728.9505004882812,733.697666422526,701.6577509562175,
2015-08-21,627.0499877929688,637.8699951171875,615.0999755859375,625.5599975585938,615400.0,721.453500366211,732.3316660563152,701.7014175415039,
2015-08-24,613.3300170898438,640.6699829101562,610.1199951171875,624.0900268554688,515000.0,713.3070007324219,730.6973327636719,701.5988342285157,
2015-08-25,645.4299926757812,646.7899780273438,612.3499755859375,625.6099853515625,518700.0,708.0265014648437,729.5256663004558,701.7245010375976,
2015-08-26,667.4400024414062,667.4400024414062,645.5,646.469970703125,546200.0,704.1365020751953,728.9034993489583,702.0245844523112,
2015-08-27,673.7100219726562,683.4600219726562,670.239990234375,677.8900146484375,471400.0,701.2985046386718,728.5158335367838,702.3401677449544,
2015-08-28,687.9600219726562,689.0399780273438,685.4000244140625,685.4400024414062,433700.0,700.0535064697266,728.2391672770183,702.8293345133463,
2015-08-31,687.1099853515625,689.9000244140625,682.1400146484375,689.9000244140625,389800.0,698.156005859375,727.9031667073567,703.372001139323,
2015-09-01,672.9400024414062,691.6699829101562,672.9400024414062,686.469970703125,456700.0,696.0860046386719,727.1783335367838,703.8164179484049,
2015-09-02,678.02001953125,678.1599731445312,657.6699829101562,659.5999755859375,486700.0,693.4855041503906,726.4368336995443,704.2320012410481,
2015-09-03,678.25,688.5599975585938,677.3400268554688,687.5999755859375,553100.0,690.3350036621093,725.7705006917317,704.5986679077148,
2015-09-04,650.4500122070312,683.5599975585938,647.780029296875,682.2999877929688,607400.0,685.4705047607422,724.6613342285157,704.7240844726563,
2015-09-07,648.7999877929688,658.9000244140625,641.2100219726562,650.8699951171875,393800.0,680.3360046386719,723.6013336181641,704.8303344726562,
2015-09-08,638.219970703125,655.1500244140625,632.2000122070312,652.0800170898438,479100.0,674.9300018310547,722.4741668701172,704.9072509765625,
2015-09-09,660.6699829101562,660.6699829101562,651.3900146484375,651.52001953125,450700.0,671.3505004882812,721.7139994303385,705.1477508544922,
2015-09-10,668.2899780273438,668.47998046875,653.260009765625,655.1300048828125,498700.0,668.9049987792969,720.8753326416015,705.3828338623047,
2015-09-11,669.8699951171875,672.1199951171875,665.1699829101562,669.97998046875,557400.0,665.8304992675781,719.9531656901041,705.62933400472,
2015-09-14,662.8800048828125,674.9500122070312,659.1900024414062,674.4500122070312,444200.0,662.8739990234375,718.8358327229818,705.8044174194335,
2015-09-15,666.75,667.1799926757812,661.8800048828125,664.5599975585938,888800.0,661.2214996337891,717.7048329671223,705.9352508544922,
2015-09-16,676.47998046875,676.6300048828125,671.7899780273438,673.3200073242188,968900.0,661.5179992675781,716.6491658528646,706.2181671142578,
2015-09-17,671.0499877929688,681.6599731445312,670.6199951171875,681.6599731445312,740000.0,662.2349975585937,715.3896657307943,706.4759170532227,
2015-09-18,690.1799926757812,690.2000122070312,677.9299926757812,678.25,728100.0,665.3914978027344,714.3316660563152,706.8379170735677,
2015-09-21,688.9000244140625,689.219970703125,683.4199829101562,685.3499755859375,717600.0,669.1699981689453,713.3049997965495,707.1580006917318,
2015-09-22,693.6699829101562,694.0900268554688,689.0499877929688,691.4600219726562,931000.0,671.581997680664,712.648833211263,707.5200007120768,
2015-09-23,680.280029296875,692.0700073242188,680.280029296875,688.52001953125,1028000.0,672.2239990234375,711.6156667073568,707.7675842285156,
2015-09-24,683.8800048828125,687.22998046875,682.6199951171875,686.0999755859375,869000.0,672.7324981689453,710.3358337402344,707.9829177856445,
2015-09-25,682.7000122070312,685.7999877929688,676.8400268554688,685.469970703125,636100.0,672.4694976806641,708.9030008951823,708.1541676839192,
2015-09-30,678.47998046875,678.5,668.5800170898438,673.4299926757812,814900.0,672.0379974365235,707.3900004069011,708.2512507120769,
2015-10-01,684.7899780273438,686.6799926757812,684.1199951171875,685.8900146484375,832200.0,672.6304962158204,706.2696665445964,708.3909169514974,
2015-10-02,686.4199829101562,688.8300170898438,685.1099853515625,688.0399780273438,694100.0,673.0504943847657,705.5493326822917,708.4697499593099,
2015-10-05,691.1900024414062,694.489990234375,691.1900024414062,693.5399780273438,654200.0,673.6974945068359,704.9654998779297,708.5461664835613,
2015-10-06,689.0599975585938,697.1699829101562,688.530029296875,697.1699829101562,843000.0,675.6279937744141,704.3496663411458,708.5434163411459,
2015-10-07,679.8300170898438,690.3499755859375,678.8800048828125,690.2899780273438,791100.0,677.1794952392578,703.5015004475912,708.5005833943685,
2015-10-08,674.969970703125,685.2899780273438,670.2999877929688,684.469970703125,686100.0,679.0169952392578,702.259999593099,708.3383331298828,
2015-10-12,672.9600219726562,677.5800170898438,672.5700073242188,677.4500122070312,508000.0,679.6314971923828,700.8573333740235,708.1270833333333,
2015-10-13,672.8200073242188,676.739990234375,669.52001953125,674.3900146484375,735500.0,679.8579986572265,699.3778330485026,707.8430831909179,
2015-10-14,668.9199829101562,673.4299926757812,668.030029296875,673.1599731445312,690400.0,679.810498046875,697.6198323567709,707.5260828653971,
2015-10-15,676.0499877929688,676.0599975585938,669.3499755859375,669.5399780273438,744000.0,680.4689971923829,696.0001658121745,707.2054992675781,
2015-10-16,681.72998046875,683.3699951171875,680.72998046875,681.010009765625,764500.0,681.2179962158203,694.3183319091797,707.0254155476888,
2015-10-19,684.2899780273438,685.3400268554688,682.47998046875,685.2000122070312,920600.0,681.60849609375,692.6899983723958,706.9571655273437,
2015-10-20,691.2100219726562,691.2100219726562,684.6099853515625,685.75,779900.0,682.6164978027343,691.2673319498698,706.9610824584961,
2015-10-21,686.5,693.0599975585938,686.5,692.77001953125,949600.0,682.4324981689454,689.7591654459635,706.8536656697592,
2015-10-22,676.2999877929688,686.02001953125,675.6900024414062,686.010009765625,934800.0,681.8024963378906,688.0931650797526,706.6829157511394,
2015-10-23,681.969970703125,683.489990234375,680.6099853515625,682.75,1041700.0,681.217495727539,686.9419982910156,706.5685821533203,
2015-10-26,690.72998046875,690.8499755859375,685.8800048828125,687.010009765625,722300.0,681.7399932861329,686.0334981282552,706.582915242513,
2015-10-27,688.3200073242188,693.0,687.6799926757812,691.7999877929688,653300.0,681.9619934082032,685.3309987386068,706.669748433431,
2015-10-28,693.530029296875,693.9500122070312,686.9600219726562,689.9000244140625,711500.0,682.5034942626953,685.008832804362,706.8996653238933,
2015-10-29,690.6300048828125,696.469970703125,689.719970703125,696.27001953125,818200.0,683.1109954833985,684.434999593099,707.045915222168,
2015-10-30,683.6300048828125,692.4199829101562,681.719970703125,691.260009765625,757500.0,683.0529968261719,683.9231658935547,707.0620819091797,
2015-11-02,680.010009765625,684.9400024414062,679.8499755859375,683.5399780273438,668400.0,682.7324981689453,683.0894989013672,706.959748840332,
2015-11-03,682.1300048828125,685.3099975585938,678.4500122070312,684.280029296875,728400.0,682.2794982910157,682.1039988199869,706.9213322957356,
2015-11-04,686.1799926757812,686.1799926757812,680.5399780273438,683.97998046875,783700.0,682.135498046875,681.0779988606771,706.8709157307943,
2015-11-05,694.4299926757812,694.4299926757812,687.9000244140625,688.27001953125,765500.0,682.8654968261719,680.1269989013672,706.8305821736653,
2015-11-06,694.2100219726562,698.3900146484375,692.22998046875,697.5599975585938,771800.0,683.8274993896484,679.2581654866536,706.7373321533203,
2015-11-09,671.8400268554688,694.0599975585938,670.6599731445312,694.0599975585938,715400.0,683.7714996337891,678.2511657714844,706.4755823771159,
2015-11-10,656.7000122070312,667.25,650.5599975585938,667.1400146484375,680000.0,682.9654998779297,677.242832438151,706.05816599528,
2015-11-11,667.2100219726562,667.4500122070312,657.6599731445312,657.6599731445312,634900.0,682.8800018310546,676.1736663818359,705.6686660766602,
2015-11-12,672.989990234375,674.8300170898438,670.5999755859375,670.5999755859375,618900.0,682.727001953125,675.3566660563151,705.313249206543,
2015-11-13,670.52001953125,670.760009765625,664.6699829101562,667.5800170898438,763400.0,682.16650390625,674.8686665852864,704.9547495524089,
2015-11-16,659.2000122070312,665.27001953125,656.969970703125,659.4000244140625,635000.0,680.9120056152344,674.6795003255208,704.542583211263,
2015-11-17,672.1699829101562,672.4000244140625,666.8099975585938,666.9000244140625,753600.0,679.9600036621093,674.9371663411458,704.317416381836,
2015-11-18,670.6699829101562,676.7000122070312,670.6699829101562,673.8699951171875,992800.0,679.1685028076172,675.6641662597656,703.9979161580403,
2015-11-19,680.5700073242188,680.5700073242188,675.510009765625,678.969970703125,856900.0,679.3820037841797,676.7848327636718,703.7410827636719,
2015-11-20,685.1599731445312,685.6699829101562,680.8699951171875,681.97998046875,861700.0,679.54150390625,677.4469991048177,703.4863327026367,
2015-11-23,688.2899780273438,689.1099853515625,686.239990234375,688.239990234375,669700.0,679.4195037841797,677.7944986979167,703.3489990234375,
2015-11-24,687.8599853515625,689.5700073242188,686.6900024414062,688.9400024414062,823500.0,679.3965026855469,678.0303314208984,703.2730824788412,
2015-11-25,688.780029296875,690.25,687.5,689.4099731445312,864200.0,679.1590026855469,678.0439982096354,703.1415827433268,
2015-11-26,693.4199829101562,694.3800048828125,691.5700073242188,691.6699829101562,786600.0,679.2985015869141,678.1491648356119,703.0261657714843,
2015-11-27,694.2100219726562,698.1799926757812,692.72998046875,696.8900146484375,769700.0,679.8275024414063,678.5036651611329,702.8409993489583,
2015-11-30,688.3800048828125,695.8099975585938,683.52001953125,695.6900024414062,638900.0,680.2460021972656,678.6763315836589,702.5565826416016,
2015-12-01,691.9500122070312,692.1099853515625,687.969970703125,690.489990234375,668600.0,680.7370025634766,678.9046651204427,702.3375829060873,
2015-12-02,690.3200073242188,695.2000122070312,690.3200073242188,694.780029296875,786500.0,680.9440032958985,679.5691650390625,702.1152496337891,
2015-12-03,690.77001953125,690.969970703125,683.7899780273438,688.52001953125,770200.0,680.7610046386719,680.2686655680338,701.934999593099,
2015-12-04,685.77001953125,688.9500122070312,683.1400146484375,683.469970703125,776600.0,680.3390045166016,681.061166381836,701.7676666259765,
2015-12-07,683.3400268554688,691.47998046875,683.3400268554688,691.3499755859375,695500.0,680.9140045166016,681.4390004475912,701.5764999389648,
2015-12-08,668.4199829101562,683.6199951171875,666.3099975585938,682.72998046875,717600.0,681.5000030517579,681.4411671956381,701.1582499186198,
2015-12-09,664.0800170898438,671.260009765625,664.0800170898438,668.1699829101562,854100.0,681.3435028076171,681.344667561849,700.6489166259765,
2015-12-10,658.0800170898438,666.3400268554688,652.0599975585938,663.6900024414062,993300.0,680.5980041503906,681.2646677652995,700.0502502441407,
2015-12-11,653.47998046875,661.989990234375,651.3499755859375,660.8699951171875,811900.0,679.7460021972656,681.043500773112,699.3741668701172,
2015-12-14,630.3699951171875,642.97998046875,630.3699951171875,642.97998046875,628100.0,678.3045013427734,680.2750010172526,698.4620834350586,
2015-12-15,639.780029296875,640.239990234375,633.3200073242188,634.4000244140625,605000.0,676.6850036621094,679.7538350423177,697.571750386556,691.1443008422851
2015-12-16,647.27001953125,650.5499877929688,646.4500122070312,646.75,652600.0,675.515005493164,679.0386688232422,696.6851674397786,691.2716009521484
2015-12-17,658.1099853515625,658.1500244140625,649.4400024414062,653.9199829101562,623200.0,674.3920043945312,678.5255015055338,695.9152506510417,691.433950805664
2015-12-18,667.4500122070312,667.4500122070312,652.97998046875,654.3599853515625,592700.0,673.5065063476562,678.0885019938152,695.3686676025391,691.6194509887696
2015-12-21,668.6500244140625,669.25,665.530029296875,665.6199951171875,540200.0,672.5245086669922,677.8946685791016,694.7551676432291,691.805551147461
2015-12-22,663.4199829101562,671.3900146484375,661.52001953125,671.3900146484375,695100.0,671.3025085449219,677.5536682128907,693.9447509765625,691.9434509277344
2015-12-23,659.5999755859375,665.8900146484375,659.5800170898438,665.8900146484375,778700.0,669.843505859375,677.168667602539,693.0358342488606,692.0951507568359
2015-12-24,656.530029296875,663.1699829101562,656.530029296875,662.8300170898438,671300.0,667.9990081787109,676.8028350830078,692.0964177449545,692.2678509521485
2015-12-28,652.0499877929688,658.25,651.6300048828125,657.5700073242188,596000.0,665.8910064697266,676.2571685791015,691.263417561849,692.4300509643555
2015-12-29,673.219970703125,673.22998046875,656.8200073242188,656.8200073242188,558700.0,665.1330047607422,676.037168375651,690.7932505289714,692.6554006958008
2015-12-30,682.3499755859375,683.3400268554688,674.8699951171875,677.0800170898438,512400.0,664.6530029296875,675.8898345947266,690.4276672363281,692.8959005737305
2016-01-04,677.7899780273438,691.5599975585938,677.7899780273438,686.4099731445312,502700.0,664.0265014648437,675.7020009358724,690.0258336385091,693.1078503417968
2016-01-05,684.0700073242188,684.0700073242188,670.4400024414062,670.4500122070312,741700.0,663.6915008544922,675.7726674397786,689.6370839436848,693.3479504394531
2016-01-06,687.27001953125,689.1099853515625,675.47998046875,687.0,747600.0,663.7665008544922,675.9776682535808,689.1188339233398,693.6393505859374
2016-01-07,679.6599731445312,690.6500244140625,675.010009765625,687.5,692100.0,663.5824981689453,676.0893341064453,688.4733337402344,693.8786004638672
2016-01-08,682.5599975585938,682.5599975585938,662.280029296875,668.030029296875,710700.0,664.2894989013672,676.2516672770182,687.8147501627604,694.0910003662109
2016-01-11,674.9600219726562,685.6400146484375,674.0999755859375,681.6199951171875,586400.0,664.8334991455079,676.3523345947266,686.9860834757487,694.2643505859374
2016-01-12,671.2999877929688,682.260009765625,671.22998046875,679.0999755859375,575200.0,665.494497680664,676.2731679280599,686.1366668701172,694.4115005493164
2016-01-13,686.030029296875,686.030029296875,677.3499755859375,677.3499755859375,729700.0,667.1220001220703,676.3448354085286,685.3315836588541,694.5864007568359
2016-01-14,683.1900024414062,683.489990234375,674.2899780273438,675.8599853515625,561200.0,669.7630004882812,676.3265024820963,684.5082504272461,694.7897006225586
2016-01-15,678.4299926757812,693.5499877929688,676.530029296875,693.0700073242188,595800.0,671.6954986572266,676.1135019938151,683.6904169718424,694.9812506103516
2016-01-18,683.6300048828125,683.8699951171875,671.9600219726562,671.9600219726562,542400.0,673.5134979248047,676.0656687418619,682.9124170939127,695.1657006835937
2016-01-19,681.25,685.2000122070312,674.9299926757812,683.219970703125,605500.0,674.6704986572265,676.1481689453125,682.1206670125325,695.3195007324218
2016-01-20,669.6799926757812,685.6199951171875,659.719970703125,684.6900024414062,752800.0,674.7819976806641,675.9433359781901,681.4426671346029,695.416750793457
2016-01-21,665.8400268554688,673.8400268554688,661.22998046875,671.3699951171875,578100.0,674.6414978027344,675.5285034179688,680.7810007731119,695.4931008911133
2016-01-22,670.9500122070312,673.719970703125,662.8099975585938,672.1300048828125,552200.0,675.0179992675781,675.239003499349,680.2850011189779,695.5576510620117
2016-01-25,681.4299926757812,681.8499755859375,675.239990234375,677.1400146484375,463200.0,676.1095001220704,675.0373362223307,680.0230845133464,695.6540509033204
2016-01-26,678.8499755859375,682.4000244140625,677.2899780273438,679.0999755859375,526900.0,677.2254974365235,674.8410024007161,679.6380009969075,695.7141506958008
2016-01-27,675.25,684.8400268554688,673.2100219726562,683.75,636700.0,678.385498046875,674.7013356526693,679.3122507731119,695.7502505493164
2016-01-28,681.2899780273438,681.52001953125,672.6599731445312,675.5599975585938,601900.0,678.7889984130859,674.7226684570312,678.9060836791992,695.7719003295898
2016-01-29,682.7999877929688,683.760009765625,677.0700073242188,683.760009765625,579400.0,678.8114990234375,674.7338348388672,678.4189168294271,695.7758001708985
2016-02-01,685.5499877929688,688.1500244140625,681.9000244140625,687.6500244140625,450200.0,679.1994995117187,674.723334757487,677.900666809082,695.7566000366211
2016-02-02,684.8599853515625,686.969970703125,683.1400146484375,685.6799926757812,553700.0,679.2389984130859,674.5638346354167,677.3454167683919,695.7560501098633
2016-02-03,680.9400024414062,684.1599731445312,676.739990234375,681.9500122070312,488900.0,678.9224975585937,674.3426676432292,676.8004165649414,695.6885501098633
2016-02-04,683.6199951171875,684.7100219726562,678.469970703125,683.5700073242188,537000.0,679.1204986572266,674.5390004475911,676.3950831095377,695.6151000976563
2016-02-05,681.3099975585938,684.4299926757812,680.2000122070312,683.4299926757812,511600.0,679.0579986572266,674.9491668701172,676.0959996541341,695.4871499633789
2016-02-11,647.6900024414062,666.989990234375,647.6799926757812,665.7000122070312,526100.0,677.6944976806641,674.623833211263,675.3987497965495,695.1907998657226
2016-02-12,608.4500122070312,640.9299926757812,594.75,639.3300170898438,731100.0,674.5519989013671,673.5481669108073,674.4524164835613,694.6604498291016
2016-02-15,621.3699951171875,621.72998046875,609.3099975585938,617.0599975585938,544900.0,671.3189971923828,672.7289998372396,673.7988332112631,694.2505996704101
2016-02-16,634.9500122070312,635.989990234375,626.8499755859375,626.8499755859375,494000.0,668.9069976806641,672.3248331705729,673.5021667480469,693.9629498291016
2016-02-17,623.489990234375,638.969970703125,623.1300048828125,637.25,520300.0,666.1599975585938,671.5134999593099,673.2253331502278,693.6266998291015
2016-02-18,638.4299926757812,638.4299926757812,633.2899780273438,633.4400024414062,492300.0,663.8999969482422,670.976166788737,673.3201665242512,693.3218997192383
2016-02-19,644.5599975585938,645.02001953125,637.1199951171875,638.7999877929688,445700.0,662.0654968261719,670.3759999593099,673.5804163614908,693.0607498168945
2016-02-22,650.1400146484375,651.1300048828125,644.1500244140625,646.3499755859375,527900.0,661.0884979248046,669.792333984375,673.6196665445964,692.8329998779296
2016-02-23,642.3099975585938,655.219970703125,641.5599975585938,655.0800170898438,686700.0,659.911996459961,669.0260009765625,673.4102498372396,692.5994998168945
2016-02-24,643.97998046875,647.3900146484375,639.5399780273438,640.75,583800.0,658.5634948730469,668.294667561849,673.1624994913738,692.429899597168
2016-02-25,646.27001953125,650.5800170898438,644.0599975585938,648.5800170898438,570000.0,656.8054962158203,667.5861673990886,672.815082804362,692.3315496826172
2016-02-26,649.2999877929688,651.0900268554688,647.030029296875,649.3300170898438,459500.0,655.3279968261719,666.8508341471354,672.4999994913737,692.2126495361329
2016-02-29,651.6199951171875,652.8699951171875,648.0700073242188,652.260009765625,575200.0,654.1464965820312,666.141000366211,672.3223327636719,692.0622994995117
2016-03-02,662.25,662.3099975585938,658.6400146484375,658.9500122070312,518400.0,653.1944976806641,665.7055002848307,672.1909159342448,691.912099609375
2016-03-03,669.010009765625,669.0999755859375,660.7899780273438,664.9400024414062,543400.0,652.5049987792969,665.3231669108073,672.113916015625,691.8234497070313
2016-03-04,673.8400268554688,674.6900024414062,668.989990234375,670.4400024414062,531800.0,651.9195007324219,665.0485005696614,672.3088328043619,691.7314999389648
2016-03-07,672.2100219726562,678.9500122070312,671.3400268554688,677.3099975585938,546300.0,651.2870025634766,664.7391672770183,672.503916422526,691.5961999511719
2016-03-08,674.3200073242188,677.0599975585938,666.2999877929688,675.0700073242188,554600.0,650.9560028076172,664.5483337402344,672.8047500610352,691.4407998657226
2016-03-09,679.6400146484375,680.530029296875,673.6199951171875,673.9299926757812,452100.0,650.7570037841797,664.4866668701172,672.9628336588542,691.3227499389649
2016-03-10,687.5999755859375,687.5999755859375,682.2999877929688,682.2999877929688,534800.0,651.0715026855469,664.8063334147135,673.1237503051758,691.2267999267578
2016-03-11,689.1699829101562,689.52001953125,686.0900268554688,686.3300170898438,506100.0,653.1455017089844,665.2244995117187,673.2845835367839,691.1028997802734
2016-03-14,691.0499877929688,696.1099853515625,691.0499877929688,693.0599975585938,475200.0,657.2755004882813,665.7739990234375,673.5193333943685,690.979949645996
2016-03-15,693.3400268554688,697.9099731445312,692.6099853515625,692.780029296875,571500.0,660.8740020751953,666.4383331298828,673.7409169514974,690.8789498901367
2016-03-16,693.4400024414062,699.7100219726562,691.989990234375,694.4500122070312,594100.0,663.7985015869141,667.4894999186198,673.8822504679362,690.8028500366211
2016-03-17,691.489990234375,699.760009765625,691.3200073242188,698.77001953125,632400.0,667.1985015869141,668.3513326009114,674.0525838216146,690.7643499755859
2016-03-18,695.02001953125,695.5900268554688,692.4199829101562,694.8599853515625,699000.0,670.0280029296875,669.1471659342448,674.0929173787434,690.6944000244141
2016-03-21,692.4199829101562,698.8800048828125,691.5499877929688,698.5900268554688,638800.0,672.4210021972656,669.7189992268881,674.1222503662109,690.5995498657227
2016-03-22,691.510009765625,694.9600219726562,689.7999877929688,694.27001953125,679100.0,674.489501953125,670.1199991861979,674.1042505900065,690.4784500122071
2016-03-23,689.3900146484375,693.469970703125,689.3900146484375,692.5599975585938,705700.0,676.8435028076171,670.4656656901042,674.1801671346028,690.4015499877929
2016-03-24,686.260009765625,691.030029296875,686.1099853515625,689.8699951171875,678700.0,678.9575042724609,670.846332804362,674.2000005086263,690.3480001831055
2016-03-25,683.2000122070312,688.8099975585938,682.780029296875,688.2999877929688,657700.0,680.80400390625,671.2396667480468,674.2041671752929,690.2412002563476
2016-03-28,676.510009765625,685.4600219726562,676.280029296875,685.0599975585938,649000.0,682.1645050048828,671.572666422526,674.1877507527669,690.0874002075195
2016-03-29,686.5,686.5,678.719970703125,678.75,666700.0,683.9085052490234,672.1468332926432,674.2020009358724,689.9377502441406
2016-03-30,691.1300048828125,692.1699829101562,690.0399780273438,690.8499755859375,697600.0,685.352505493164,672.4453338623047,674.2412511189779,689.7808502197265
2016-03-31,688.3800048828125,693.1300048828125,687.0900268554688,693.02001953125,642700.0,686.3210052490234,672.5458343505859,674.2178344726562,689.6316003417969
2016-04-01,690.6900024414062,694.97998046875,689.0499877929688,690.1799926757812,556900.0,687.1635040283203,672.760834757487,674.2314178466797,689.5000503540039
2016-04-04,696.97998046875,697.0,692.72998046875,693.7999877929688,551800.0,688.402001953125,672.9760009765625,674.3743342081706,689.4229501342774
2016-04-05,695.7000122070312,698.2999877929688,693.0499877929688,698.2999877929688,584200.0,689.4710021972656,673.1165008544922,674.5470845540365,689.3722003173829
2016-04-06,694.030029296875,697.1099853515625,692.8200073242188,697.1099853515625,642700.0,690.1905029296875,673.3560017903645,674.7226679484049,689.3109503173828
2016-04-07,697.1300048828125,697.72998046875,695.47998046875,696.9099731445312,690100.0,690.6670043945312,673.5988352457682,674.9252512613932,689.2035504150391
2016-04-08,697.0999755859375,697.280029296875,695.0499877929688,696.469970703125,631400.0,691.0635040283203,673.9678344726562,675.1600845336914,689.0630502319336
2016-04-11,693.010009765625,700.3599853515625,693.010009765625,700.0399780273438,558300.0,691.1615051269531,674.3296681722005,675.3014180501302,688.8785003662109
2016-04-12,693.4500122070312,695.219970703125,691.52001953125,693.7999877929688,635400.0,691.1670043945312,674.4533345540365,675.3990849812825,688.6727005004883
2016-04-14,693.4199829101562,698.260009765625,691.6500244140625,698.030029296875,704000.0,691.1660034179688,674.6238342285156,675.475168355306,688.440700378418
2016-04-15,695.6199951171875,697.0,693.7999877929688,696.3699951171875,693600.0,691.3725036621094,674.9103342692057,675.5119181315105,688.185700378418
2016-04-18,695.3400268554688,695.97998046875,693.0,695.780029296875,706800.0,691.3885040283203,675.1055013020833,675.5855850219726,687.8941006469727
2016-04-19,701.6799926757812,701.7999877929688,696.219970703125,697.3099975585938,684100.0,691.8515045166016,675.446001180013,675.7970850626627,687.6500006103515
2016-04-20,699.8599853515625,704.4400024414062,699.8499755859375,703.5499877929688,737300.0,692.2690032958984,675.9490010579427,675.9461685180664,687.4841006469727
2016-04-21,701.6199951171875,702.3200073242188,698.3900146484375,702.2100219726562,834100.0,692.880502319336,676.5453338623047,676.0369186401367,687.2808505249023
2016-04-22,703.0499877929688,703.8900146484375,700.97998046875,702.9000244140625,702700.0,693.7200012207031,677.0803334554037,676.1596684773763,686.9927505493164
2016-04-25,703.7000122070312,705.4400024414062,702.4199829101562,705.3699951171875,700200.0,694.7450012207031,677.4515004475911,676.244418334961,686.6679006958008
2016-04-26,702.0599975585938,705.510009765625,700.760009765625,705.510009765625,778200.0,696.0225006103516,677.8383341471355,676.3396682739258,686.3319006347656
2016-04-27,699.52001953125,704.5900268554688,699.4099731445312,704.4199829101562,757000.0,696.6735015869141,678.2428344726562,676.4720850626628,686.0694506835938
2016-04-28,699.7000122070312,703.9500122070312,699.6799926757812,702.0399780273438,665300.0,697.102001953125,678.5496683756511,676.6361684163411,685.9197506713867
2016-04-29,699.77001953125,700.1400146484375,695.8200073242188,699.8900146484375,645800.0,697.6715026855469,678.8325022379557,676.7831685384115,685.7875009155273
2016-05-02,690.27001953125,700.739990234375,690.27001953125,700.4299926757812,681200.0,697.650503540039,678.9111694335937,676.8172520955403,685.6088009643555
2016-05-03,698.6599731445312,699.239990234375,693.6699829101562,693.6699829101562,819100.0,697.7345031738281,679.1411692301432,676.85250193278,685.4485009765625
2016-05-04,694.1699829101562,698.2999877929688,693.25,698.02001953125,826600.0,697.6580017089843,679.3616689046224,676.8521682739258,685.17205078125
2016-05-09,691.8200073242188,697.1400146484375,690.8499755859375,696.6599731445312,630400.0,697.5475006103516,679.4983357747395,677.0186681111653,684.8455508422852
2016-05-10,700.22998046875,700.530029296875,693.4400024414062,693.469970703125,570000.0,697.7024993896484,679.8136688232422,677.3814178466797,684.5387506103516
2016-05-11,703.9400024414062,704.530029296875,701.2899780273438,704.3200073242188,637900.0,698.0445007324219,680.7511688232422,677.6875010172527,684.1864505004883
2016-05-12,705.0399780273438,706.489990234375,699.8699951171875,702.4600219726562,614200.0,698.6459991455079,682.3610015869141,677.9545842488607,683.8455004882812
2016-05-13,704.3699951171875,705.9199829101562,703.6500244140625,705.8499755859375,617600.0,699.1919982910156,683.7443349202474,678.2366673787435,683.454150390625
2016-05-16,701.4600219726562,705.0399780273438,701.25,705.030029296875,660200.0,699.5940002441406,684.8528350830078,678.5888341267904,683.0515005493164
2016-05-17,695.9500122070312,703.239990234375,693.0700073242188,703.0800170898438,712200.0,699.6105010986328,686.0605021158855,678.7870010375976,682.6484005737304
2016-05-18,683.8699951171875,694.9000244140625,683.8099975585938,694.9000244140625,697200.0,699.0369995117187,686.8178354899088,678.8970011393229,682.1828005981446
2016-05-19,679.3900146484375,686.6099853515625,678.47998046875,685.3599853515625,748900.0,697.9225006103516,687.3983357747396,678.8871678670247,681.6984506225585
2016-05-20,684.9199829101562,686.4400024414062,679.6500244140625,679.6500244140625,798500.0,697.1755004882813,687.9780019124349,678.885167948405,681.3678506469727
2016-05-23,691.0,691.6799926757812,688.530029296875,688.8699951171875,727500.0,696.6445007324219,688.789501953125,678.9077514648437,681.0966506958008
2016-05-24,687.7100219726562,692.0499877929688,686.8699951171875,691.9199829101562,901400.0,695.8775024414062,689.5183359781901,678.9065017700195,680.8828509521485
2016-05-25,689.3300170898438,693.6500244140625,688.0,693.6500244140625,1000700.0,695.1590026855469,690.2360026041666,678.9110850016276,680.7652011108398
2016-05-26,687.9400024414062,692.6400146484375,686.6199951171875,691.9000244140625,831800.0,694.4530029296875,690.8800028483073,678.8654184977214,680.5796011352539
2016-05-27,691.5399780273438,692.02001953125,688.8099975585938,689.9600219726562,710900.0,694.0540008544922,691.5453358968099,678.8431681315104,680.4656008911132
2016-05-30,692.0599975585938,694.3400268554688,689.9299926757812,694.0,689100.0,693.6720001220704,692.0421691894531,678.8738347371419,680.2757507324219
2016-05-31,698.4500122070312,698.4500122070312,691.9299926757812,692.8200073242188,672800.0,693.6059997558593,692.5328358968098,678.9280014038086,680.0617007446289
2016-06-01,700.030029296875,700.6300048828125,698.760009765625,699.489990234375,711400.0,694.0940002441406,692.9693359375,679.0089182535808,679.8231509399415
2016-06-02,701.1500244140625,702.4099731445312,699.0599975585938,702.260009765625,853800.0,694.2185028076171,693.4516693115235,679.0954182942709,679.5714511108398
2016-06-03,701.4299926757812,703.5,698.7899780273438,703.4400024414062,889700.0,694.5815032958984,693.9035024007161,679.2259180704752,679.3469009399414
2016-06-07,704.77001953125,705.8200073242188,703.5499877929688,703.8200073242188,774300.0,695.22900390625,694.3223358154297,679.4045013427734,679.2094509887695
2016-06-08,703.989990234375,705.6900024414062,702.3900146484375,705.6900024414062,826100.0,695.4170043945312,694.595502726237,679.7009180704753,679.1434008789063
2016-06-09,705.0800170898438,707.8099975585938,696.530029296875,706.3200073242188,1162800.0,695.4740051269531,694.8606699625651,680.042584737142,679.0120010375977
2016-06-10,706.8099975585938,707.1099853515625,703.5499877929688,705.3099975585938,990000.0,695.5625061035156,695.1233367919922,680.4486679077148,678.9360009765625
2016-06-13,695.6099853515625,702.5800170898438,695.6099853515625,702.5800170898438,820600.0,695.1245056152344,695.1611694335937,680.7997512817383,678.9150509643555
2016-06-14,692.9400024414062,697.239990234375,687.5599975585938,693.5999755859375,810200.0,694.6985046386719,695.1528361002604,681.3211680094402,679.0270010375976
2016-06-15,694.6599731445312,696.7899780273438,687.6799926757812,693.239990234375,869200.0,694.6340026855469,695.205669148763,681.7785008748373,679.216750793457
2016-06-16,680.25,697.6300048828125,677.8200073242188,697.27001953125,1175500.0,694.4530029296875,694.9595021565755,682.0533340454101,679.4827508544922
2016-06-17,678.8599853515625,687.219970703125,674.8200073242188,685.1500244140625,1246000.0,694.4265014648438,694.7335021972656,682.2262507120769,679.8104006958008
2016-06-20,688.9500122070312,689.1099853515625,682.9099731445312,682.9099731445312,1009300.0,694.6280029296875,694.6908355712891,682.4054173787434,680.0280007934571
2016-06-21,688.5499877929688,691.8499755859375,685.3499755859375,691.5399780273438,952800.0,694.505502319336,694.676835123698,682.5712504069011,680.1335507202149
2016-06-22,688.1799926757812,690.6300048828125,688.1799926757812,689.27001953125,998600.0,694.5290008544922,694.7088348388672,682.7775838216146,680.2059005737304
2016-06-23,679.52001953125,686.4500122070312,674.0399780273438,686.3599853515625,1028600.0,694.0385009765625,694.6475016276041,682.9435841878255,680.1637005615235
2016-06-24,647.1599731445312,688.1199951171875,631.1799926757812,687.4000244140625,1590700.0,691.9994995117188,694.158334350586,682.8655003865559,679.9639505004883
2016-06-27,648.1199951171875,650.6099853515625,626.989990234375,629.2100219726562,1008400.0,689.828500366211,693.518667602539,682.8327504475911,679.8398504638672
2016-06-28,659.2999877929688,660.030029296875,641.1699829101562,643.0599975585938,1090600.0,688.1904998779297,692.9881673177083,682.7167505900065,679.7462503051757
2016-06-29,669.8800048828125,672.1099853515625,664.6900024414062,666.72998046875,926800.0,686.7619995117187,692.679833984375,682.6128341674805,679.7044003295898
2016-06-30,675.0900268554688,676.530029296875,673.1099853515625,675.4000244140625,940000.0,685.5149993896484,692.419834391276,682.5903345743815,679.827600402832
2016-07-01,684.260009765625,684.8200073242188,679.2100219726562,679.2100219726562,880700.0,684.6704986572265,692.2078348795573,682.5919179280598,680.0049005126953
2016-07-04,688.1500244140625,688.2000122070312,685.27001953125,688.0,975900.0,684.0065002441406,692.0820017496745,682.5992513020833,680.25455078125
2016-07-05,692.72998046875,692.7999877929688,687.0,690.1099853515625,913000.0,683.4044982910157,692.0603342692058,682.7081680297852,680.4148507690429
2016-07-06,685.510009765625,692.8800048828125,680.3200073242188,691.4199829101562,1218200.0,682.4804992675781,691.8666676839192,682.7327514648438,680.5009509277344
2016-07-07,695.9500122070312,696.1799926757812,689.9099731445312,689.9099731445312,989500.0,682.0239990234375,691.8475016276042,682.9076680501302,680.6313510131836
2016-07-08,692.5999755859375,698.6900024414062,688.8099975585938,698.6099853515625,860500.0,681.3134979248047,691.8406677246094,683.085167948405,680.7799508666992
2016-07-11,697.25,697.260009765625,692.75,695.4600219726562,669100.0,681.3954986572265,691.9040008544922,683.1786677042643,680.9324508666992
2016-07-12,699.4000244140625,700.8200073242188,696.3800048828125,700.0900268554688,772800.0,681.7184997558594,692.0036682128906,683.3137512207031,681.0470510864258
2016-07-13,702.6500244140625,704.6900024414062,702.0399780273438,703.530029296875,1062800.0,682.1180023193359,692.1208353678386,683.5155848185221,681.2050512695313
2016-07-14,703.3400268554688,704.1300048828125,699.030029296875,704.1300048828125,1096400.0,683.2725036621093,692.2541687011719,683.6798350016276,681.2708514404297
2016-07-15,700.280029296875,706.2100219726562,699.239990234375,706.2100219726562,1125900.0,684.343505859375,692.2308359781902,683.8384185791016,681.3277514648438
2016-07-18,700.9000244140625,702.1699829101562,698.6900024414062,701.9500122070312,898000.0,684.9410064697265,692.2481699625652,684.0985855102539,681.3639016723632
2016-07-19,702.4400024414062,703.97998046875,700.8300170898438,703.4099731445312,1056500.0,685.6355072021485,692.2618367513021,684.4035853068034,681.4747015380859
2016-07-20,705.030029296875,705.3499755859375,703.2000122070312,704.02001953125,922400.0,686.4780090332031,692.2948374430339,684.6875854492188,681.5804516601562
2016-07-21,708.1199951171875,709.8900146484375,707.8200073242188,708.7000122070312,959600.0,687.9080078125,692.3685038248698,684.9100021362304,681.707551574707
2016-07-22,707.5399780273438,708.8900146484375,706.1599731445312,708.8900146484375,1134400.0,690.9270080566406,692.4598368326823,685.1490854899089,681.8528515625
2016-07-25,704.9600219726562,710.4199829101562,704.8300170898438,710.2100219726562,896600.0,693.769009399414,692.550503540039,685.3966690063477,681.9537017822265
2016-07-26,705.4000244140625,705.989990234375,702.97998046875,705.7999877929688,1006800.0,696.0740112304687,692.6455037434896,685.5975860595703,682.0486019897461
2016-07-27,701.0900268554688,708.0999755859375,700.9400024414062,707.27001953125,774200.0,697.6345123291015,692.6675038655599,685.7500030517579,682.0981021118164
2016-07-28,703.780029296875,705.22998046875,701.1599731445312,702.9400024414062,789200.0,699.0690124511718,692.892670694987,685.9019200642904,682.1717022705078
2016-07-29,706.239990234375,706.8300170898438,705.1300048828125,705.3900146484375,757900.0,700.1680114746093,693.0190043131511,686.0800867716472,682.3037521362305
2016-08-01,703.719970703125,708.9400024414062,703.719970703125,708.8400268554688,693900.0,700.9465087890625,693.1781707763672,686.2699198404948,682.4475021362305
2016-08-02,700.9000244140625,704.5599975585938,700.3200073242188,704.25,725700.0,701.3550109863281,693.3295043945312,686.4139200846354,682.5872021484375
2016-08-03,698.3200073242188,700.4299926757812,694.8800048828125,700.4000244140625,738000.0,701.9955108642578,693.2976715087891,686.5556701660156,682.7147021484375
2016-08-04,701.6699829101562,703.719970703125,700.9500122070312,701.2000122070312,687600.0,702.2815093994141,693.2598378499349,687.0055033365885,682.8784521484375
2016-08-05,696.0900268554688,704.030029296875,694.489990234375,703.8699951171875,638400.0,702.4560119628907,693.1106719970703,687.7358367919921,682.97865234375
2016-08-08,696.4299926757812,698.7999877929688,694.3599853515625,698.6699829101562,588300.0,702.4150115966797,692.9783386230469,688.3613367716472,683.0521524047851
2016-08-09,700.72998046875,701.9299926757812,697.4199829101562,697.8599853515625,638800.0,702.4815093994141,692.9661712646484,688.9095031738282,683.1343524169922
2016-08-10,707.4600219726562,707.9400024414062,702.3900146484375,703.739990234375,662900.0,702.7220092773438,693.1580047607422,689.6092534383138,683.2156024169922
2016-08-11,703.3300170898438,709.6699829101562,702.5599975585938,709.2999877929688,708200.0,702.7215087890625,693.4823384602864,690.1500869750977,683.2997525024414
2016-08-12,705.1799926757812,705.5,702.8699951171875,705.219970703125,698300.0,702.9665069580078,693.9121714274089,690.6552536010743,683.4441525268554
2016-08-16,698.8699951171875,706.4000244140625,698.8699951171875,706.4000244140625,567600.0,702.8650054931641,694.1446716308594,691.0613367716471,683.5286526489258
2016-08-17,693.6699829101562,698.02001953125,688.1400146484375,697.97998046875,641500.0,702.4265045166015,694.1891713460286,691.4893366495768,683.5433526611328
2016-08-18,696.9299926757812,697.6500244140625,695.1300048828125,696.9400024414062,624400.0,702.0215026855469,694.3428375244141,691.930586751302,683.5864025878906
2016-08-19,696.2000122070312,699.0499877929688,695.8699951171875,698.8699951171875,544300.0,701.425503540039,694.4573374430339,692.3466700236003,683.5997525024414
2016-08-22,688.1500244140625,697.5399780273438,688.1500244140625,697.5,629000.0,700.456005859375,694.4608378092448,692.670420328776,683.5873526000977
2016-08-23,687.3800048828125,692.1900024414062,687.3699951171875,688.6799926757812,663700.0,699.5770050048828,694.3915049235026,692.9684204101562,683.6061026000976
2016-08-24,687.780029296875,690.4400024414062,687.6099853515625,689.8599853515625,650900.0,698.6960052490234,694.3201721191406,693.1811706542969,683.6449526977539
2016-08-25,683.9600219726562,688.989990234375,683.8300170898438,688.7999877929688,645700.0,697.8395050048828,694.078672281901,693.3057540893554,683.6541027832031
2016-08-26,680.4299926757812,684.9199829101562,679.260009765625,684.9199829101562,727800.0,696.6720031738281,693.7520050048828,693.3606704711914,683.6253527832031
2016-08-29,663.5800170898438,679.1699829101562,663.530029296875,679.1599731445312,723200.0,694.5390045166016,693.1258382161458,693.2887537638346,683.4711029052735
2016-08-30,667.6099853515625,671.489990234375,665.5999755859375,667.2000122070312,591700.0,692.7335052490234,692.5621714274089,693.2328369140625,683.338102722168
2016-08-31,663.6900024414062,669.0499877929688,656.2100219726562,668.6300048828125,610800.0,690.8730041503907,691.8775044759115,693.0999201456706,683.2973526000976
2016-09-01,671.2899780273438,671.3699951171875,663.8599853515625,664.3300170898438,649800.0,689.5215026855469,691.3325042724609,692.9640034993489,683.3703024291992
2016-09-02,676.9099731445312,677.1599731445312,670.9600219726562,673.1599731445312,583000.0,688.2835021972656,690.863003540039,692.8618367513021,683.4188021850586
2016-09-05,679.489990234375,681.1400146484375,678.47998046875,680.02001953125,557800.0,687.453500366211,690.4076700846355,692.7655034383138,683.4513021850586
2016-09-06,679.260009765625,681.52001953125,677.8599853515625,681.1400146484375,746500.0,686.5950012207031,690.1351704915364,692.6481699625651,683.4950021362305
2016-09-07,672.489990234375,681.8900146484375,672.489990234375,681.010009765625,691600.0,685.1830017089844,689.7943369547526,692.4735865275065,683.5614520263672
2016-09-08,667.4000244140625,675.1500244140625,660.8400268554688,673.5999755859375,914900.0,683.1800018310547,689.3400044759114,692.2728368123372,683.5376022338867
2016-09-09,664.989990234375,667.4600219726562,659.6699829101562,667.4600219726562,747600.0,681.2630004882812,689.0856709798177,692.0225865681966,683.5092022705078
2016-09-12,652.9099731445312,660.4000244140625,652.9099731445312,654.489990234375,772600.0,678.6494995117188,688.6531707763672,691.6933364868164,683.3709020996093
2016-09-13,660.1500244140625,661.0599975585938,657.030029296875,659.47998046875,623100.0,676.7135009765625,688.1731709798177,691.4320032755534,683.245852355957
2016-09-19,666.6400146484375,666.760009765625,661.8099975585938,661.8099975585938,713200.0,675.3620025634766,687.8080047607422,691.2424199422201,683.1376025390625
2016-09-20,674.510009765625,674.7100219726562,666.77001953125,667.1599731445312,731400.0,674.2410034179687,687.5801717122396,691.1445032755533,683.0708526611328
2016-09-21,678.280029296875,678.3599853515625,675.7000122070312,676.5599975585938,893900.0,673.345004272461,687.5595052083333,691.1035034179688,683.0183526611328
2016-09-22,685.239990234375,685.8699951171875,682.1799926757812,682.9400024414062,946800.0,673.1995025634766,688.1941721598307,691.1762532552083,682.977452697754
2016-09-23,688.5900268554688,688.989990234375,685.2899780273438,687.1599731445312,793500.0,673.2600036621094,688.8686726888021,691.1936701456706,682.949352722168
2016-09-26,686.760009765625,690.5700073242188,686.75,688.8900146484375,774600.0,673.2090026855469,689.3263397216797,691.157253519694,682.941252746582
2016-09-27,687.989990234375,688.1099853515625,683.2899780273438,685.1500244140625,720800.0,673.4105010986328,689.6281728108723,691.1540033976237,682.9214526367188
2016-09-28,686.760009765625,690.1599731445312,686.760009765625,689.5999755859375,642900.0,673.727001953125,689.8226725260416,691.1212534586589,682.9036526489258
2016-09-29,689.8300170898438,690.4400024414062,688.4299926757812,689.3400268554688,743900.0,675.039501953125,689.9155059814453,691.0616704305013,682.8989526367187
2016-09-30,681.2100219726562,688.489990234375,680.0999755859375,688.489990234375,680600.0,675.7195037841797,689.7998392740885,690.9409205118815,682.8761526489258
2016-10-04,685.8800048828125,686.7999877929688,681.280029296875,682.3200073242188,533500.0,676.82900390625,689.6856730143229,690.8730036417643,682.8888525390626
2016-10-05,685.4400024414062,687.3300170898438,684.3699951171875,686.030029296875,587000.0,677.5365051269531,689.6845062255859,690.7755869547526,682.9739526367188
2016-10-06,684.3300170898438,687.9299926757812,684.1400146484375,686.6900024414062,640800.0,677.9075073242187,689.4908396402994,690.6691706339518,683.0752026367187
2016-10-07,675.9000244140625,686.239990234375,675.5999755859375,685.9600219726562,702700.0,677.7280090332031,689.2125071207682,690.5265874226887,683.1643026733399
2016-10-10,674.739990234375,678.7000122070312,674.0800170898438,676.02001953125,643600.0,677.5020080566406,688.8373402913411,690.3706705729167,683.270602722168
2016-10-11,670.6400146484375,677.2899780273438,669.219970703125,676.0900268554688,644500.0,677.4095092773438,688.3580067952474,690.180837504069,683.4719528198242
2016-10-12,669.9500122070312,672.1199951171875,667.9099731445312,668.0900268554688,594000.0,677.5370086669922,687.8130065917969,689.9669209798177,683.622802734375
2016-10-13,663.0900268554688,671.7999877929688,663.0,671.6900024414062,599600.0,677.4420104980469,687.1421732584636,689.6981709798177,683.7019027709961
2016-10-14,664.9199829101562,666.0399780273438,663.510009765625,664.4299926757812,608400.0,678.0425109863281,686.5528391520182,689.3918375651042,683.735952758789
2016-10-17,659.8300170898438,666.280029296875,659.1400146484375,666.260009765625,512000.0,678.0265106201172,685.868339029948,689.0582544962565,683.6978527832031
2016-10-18,660.2899780273438,662.3400268554688,658.5399780273438,660.5800170898438,524400.0,677.7090087890625,685.1658386230469,688.7138376871745,683.6560525512696
2016-10-19,661.260009765625,664.22998046875,660.6300048828125,662.4600219726562,527700.0,677.0465087890625,684.436338297526,688.3655878702799,683.6452526855469
2016-10-20,655.6799926757812,663.489990234375,655.02001953125,663.0599975585938,555900.0,675.9165069580079,683.5623382568359,687.9654210408529,683.6256527709961
2016-10-21,651.77001953125,656.989990234375,651.3699951171875,656.02001953125,506800.0,674.2430084228515,682.6328389485677,687.546337890625,683.601852722168
2016-10-24,647.8800048828125,654.7999877929688,647.3400268554688,654.010009765625,561100.0,672.2075073242188,681.6815053304036,687.1160044352214,683.5810028076172
2016-10-25,640.1699829101562,649.02001953125,636.4000244140625,648.4000244140625,629400.0,669.8780059814453,680.5943379720052,686.6199208577474,683.4157528686524
2016-10-26,635.510009765625,639.0,626.6599731445312,638.0700073242188,729300.0,667.2540069580078,679.5013376871744,686.0844207763672,683.1815530395507
2016-10-27,648.5700073242188,648.6599731445312,636.469970703125,636.469970703125,468300.0,665.3445068359375,678.5811706542969,685.736920674642,683.0354531860352
2016-10-28,640.1699829101562,648.9299926757812,640.1599731445312,648.9000244140625,505800.0,662.8615051269531,677.4800038655599,685.2495040893555,682.8159530639648
2016-10-31,624.6799926757812,638.6199951171875,623.3699951171875,638.6199951171875,558300.0,660.0350036621094,676.1626708984375,684.6704208374024,682.5030029296875
2016-11-01,626.3800048828125,631.2000122070312,621.6900024414062,621.6900024414062,595600.0,657.0600036621094,674.9206705729167,684.125087483724,682.236603088379
2016-11-02,606.0599975585938,624.5800170898438,606.0399780273438,624.4600219726562,632700.0,653.0910034179688,673.3830037434896,683.3403376261393,681.8541030883789
2016-11-03,609.989990234375,613.5700073242188,602.3099975585938,602.3300170898438,494000.0,649.3740020751953,671.8550038655599,682.5574208577474,681.5292529296875
2016-11-04,610.8200073242188,611.760009765625,605.780029296875,610.0700073242188,505800.0,646.1200012207031,670.4338368733723,681.7722544352214,681.2268530273437
2016-11-07,622.1699829101562,622.1699829101562,614.9299926757812,614.9299926757812,530300.0,643.4915008544922,669.1961700439454,681.087254333496,680.9075527954102
2016-11-08,624.1900024414062,626.5,621.3499755859375,626.3900146484375,534300.0,641.1690002441406,667.9205037434896,680.4433375040691,680.6125527954101
2016-11-09,599.739990234375,627.02001953125,581.6400146484375,626.530029296875,1068000.0,637.6584991455078,666.1251698811849,679.6415873209636,680.2191027832031
2016-11-10,623.22998046875,623.22998046875,614.8599853515625,615.1599731445312,624300.0,635.6654968261719,664.7901692708333,679.1362538655599,679.9171026611328
2016-11-11,621.8900146484375,625.4600219726562,618.3800048828125,622.4500122070312,515300.0,633.5139984130859,663.4020029703776,678.6570871988932,679.620302734375
2016-11-14,621.22998046875,623.010009765625,620.3800048828125,622.5999755859375,478300.0,631.5839965820312,662.108002726237,678.1263371785482,679.3780526733399
2016-11-15,617.4299926757812,623.2000122070312,616.530029296875,621.8200073242188,532500.0,629.4409973144532,660.8373362223307,677.5132537841797,679.1360025024414
2016-11-16,627.8300170898438,627.8300170898438,620.8099975585938,620.8099975585938,601600.0,627.769497680664,659.6856699625652,677.0142537434896,678.9204025268555
2016-11-17,627.760009765625,629.0800170898438,624.52001953125,629.0499877929688,666400.0,626.3734985351563,658.5450032552084,676.5011703491211,678.6520526123047
2016-11-18,620.260009765625,628.719970703125,619.5800170898438,628.719970703125,619900.0,624.797998046875,657.4135030110677,675.9371704101562,678.3591027832031
2016-11-21,609.3300170898438,618.6300048828125,609.0999755859375,618.6300048828125,628600.0,622.8704986572266,656.1126698811848,675.2520874023437,678.0295028686523
2016-11-22,610.739990234375,614.7899780273438,608.6699829101562,612.4199829101562,649000.0,621.3989990234375,654.8286692301432,674.5744206746419,677.6767529296875
2016-11-23,600.2899780273438,612.4099731445312,599.8900146484375,612.3599853515625,622200.0,619.6379974365234,653.4341684977213,673.7564203898112,677.2642028808593
2016-11-24,592.6500244140625,603.1300048828125,590.489990234375,600.489990234375,603300.0,616.8419982910157,651.9711690266927,672.8615870157878,676.7997030639649
2016-11-25,597.8200073242188,597.8699951171875,591.1699829101562,592.5999755859375,535600.0,614.7244995117187,650.8751688639323,672.0005035400391,676.3645031738281
2016-11-28,593.0499877929688,600.1300048828125,593.0499877929688,599.4099731445312,551400.0,613.1429992675781,649.6325022379557,671.0973368326823,675.925053100586
2016-11-29,596.0700073242188,597.2899780273438,590.8400268554688,592.5499877929688,802700.0,611.6274993896484,648.505502319336,670.1915033976237,675.4873031616211
2016-11-30,596.1099853515625,597.489990234375,594.1300048828125,597.3800048828125,560800.0,611.1299987792969,647.2525024414062,669.2925033569336,675.061303100586
2016-12-01,593.8499755859375,596.8900146484375,591.6400146484375,596.52001953125,635200.0,610.322998046875,645.8681691487631,668.3655863444011,674.7921029663086
2016-12-02,586.72998046875,593.4500122070312,586.72998046875,593.2100219726562,554200.0,609.1184967041015,644.3221689860026,667.364919535319,674.6835028076172
2016-12-05,575.1199951171875,584.6199951171875,575.1199951171875,584.5599975585938,620800.0,606.7659973144531,642.5865020751953,666.3608362833659,674.4522528076172
2016-12-06,581.3499755859375,583.22998046875,578.1799926757812,578.1799926757812,546000.0,604.6239959716797,641.0675018310546,665.4309193929037,674.1842526245117
2016-12-07,578.52001953125,584.8800048828125,573.5399780273438,584.1199951171875,601700.0,603.5629974365235,639.5861684163411,664.4630864461263,673.9594027709961
2016-12-08,584.6199951171875,586.4600219726562,581.1099853515625,581.8800048828125,672400.0,601.6324981689453,638.2466684977213,663.6661697387696,673.6903527832031
2016-12-09,594.3499755859375,594.530029296875,585.239990234375,585.7999877929688,603200.0,600.2554962158204,637.2706685384114,662.9619196573893,673.4393026733399
2016-12-12,603.0800170898438,603.1199951171875,598.4000244140625,599.0999755859375,625800.0,599.347998046875,636.3195017496745,662.2463363647461,673.2040026855469
2016-12-13,611.0900268554688,611.1699829101562,601.6900024414062,604.3099975585938,638100.0,599.0309997558594,635.3936686197917,661.6008366902669,673.0479028320312
2016-12-14,612.469970703125,615.7100219726562,611.47998046875,614.5900268554688,698100.0,598.2629974365234,634.35966796875,660.9699198404948,672.8903527832031
2016-12-15,620.6099853515625,620.6099853515625,610.1199951171875,610.510009765625,597500.0,597.9054962158203,633.3985005696615,660.4790028889973,672.7620526123047
2016-12-16,622.0800170898438,623.0399780273438,617.9299926757812,622.52001953125,771300.0,597.9964965820312,632.345834350586,660.2700032552083,672.625952758789
2016-12-19,622.77001953125,624.22998046875,620.4199829101562,624.22998046875,649000.0,598.6684967041016,631.2488342285156,660.0587534586589,672.4817028808594
2016-12-20,617.989990234375,624.8099975585938,617.97998046875,624.2899780273438,664500.0,599.0309967041015,630.1026672363281,659.714503479004,672.2604028320312
2016-12-21,618.6300048828125,621.0499877929688,616.219970703125,620.3400268554688,841500.0,599.947998046875,628.9466674804687,659.2874201456706,672.0085028076172
2016-12-22,615.9299926757812,620.1599731445312,615.9099731445312,619.6099853515625,873500.0,601.1119964599609,627.766167195638,658.7944198608399,671.7189526367188
2016-12-23,619.75,620.469970703125,616.2999877929688,617.1400146484375,701700.0,602.20849609375,626.5981669108073,658.2568364461263,671.4566525268555
2016-12-26,615.1599731445312,621.1500244140625,615.1599731445312,621.1500244140625,688900.0,603.3139953613281,625.4973327636719,657.6485860188802,671.160852355957
2016-12-27,618.3800048828125,619.4199829101562,616.6599731445312,616.6599731445312,692400.0,604.4294952392578,624.3723327636719,657.0290028889974,670.8545523071289
2016-12-28,627.27001953125,627.3300170898438,621.0700073242188,622.260009765625,628300.0,605.9874969482422,623.4028330485027,656.5436696370442,670.5529025268555
2016-12-29,631.4400024414062,631.510009765625,624.22998046875,626.2100219726562,582800.0,607.8669982910156,622.521332804362,656.0060862223307,670.2642526245118
2017-01-02,632.0399780273438,633.0,629.5399780273438,632.8900146484375,512200.0,610.1324981689453,621.79033203125,655.5014195760091,669.9692025756835
2017-01-03,636.5700073242188,636.6500244140625,633.0999755859375,633.2999877929688,622500.0,613.2049987792968,621.154165649414,654.9957529703776,669.6853524780273
2017-01-04,639.7899780273438,639.9099731445312,636.739990234375,638.72998046875,617500.0,616.1269989013672,620.6399983723958,654.4990025838216,669.417102355957
2017-01-05,642.47998046875,642.6400146484375,640.8699951171875,642.010009765625,811300.0,619.3249969482422,620.1821645100912,653.997585550944,669.1720523071289
2017-01-06,643.6799926757812,644.1699829101562,641.9600219726562,643.9600219726562,758400.0,622.2779968261718,619.8586639404297,653.5004185994466,668.9153521728516
2017-01-09,642.1500244140625,645.9199829101562,642.1500244140625,645.9199829101562,667300.0,624.6679992675781,619.4791646321614,653.0160018920899,668.6640023803711
2017-01-10,636.72998046875,643.25,636.260009765625,642.8499755859375,802100.0,626.3504974365235,619.0941640218099,652.4812515258789,668.3901022338868
2017-01-11,637.9000244140625,639.2899780273438,637.1900024414062,637.5599975585938,918700.0,627.6909973144532,618.7209981282552,651.943418375651,668.1326522827148
2017-01-12,632.8699951171875,639.1300048828125,632.2100219726562,639.0399780273438,824100.0,628.7109985351562,618.2478312174479,651.342084757487,667.8657022094726
2017-01-13,634.6799926757812,637.469970703125,631.6699829101562,633.8800048828125,754600.0,629.4144989013672,617.8978312174479,650.730084737142,667.6231021118164
2017-01-16,627.8800048828125,636.7999877929688,627.280029296875,636.77001953125,650000.0,629.7044982910156,617.4996643066406,650.0662516276042,667.3799520874023
2017-01-17,624.0,630.1599731445312,623.489990234375,628.2999877929688,752500.0,629.7659973144531,617.1016642252604,649.391584777832,667.0674520874023
2017-01-18,626.8900146484375,626.8900146484375,621.7000122070312,624.8699951171875,673200.0,630.2109985351562,616.8803314208984,648.7373346964519,666.7462521362305
2017-01-19,626.1900024414062,630.260009765625,626.1900024414062,629.6300048828125,711800.0,630.588998413086,616.7249979654948,648.1131678263347,666.4353021240235
2017-01-20,622.1199951171875,626.8599853515625,622.1199951171875,626.5,721900.0,630.8984985351562,616.2841644287109,647.4326675415039,666.0924520874023
2017-01-23,615.989990234375,623.6500244140625,615.989990234375,623.280029296875,698000.0,630.710498046875,615.8811645507812,646.6805842081706,665.6875021362305
2017-01-24,612.9299926757812,616.9500122070312,612.8900146484375,616.3599853515625,682300.0,630.5989990234375,615.6853312174479,645.9240010579427,665.2736520385743
2017-01-25,609.6400146484375,616.719970703125,609.25,615.3699951171875,773900.0,630.1619995117187,615.4063313802084,645.1635009765625,664.851701965332
2017-01-26,616.8099975585938,616.8099975585938,610.0499877929688,611.4299926757812,639700.0,629.6389984130859,615.585498046875,644.4842508951823,664.450101928711
2017-01-31,616.1300048828125,618.3200073242188,615.0599975585938,616.77001953125,727000.0,628.8734985351563,615.687831624349,643.7714177449544,664.0452520751953
2017-02-01,623.6799926757812,623.6799926757812,617.260009765625,617.2999877929688,938200.0,628.4554992675781,615.9021647135417,643.168000793457,663.6986019897461
2017-02-02,613.0399780273438,623.4600219726562,613.02001953125,623.4600219726562,1268200.0,627.2789978027344,615.7499979654948,642.47308400472,663.2965518188477
2017-02-03,609.2100219726562,614.8300170898438,606.719970703125,614.3699951171875,1217700.0,625.75,615.500331624349,641.7104176839192,662.8755020141601
2017-02-06,610.9600219726562,611.4400024414062,607.77001953125,610.7899780273438,654500.0,624.1740020751953,615.6873321533203,640.9062510172527,662.4522021484376
2017-02-07,608.719970703125,612.6199951171875,606.5900268554688,611.6500244140625,683100.0,622.4260009765625,615.4454986572266,640.11783396403,662.0191018676758
2017-02-08,608.7899780273438,609.8400268554688,604.75,609.719970703125,722400.0,620.7579986572266,615.2271647135417,639.3145838419597,661.5546517944335
2017-02-09,611.0399780273438,611.219970703125,607.3699951171875,610.1099853515625,1048200.0,619.4734985351563,615.0573313395182,638.5826670328776,661.1105517578125
2017-02-10,610.5800170898438,613.530029296875,609.8400268554688,612.3800048828125,1112000.0,618.1074981689453,614.9431650797526,637.8902506510417,660.6553518676758
2017-02-13,611.9400024414062,611.9400024414062,609.3599853515625,611.5900268554688,867000.0,617.0609985351563,614.6783315022786,637.1820007324219,660.199801940918
2017-02-14,611.5399780273438,613.3499755859375,609.52001953125,613.22998046875,836300.0,615.9039978027344,614.4079976399739,636.4765004475911,659.7390017700195
2017-02-15,615.9500122070312,616.1699829101562,612.1599731445312,612.7000122070312,895600.0,615.3074981689454,614.3361643473307,635.8748336791992,659.3084518432618
2017-02-16,616.5800170898438,617.9600219726562,613.9400024414062,617.8599853515625,962600.0,614.9364990234375,614.456997680664,635.2848337809245,658.8937518310547
2017-02-17,618.7000122070312,619.4000244140625,615.52001953125,615.719970703125,1123800.0,614.5269989013672,614.5896647135417,634.7091669718425,658.4887518310547
2017-02-20,619.969970703125,620.4600219726562,618.97998046875,620.1799926757812,918000.0,614.2159973144531,614.9176645914714,634.1759165445964,658.0897515869141
2017-02-21,622.469970703125,622.8400268554688,620.97998046875,621.489990234375,1171700.0,614.23349609375,615.414663696289,633.6929163614909,657.7507513427735
2017-02-22,621.3900146484375,624.1300048828125,621.3900146484375,623.8800048828125,964800.0,614.5034973144532,615.8074971516927,633.3413330078125,657.364401550293
2017-02-23,617.6699829101562,622.9600219726562,617.6699829101562,622.4099731445312,811200.0,614.7404968261719,616.2178304036458,632.9251663208008,656.981901550293
2017-02-24,614.75,620.0399780273438,614.7100219726562,619.3499755859375,967400.0,614.99599609375,616.5291636149088,632.5173329671223,656.5965515136719
2017-02-27,612.1199951171875,615.8300170898438,612.1199951171875,615.77001953125,617500.0,614.7614959716797,616.7959971110026,632.0242497762044,656.156001586914
2017-02-28,612.2000122070312,614.3599853515625,611.1300048828125,613.6699829101562,675800.0,614.5649963378906,617.1018310546875,631.4850001017253,655.6973016357422
2017-03-02,608.9299926757812,614.5900268554688,608.6099853515625,614.5800170898438,705500.0,613.8274963378906,617.471831258138,630.8970001220703,655.2167517089844
2017-03-03,600.72998046875,607.5900268554688,597.4299926757812,607.5900268554688,902000.0,613.2119964599609,617.8986643473307,630.242583211263,654.6985516357422
2017-03-06,604.0499877929688,604.2899780273438,597.6599731445312,598.97998046875,707700.0,612.9539947509766,618.2769978841146,629.6722498575847,654.2115014648438
2017-03-07,606.0499877929688,606.0999755859375,602.9500122070312,603.5700073242188,1018800.0,612.7084930419921,618.7358306884765,629.1609995524088,653.7620013427735
2017-03-08,605.75,607.4199829101562,604.7999877929688,607.1500244140625,882900.0,612.5599945068359,619.0879974365234,628.6673329671224,653.3714013671874
2017-03-09,606.1300048828125,610.5800170898438,605.2999877929688,607.5800170898438,885200.0,612.4269958496094,619.284331258138,628.2774998982748,653.0051013183594
2017-03-10,612.260009765625,612.260009765625,596.8499755859375,607.010009765625,1244800.0,612.4879974365234,619.4373311360677,627.8784164428711,652.6418014526367
2017-03-13,615.5900268554688,615.8699951171875,613.4400024414062,613.7899780273438,805100.0,612.7384979248047,619.5123311360677,627.4529998779296,652.264751586914
2017-03-14,614.1199951171875,617.2100219726562,613.9299926757812,617.0700073242188,1063400.0,612.8474975585938,619.5398315429687,626.9497497558593,651.8968014526367
2017-03-15,608.6799926757812,615.5399780273438,608.030029296875,615.3800048828125,1072600.0,612.7044982910156,619.3409983317057,626.3697494506836,651.4935513305664
2017-03-16,613.8800048828125,613.8800048828125,610.5999755859375,611.47998046875,904900.0,612.6009979248047,619.2043314615886,625.7750829060873,651.1232513427734
2017-03-17,613.260009765625,615.0900268554688,611.6500244140625,615.0900268554688,823300.0,612.4349975585938,619.0458312988281,625.1473327636719,650.7318515014648
2017-03-20,609.1099853515625,613.72998046875,607.47998046875,613.72998046875,735100.0,611.9554962158203,618.8978312174479,624.5002492268881,650.3171014404297
2017-03-21,609.72998046875,612.1300048828125,608.6599731445312,610.7000122070312,831300.0,611.4434967041016,618.7494974772136,623.8480824788411,649.8735012817383
2017-03-22,607.5700073242188,611.489990234375,606.7999877929688,608.3599853515625,718800.0,610.6984985351562,618.6101643880208,623.1881657918294,649.411201171875
2017-03-23,605.530029296875,609.6799926757812,604.47998046875,609.3599853515625,824100.0,609.9054992675781,618.3731648763021,622.4856658935547,648.933101196289
2017-03-24,608.1799926757812,608.280029296875,605.5900268554688,607.3400268554688,746400.0,609.4309997558594,618.2568318684896,621.8770823160808,648.4668511962891
2017-03-27,607.0700073242188,611.030029296875,606.9600219726562,609.6300048828125,813800.0,609.0470001220704,618.0683319091797,621.2203323364258,647.9783511352539
2017-03-28,612.280029296875,612.280029296875,607.97998046875,608.75,806000.0,609.0550018310547,617.8184987386068,620.6106658935547,647.5198013305665
2017-03-29,613.6300048828125,614.6599731445312,612.5499877929688,614.6500244140625,788100.0,609.1265014648437,617.5216654459635,620.0214991251628,647.0625512695312
2017-03-30,614.6799926757812,615.4299926757812,613.0900268554688,615.3400268554688,799600.0,609.4140014648438,617.2323323567708,619.5113321940104,646.6019012451172
2017-03-31,619.280029296875,619.47998046875,615.4299926757812,616.2000122070312,775600.0,610.34150390625,616.9441660563151,619.0491658528646,646.2202514648437
2017-04-03,628.52001953125,628.52001953125,620.3400268554688,621.469970703125,767700.0,611.5650054931641,616.7563334147136,618.6981658935547,645.8981515502929
2017-04-04,625.489990234375,629.780029296875,625.2000122070312,629.22998046875,994500.0,612.5370056152344,616.4731669108073,618.3276657104492,645.5523016357422
2017-04-05,630.1699829101562,630.1699829101562,626.9400024414062,627.8900146484375,923700.0,613.7580047607422,616.2480000813802,618.0533320109049,645.301901550293
2017-04-06,630.4600219726562,630.5900268554688,625.2000122070312,630.5900268554688,873400.0,614.9745056152344,616.0531667073568,617.7661656697591,645.0599017333984
2017-04-07,633.3200073242188,633.489990234375,629.6099853515625,632.1599731445312,833200.0,616.0275054931641,615.9963338216146,617.5452489217122,644.7817517089844
2017-04-10,619.4099731445312,633.239990234375,617.1599731445312,633.239990234375,865600.0,616.2185028076171,615.6881663004557,617.2045822143555,644.4360516357422
2017-04-11,621.6400146484375,625.1799926757812,614.2100219726562,620.25,813400.0,616.5945037841797,615.5009999593099,616.874415588379,644.1033517456054
2017-04-12,621.4500122070312,622.72998046875,619.27001953125,622.5399780273438,695600.0,617.2330047607422,615.2805002848307,616.5891657511394,643.8130017089844
2017-04-13,623.8699951171875,624.1500244140625,622.3800048828125,622.489990234375,742500.0,617.7325042724609,615.213666788737,616.3566655476887,643.6965518188476
2017-04-14,618.239990234375,624.72998046875,617.719970703125,623.1400146484375,699900.0,617.9815032958984,615.1176666259765,616.1096654256185,643.5471517944336
2017-04-17,629.469970703125,629.469970703125,621.4500122070312,621.4500122070312,599200.0,618.9995025634765,615.1606658935547,616.0204986572265,643.3980017089843
2017-04-18,634.72998046875,634.8200073242188,630.27001953125,632.4000244140625,914100.0,620.2495025634765,615.3029988606771,616.0139984130859,643.222251586914
2017-04-19,635.989990234375,636.4199829101562,633.6400146484375,634.9299926757812,814000.0,621.6705017089844,615.5341654459636,615.9091649373372,643.0267514038086
2017-04-20,635.7999877929688,637.489990234375,635.4400024414062,636.8699951171875,875200.0,623.1839996337891,615.8643320719401,615.8727483113606,642.7844512939453
2017-04-21,634.9600219726562,638.02001953125,633.7000122070312,638.02001953125,700900.0,624.5230010986328,616.231499226888,615.958415222168,642.5185012817383
2017-04-24,626.6199951171875,635.5800170898438,626.6199951171875,635.5800170898438,709200.0,625.5005004882812,616.5144989013672,615.9604151407877,642.1879513549804
2017-04-25,632.5700073242188,632.5700073242188,629.2100219726562,629.2100219726562,820900.0,626.5149993896484,616.7771657307943,616.1813318888346,641.9232513427735
2017-04-26,635.1099853515625,635.3800048828125,634.2999877929688,635.0499877929688,753700.0,627.588998413086,617.0934987386067,616.3906651814779,641.6190512084961
2017-04-27,631.1099853515625,636.2899780273438,630.9199829101562,636.239990234375,682500.0,628.410498046875,617.2173319498698,616.5597483317057,641.3116012573242
2017-04-28,628.239990234375,632.8300170898438,627.280029296875,632.8300170898438,755500.0,628.85849609375,617.4706654866536,616.6103317260743,640.9665512084961
2017-05-02,626.4299926757812,629.530029296875,626.4000244140625,629.2100219726562,596100.0,628.7539947509765,617.7576649983724,616.6289983113606,640.6017010498047
2017-05-04,635.1099853515625,635.1099853515625,628.0999755859375,628.0999755859375,509200.0,629.234994506836,618.1601643880208,616.9237482706706,640.2640008544922
2017-05-08,643.3900146484375,643.3900146484375,638.0900268554688,638.3599853515625,550900.0,629.89599609375,618.7379984537761,617.0917485555013,639.964250793457
2017-05-10,642.6799926757812,645.7000122070312,641.5399780273438,645.7000122070312,768700.0,630.5069946289062,619.30283203125,617.2649983723958,639.6762506103515
2017-05-11,647.5800170898438,647.5800170898438,643.3499755859375,644.4400024414062,731400.0,631.2199951171875,619.9118326822917,617.484582010905,639.4096505737305
2017-05-12,643.72998046875,648.5599975585938,642.9600219726562,648.5599975585938,762400.0,632.4359954833984,620.4643320719401,617.7037485758464,639.1161004638672
2017-05-15,645.3800048828125,646.3099975585938,642.7899780273438,644.5900268554688,699800.0,633.6229949951172,621.0216654459635,617.8499984741211,638.8178503417969
2017-05-16,639.1099853515625,646.5,638.4299926757812,646.5,723800.0,634.5059936523437,621.4811655680338,617.9445816040039,638.4728002929687
2017-05-17,640.010009765625,641.47998046875,638.9299926757812,640.8699951171875,624400.0,635.3129943847656,621.8821655273438,618.1091649373373,638.1351504516601
2017-05-18,638.1199951171875,638.1599731445312,633.1400146484375,633.4000244140625,785400.0,636.3069946289063,622.2411651611328,618.3490814208984,637.8009503173828
2017-05-19,642.4500122070312,643.0599975585938,639.1699829101562,640.3300170898438,726600.0,636.9559967041016,622.6369984944662,618.6133316040039,637.4862002563476
2017-05-22,642.6199951171875,645.1599731445312,641.5999755859375,645.0399780273438,753200.0,637.3504974365235,623.0144989013672,618.9660817464193,637.1938500976562
2017-05-23,644.72998046875,645.4400024414062,644.0,644.5900268554688,800700.0,637.7874969482422,623.3854990641277,619.4000813802083,636.8985998535156
2017-05-24,646.0399780273438,648.0499877929688,645.030029296875,646.4400024414062,844300.0,638.2994964599609,623.7963317871094,619.801914469401,636.5975997924804
2017-05-25,643.02001953125,648.2899780273438,642.8699951171875,648.25,766900.0,638.7024963378906,624.2188323974609,620.2183314005534,636.2941000366211
2017-05-26,646.010009765625,646.4500122070312,644.2999877929688,644.969970703125,656900.0,639.6719970703125,624.7398325602213,620.6344980875651,636.0196499633789
2017-05-29,642.97998046875,648.219970703125,642.75,648.1500244140625,626600.0,640.192495727539,625.2541656494141,621.0250813802083,635.7429498291016
2017-05-30,649.0599975585938,649.0900268554688,644.3400268554688,645.0900268554688,599200.0,640.8899963378906,625.8684987386067,621.4851648966471,635.4798999023437
2017-05-31,652.0399780273438,652.52001953125,649.510009765625,650.510009765625,664000.0,641.9364959716797,626.5869984944661,622.0294148763021,635.2596496582031
2017-06-01,653.8300170898438,654.22998046875,651.0999755859375,653.5700073242188,670500.0,643.2159973144531,627.4719991048177,622.6853317260742,635.0466497802735
2017-06-02,658.780029296875,658.8200073242188,655.8200073242188,656.4299926757812,638000.0,644.8334991455079,628.3841664632162,623.3305821736653,634.836900024414
2017-06-05,662.3200073242188,662.3699951171875,659.760009765625,660.77001953125,583300.0,646.1940002441406,629.3220001220703,624.0289154052734,634.6111999511719
2017-06-07,666.4600219726562,666.5800170898438,661.0999755859375,664.0700073242188,790900.0,647.3475006103515,630.3338338216146,624.7109156290691,634.4268499755859
2017-06-08,669.969970703125,670.0499877929688,667.0,668.25,672800.0,648.7119995117188,631.3978332519531,625.3410822550455,634.2507998657227
2017-06-09,674.1500244140625,674.1500244140625,671.2000122070312,672.1400146484375,623300.0,650.0404998779297,632.4293334960937,625.9333323160807,634.127200012207
2017-06-12,664.8599853515625,672.1199951171875,664.1199951171875,672.0900268554688,579500.0,651.0970001220703,633.2504994710287,626.3814153035481,633.983150024414
2017-06-13,669.22998046875,669.260009765625,666.0700073242188,666.0700073242188,626900.0,652.2894989013672,634.168999226888,626.8544153849284,633.8446499633789
2017-06-14,671.5900268554688,674.3599853515625,670.260009765625,673.02001953125,645500.0,653.9135009765625,635.2174997965495,627.2792490641276,633.7216000366211
2017-06-15,669.8200073242188,673.0999755859375,664.989990234375,672.969970703125,672700.0,655.4040008544922,636.149833170573,627.6770823160807,633.6299499511719
2017-06-16,670.7000122070312,670.8200073242188,667.72998046875,670.77001953125,608300.0,657.0330017089843,637.1071665445963,628.0764989217122,633.546549987793
2017-06-19,675.4400024414062,675.7100219726562,672.25,672.719970703125,580100.0,658.6825012207031,638.2126668294271,628.5552490234375,633.4848498535156
2017-06-20,669.4099731445312,678.8200073242188,669.4099731445312,678.719970703125,734000.0,660.0220001220703,639.2073333740234,628.9784154256184,633.412099609375
2017-06-21,665.77001953125,668.4400024414062,662.6799926757812,668.4099731445312,616000.0,661.0740020751953,640.177333577474,629.3937489827474,633.3387997436523
2017-06-22,663.280029296875,668.3599853515625,663.260009765625,667.989990234375,700700.0,661.9360046386719,641.139833577474,629.756499226888,633.3372998046875
2017-06-23,668.9299926757812,669.0499877929688,665.02001953125,665.1900024414062,560300.0,663.2315032958984,642.152333577474,630.2045827229817,633.3438998413086
2017-06-26,668.3599853515625,670.780029296875,667.7100219726562,670.5900268554688,586200.0,664.3490020751954,643.1738332112631,630.6210825602213,633.3672497558593
2017-06-27,672.6300048828125,673.1300048828125,670.8699951171875,671.7000122070312,639700.0,665.8315032958984,644.1796661376953,630.999082438151,633.3739498901367
2017-06-28,665.8900146484375,672.3599853515625,665.8900146484375,671.260009765625,601800.0,666.6730041503906,645.0506663004558,631.2861658732096,633.3188500976562
2017-06-29,668.0,670.5599975585938,666.0,670.0999755859375,515400.0,667.4710052490234,645.9393330891927,631.5858327229818,633.2614001464843
2017-06-30,669.0399780273438,669.1199951171875,665.5700073242188,665.6699829101562,511600.0,668.2315032958984,646.7686655680338,631.8564158121745,633.210299987793
2017-07-03,660.969970703125,671.1699829101562,660.0399780273438,671.1699829101562,560800.0,668.3410003662109,647.3094980875651,632.0329157511393,633.1526998901368
2017-07-04,656.1900024414062,663.8499755859375,654.0599975585938,662.1699829101562,735100.0,668.0345001220703,647.8211649576823,632.1471659342448,633.0966497802734
2017-07-05,661.5399780273438,661.5800170898438,657.6900024414062,657.7000122070312,565100.0,667.7884979248047,648.3439982096354,632.2959991455078,633.0793997192383
2017-07-06,663.7899780273438,665.0499877929688,662.6699829101562,663.7899780273438,555500.0,667.4794982910156,648.8994974772136,632.4763320922851,633.1337997436524
2017-07-07,663.77001953125,664.2899780273438,660.989990234375,662.6599731445312,551500.0,666.960498046875,649.4069976806641,632.7016657511393,633.1518997192383
2017-07-10,657.8599853515625,666.1900024414062,657.6699829101562,666.1900024414062,512900.0,666.610498046875,650.0478312174479,632.8679987589518,633.1079995727539
2017-07-11,656.010009765625,659.9099731445312,654.5,659.27001953125,542000.0,665.9494995117187,650.620664469401,633.0608322143555,633.0154995727539
2017-07-12,651.0999755859375,657.9000244140625,651.0900268554688,657.0599975585938,586100.0,664.9249969482422,651.1148305257161,633.1976654052735,632.8795993041992
2017-07-13,652.6900024414062,655.1599731445312,651.5999755859375,654.010009765625,490900.0,664.0684967041016,651.5951639811198,633.4044153849284,632.7168493652343
2017-07-14,654.1099853515625,655.4500122070312,651.27001953125,654.239990234375,533500.0,663.2389953613281,652.1929972330729,633.6553319295248,632.5444491577149
2017-07-17,659.8900146484375,659.8900146484375,656.969970703125,656.969970703125,415400.0,662.4614959716797,652.6999979654948,633.9303319295248,632.4100991821289
2017-07-18,664.02001953125,664.0399780273438,661.1599731445312,661.1599731445312,570300.0,662.1919982910156,653.1881652832031,634.2455820719401,632.2902493286133
2017-07-19,671.530029296875,671.530029296875,666.2999877929688,666.2999877929688,500900.0,662.4799987792969,653.7804992675781,634.6573323567708,632.2140994262695
2017-07-20,676.510009765625,677.5900268554688,672.3699951171875,674.0599975585938,569900.0,663.1414978027344,654.4589996337891,635.1616658528645,632.1474993896485
2017-07-21,676.5999755859375,678.1500244140625,674.5999755859375,677.8400268554688,523700.0,663.5249969482422,655.152998860677,635.6922490437826,632.1244491577148
2017-07-24,677.3200073242188,679.4600219726562,676.6300048828125,678.5900268554688,529200.0,663.972998046875,655.9979990641276,636.2562489827474,632.0816491699219
2017-07-25,670.469970703125,679.47998046875,670.0999755859375,678.7000122070312,677800.0,663.8649963378906,656.6296651204427,636.7034154256185,632.0067990112304
2017-07-26,667.219970703125,672.6300048828125,664.1300048828125,672.4299926757812,593900.0,663.931494140625,657.1648315429687,637.1291651407878,631.9212487792969
2017-07-27,666.47998046875,670.5999755859375,664.530029296875,669.219970703125,527900.0,663.8554931640625,657.7543314615885,637.4858317057292,631.8741485595704
2017-07-28,652.9500122070312,665.0800170898438,651.8400268554688,665.0800170898438,559700.0,663.0509948730469,658.1661651611328,637.8184153238932,631.7651986694336
2017-07-31,650.469970703125,651.8300170898438,643.77001953125,648.8400268554688,504700.0,662.5259948730469,658.5668314615885,638.1622482299805,631.6643484497071
2017-08-01,653.1199951171875,655.0700073242188,649.7000122070312,650.8900146484375,487800.0,662.3724945068359,658.8669982910156,638.5135813395183,631.5801983642579
2017-08-02,657.52001953125,658.280029296875,654.8300170898438,654.8499755859375,494700.0,662.1714965820313,659.1024983723959,638.9202484130859,631.5523483276368
2017-08-03,643.0900268554688,658.9400024414062,641.6300048828125,658.7000122070312,528200.0,661.1364990234375,659.1093322753907,639.2060821533203,631.4431985473633
2017-08-04,641.5800170898438,648.3400268554688,638.8699951171875,644.7999877929688,459100.0,660.0269989013672,659.0093322753906,639.4605824788412,631.3519485473632
2017-08-07,648.3900146484375,650.010009765625,642.8200073242188,643.3599853515625,455700.0,659.553500366211,659.0869995117188,639.7756657918294,631.2924487304688
2017-08-08,651.6699829101562,651.9099731445312,645.72998046875,650.780029296875,607600.0,659.3364990234375,659.1918324788411,640.1067489624023,631.2444985961914
2017-08-09,642.8699951171875,650.0900268554688,642.8699951171875,649.3900146484375,849000.0,658.925,659.2544993082682,640.367832438151,631.1804486083985
2017-08-10,640.0399780273438,646.5599975585938,635.0599975585938,642.7999877929688,770400.0,658.2924987792969,659.2549987792969,640.5685821533203,631.1217984008789
2017-08-11,628.3400268554688,635.2899780273438,626.0800170898438,629.8099975585938,606400.0,657.0040008544922,659.0919993082682,640.6665822347005,631.0240985107422
2017-08-14,629.3699951171875,633.989990234375,629.260009765625,632.52001953125,548300.0,655.4779998779297,658.8739990234375,640.7554987589518,630.9700985717774
2017-08-16,634.9099731445312,635.969970703125,634.0999755859375,634.4400024414062,607400.0,654.0224975585937,658.7454986572266,640.8799987792969,630.9670983886718
2017-08-17,642.1099853515625,642.280029296875,635.739990234375,638.1199951171875,531900.0,652.5514953613281,658.7018320719401,641.0436655680338,630.9347982788086
2017-08-18,643.5800170898438,643.8599853515625,636.4400024414062,636.9400024414062,528500.0,650.904995727539,658.6608327229818,641.2285822550456,630.9518484497071
2017-08-21,640.8499755859375,645.3499755859375,640.8400268554688,645.3499755859375,585900.0,649.1174957275391,658.6246653238933,641.4217488606771,631.0326983642578
2017-08-22,644.260009765625,644.3800048828125,642.6400146484375,643.260009765625,649800.0,647.4644958496094,658.5954986572266,641.667665608724,631.1220983886719
2017-08-23,643.7100219726562,647.7899780273438,643.6500244140625,647.7899780273438,559500.0,646.126498413086,658.607666015625,641.9309158325195,631.3103485107422
2017-08-24,647.7100219726562,647.989990234375,644.97998046875,645.0999755859375,500100.0,645.1510009765625,658.5851664225261,642.2268325805665,631.4989486694336
2017-08-25,650.27001953125,650.760009765625,648.4400024414062,649.219970703125,585000.0,644.3405029296875,658.5556671142579,642.571332804362,631.6961987304687
2017-08-28,652.9199829101562,652.9400024414062,649.5399780273438,652.3699951171875,513800.0,644.3390014648437,658.5404998779297,643.0062494913738,631.8499487304688
2017-08-29,653.9600219726562,654.02001953125,647.1300048828125,650.280029296875,572900.0,644.5135040283203,658.4601664225261,643.4221664428711,631.998798828125
2017-08-30,655.0,657.4299926757812,654.489990234375,656.9000244140625,639500.0,644.6075042724609,658.3381663004558,643.8300832112631,632.2750988769532
2017-08-31,657.8300170898438,658.030029296875,655.6400146484375,657.1300048828125,616000.0,644.6230041503907,658.1943328857421,644.2640833536784,632.4480990600586
2017-09-01,661.989990234375,662.3900146484375,658.6500244140625,660.7100219726562,566100.0,645.568002319336,658.061333211263,644.7295832316081,632.6485989379883
2017-09-04,650.8900146484375,655.3900146484375,643.97998046875,643.989990234375,590500.0,646.0335021972656,657.6736663818359,645.0514999389649,632.7968991088867
2017-09-05,648.75,656.219970703125,645.969970703125,655.4000244140625,621100.0,646.0515014648438,657.4051666259766,645.3278330485026,632.9534991455079
2017-09-06,652.5900268554688,653.4400024414062,649.22998046875,649.22998046875,568500.0,646.0975036621094,657.1278340657552,645.6484166463216,633.077299194336
2017-09-07,658.47998046875,659.1199951171875,655.3599853515625,655.4400024414062,499900.0,646.8780029296875,656.9093332926433,646.0634165445964,633.2308990478516
2017-09-08,654.2899780273438,660.6300048828125,653.3400268554688,659.8300170898438,646300.0,647.5905029296875,656.6504994710286,646.4001663208007,633.4010488891602
2017-09-11,656.530029296875,659.469970703125,654.9199829101562,657.6799926757812,578300.0,649.0000030517579,656.4143330891927,646.7607498168945,633.6370489501953
2017-09-12,660.0499877929688,660.5599975585938,658.0499877929688,660.030029296875,652300.0,650.5340026855469,656.1578328450521,647.1852498372396,633.8835989379883
2017-09-13,659.0900268554688,662.9400024414062,658.5399780273438,662.9400024414062,672500.0,651.7430053710938,655.9858337402344,647.596583557129,634.1775991821289
2017-09-14,665.4099731445312,665.469970703125,659.25,660.1500244140625,627100.0,652.9080047607422,655.9798329671224,648.0785832722981,634.5413989257812
2017-09-15,671.2999877929688,671.3099975585938,662.9000244140625,662.9000244140625,645600.0,654.2940032958984,656.1134989420573,648.6266662597657,634.908798828125
2017-09-18,675.8699951171875,677.1400146484375,672.5800170898438,674.6599731445312,585800.0,656.0450042724609,656.2291656494141,649.190749613444,635.3228988647461
2017-09-19,674.47998046875,677.969970703125,670.0700073242188,677.5700073242188,659300.0,657.5560028076172,656.3311655680338,649.7524993896484,635.7149487304688
2017-09-20,668.0499877929688,677.2899780273438,668.0499877929688,676.5999755859375,688100.0,658.7730010986328,656.2548319498698,650.2172490437825,636.0746487426758
2017-09-21,661.1099853515625,672.5999755859375,658.6400146484375,671.3200073242188,699800.0,659.4429992675781,656.1751647949219,650.6129155476888,636.4109487915039
2017-09-25,642.0399780273438,653.0499877929688,638.9199829101562,649.1099853515625,900600.0,659.0314971923829,655.7424977620443,650.8409154256185,636.6874987792969
2017-09-26,642.4000244140625,645.72998046875,637.3599853515625,638.5800170898438,820400.0,658.5054992675781,655.2984985351562,651.0335820515951,637.0238989257813
2017-09-27,649.239990234375,650.7100219726562,644.5599975585938,645.02001953125,646000.0,658.269497680664,655.1029988606771,651.2062484741211,637.3633489990234
2017-09-28,648.0900268554688,653.3800048828125,648.0900268554688,651.9199829101562,583400.0,657.9239990234375,654.9679992675781,651.3945821126302,637.7111990356445
2017-09-29,652.8200073242188,653.5800170898438,648.6799926757812,650.3200073242188,692300.0,657.6734985351562,654.822666422526,651.5833323160807,638.0521990966797
2017-10-10,654.5900268554688,659.510009765625,653.9099731445312,658.760009765625,554200.0,657.303500366211,654.6693339029948,651.7844156901042,638.3533993530274
2017-10-11,662.3099975585938,662.3099975585938,656.760009765625,656.8499755859375,558400.0,657.8744995117188,654.6450002034505,652.0259989420573,638.6495492553711
2017-10-12,666.5399780273438,666.739990234375,663.3699951171875,665.1199951171875,561100.0,658.7639984130859,654.7896667480469,652.4187489827474,638.9267990112305
2017-10-13,663.0800170898438,672.780029296875,659.0999755859375,669.0,616600.0,659.2884979248047,654.9075002034505,652.7640823364258,639.1798492431641
2017-10-16,659.4099731445312,668.5,652.1699829101562,667.260009765625,554300.0,659.3349975585937,655.0460001627604,653.0804153442383,639.3738491821289
2017-10-17,670.510009765625,671.9500122070312,660.3300170898438,660.6099853515625,700000.0,660.1459991455079,655.3430002848307,653.4690821329752,639.6159991455078
2017-10-18,668.4199829101562,679.5,667.3099975585938,677.4199829101562,713700.0,660.7404968261719,655.5815002441407,653.8872487386068,639.8442489624024
2017-10-19,667.0999755859375,671.3900146484375,664.1900024414062,671.219970703125,710600.0,661.0929962158203,655.7016662597656,654.2008321126302,640.0897988891602
2017-10-20,672.9500122070312,672.9500122070312,667.1699829101562,669.0599975585938,659100.0,661.7859954833984,655.8504994710287,654.5193323771159,640.3613989257813
2017-10-23,675.8599853515625,677.6900024414062,674.6400146484375,674.97998046875,500000.0,662.30849609375,655.9226654052734,654.8515823364257,640.6610488891602
2017-10-24,687.2100219726562,687.4500122070312,678.3400268554688,678.5499877929688,583200.0,663.1039978027344,656.1009989420573,655.2799992879231,640.9983489990234
2017-10-25,689.1400146484375,690.2999877929688,684.8400268554688,688.8300170898438,622300.0,663.7674987792968,656.309999593099,655.731499226888,641.3682492065429
2017-10-26,680.6099853515625,690.530029296875,680.6099853515625,689.9400024414062,600300.0,664.0739990234375,656.3648325602213,656.1814158121745,641.6793991088867
2017-10-27,689.969970703125,689.969970703125,682.9000244140625,685.2000122070312,537100.0,665.1699981689453,656.6898325602214,656.659748840332,641.992898864746
2017-10-30,689.6799926757812,693.1199951171875,688.4099731445312,692.760009765625,470700.0,666.5984985351563,657.0641662597657,657.1144989013671,642.284098815918
2017-10-31,694.2000122070312,694.22998046875,689.2899780273438,691.0700073242188,627100.0,669.2065002441407,657.526166788737,657.6402491251628,642.5948989868164
2017-11-01,695.77001953125,696.9299926757812,694.27001953125,696.6500244140625,630600.0,671.875,658.239833577474,658.2029993693034,642.8908990478516
2017-11-02,694.9600219726562,698.9099731445312,691.52001953125,698.1400146484375,608900.0,674.161001586914,658.9813344319662,658.7740829467773,643.1667492675781
2017-11-03,701.1300048828125,701.1300048828125,695.8800048828125,697.4299926757812,661000.0,676.8130004882812,659.7815012613933,659.3242497762044,643.4599993896485
2017-11-06,703.7899780273438,704.1599731445312,699.75,703.2000122070312,595300.0,679.3614990234375,660.5526672363281,659.827582804362,643.7605493164062
2017-11-07,701.1400146484375,704.8300170898438,697.4400024414062,704.8300170898438,649900.0,681.688998413086,661.5201670328776,660.3147496541341,644.0554992675782
2017-11-08,709.1099853515625,709.1099853515625,701.52001953125,702.6900024414062,812400.0,684.0289978027344,662.6456665039062,660.8274993896484,644.4173992919922
2017-11-09,709.9400024414062,711.780029296875,705.280029296875,710.7100219726562,614800.0,686.1989990234375,663.671499633789,661.3792495727539,644.7775991821289
2017-11-10,720.7899780273438,720.7899780273438,709.5499877929688,709.8499755859375,599900.0,689.0844970703125,664.8234995524089,662.007666015625,645.2171990966797
2017-11-13,741.3800048828125,741.3800048828125,724.760009765625,724.760009765625,687100.0,693.1829986572266,666.4653330485027,662.8599161783854,645.7506991577148
2017-11-14,756.4600219726562,756.4600219726562,742.7899780273438,746.8800048828125,837100.0,697.4804992675781,668.4056671142578,663.8303329467774,646.3935992431641
2017-11-15,768.030029296875,773.0499877929688,755.0599975585938,759.5499877929688,944900.0,702.4610015869141,670.7338338216146,664.9129165649414,647.1137493896484
2017-11-16,780.219970703125,780.219970703125,759.7000122070312,775.4600219726562,897400.0,708.1170013427734,673.2480000813802,666.0609995524088,647.8803991699219
2017-11-17,775.8499755859375,779.5700073242188,770.5499877929688,776.3200073242188,767800.0,713.2619995117187,675.5970001220703,667.1712493896484,648.6286990356446
2017-11-20,785.3200073242188,785.3200073242188,776.3099975585938,776.739990234375,834800.0,718.7350006103516,677.9838338216146,668.3428329467773,649.4446990966796
2017-11-21,789.3800048828125,793.5999755859375,782.9500122070312,790.3499755859375,809300.0,723.8434997558594,680.4138336181641,669.5373331705729,650.3116491699219
2017-11-22,780.9000244140625,796.280029296875,779.2000122070312,793.7899780273438,894400.0,728.4315002441406,682.7480010986328,670.686333211263,651.1514993286132
2017-11-23,796.7999877929688,796.8099975585938,773.3200073242188,778.8400268554688,756200.0,734.241000366211,685.2903340657552,671.9429163614909,652.087299194336
2017-11-24,792.739990234375,803.739990234375,792.739990234375,797.969970703125,751800.0,739.3795013427734,687.7741668701171,673.1909164428711,652.9669491577148
2017-11-27,792.7999877929688,800.0399780273438,783.8499755859375,793.8099975585938,735800.0,744.5355010986328,690.1923329671224,674.3887496948242,653.8502990722657
2017-11-28,773.1199951171875,797.530029296875,773.0999755859375,797.2899780273438,891400.0,748.4815002441406,692.2398325602213,675.3977498372395,654.5974990844727
2017-11-29,781.719970703125,783.1900024414062,770.969970703125,776.75,754800.0,752.7789978027344,694.3864990234375,676.4634994506836,655.4408990478515
2017-11-30,771.4199829101562,782.4199829101562,769.7899780273438,779.8400268554688,1053600.0,756.6019958496094,696.3441650390625,677.4021657307943,656.251948852539
2017-12-01,787.7000122070312,788.1500244140625,776.7100219726562,779.5399780273438,883800.0,760.9304962158203,698.5558319091797,678.4469991048177,657.135648803711
2017-12-04,782.4500122070312,788.4600219726562,778.2000122070312,788.02001953125,821400.0,764.8634979248047,700.6328318277995,679.4135823567708,658.0042990112305
2017-12-05,774.1199951171875,783.6099853515625,773.7999877929688,782.1400146484375,860300.0,768.5124969482422,702.501665242513,680.2814992268881,658.8309490966797
2017-12-06,768.3900146484375,783.5399780273438,765.25,778.280029296875,970300.0,771.4764984130859,704.4599985758464,681.0668324788411,659.6176992797851
2017-12-07,753.4600219726562,773.280029296875,744.3400268554688,771.469970703125,1470900.0,773.6524993896485,706.205165608724,681.8051661173503,660.3320993041992
2017-12-08,744.0599975585938,760.72998046875,743.9000244140625,757.2100219726562,1159200.0,774.8160003662109,707.7296651204427,682.4287495930989,660.9926992797851
2017-12-11,764.0900268554688,764.0900268554688,745.8800048828125,747.989990234375,790700.0,775.9515014648438,709.4898325602213,683.1995829264323,661.7554495239258
2017-12-12,760.4000244140625,769.1400146484375,755.030029296875,768.2999877929688,1018800.0,776.1485015869141,711.2583333333333,683.954416402181,662.477699584961
2017-12-13,772.219970703125,773.02001953125,763.1699829101562,764.3300170898438,1143800.0,776.3579986572265,713.1864990234375,684.8004160563152,663.2558993530273
2017-12-14,770.3499755859375,777.4400024414062,764.739990234375,777.25,985000.0,775.8644989013671,715.0248321533203,685.5913324991863,664.0141491699219
2017-12-15,771.8200073242188,775.0399780273438,766.4500122070312,770.27001953125,1047400.0,775.6630004882812,716.9036651611328,686.4447494506836,664.7733993530273
2017-12-18,770.5,777.4000244140625,770.5,776.0900268554688,1131000.0,774.9220001220704,718.6551656087239,687.3174992879232,665.5135494995117
2017-12-19,766.1799926757812,771.010009765625,754.27001953125,769.8699951171875,1692200.0,773.7619995117187,720.2364990234375,688.1749989827474,666.2374993896484
2017-12-21,740.3200073242188,759.1300048828125,740.3099975585938,754.5399780273438,1208900.0,771.7329986572265,721.3106658935546,688.7699157714844,666.8507495117187
2017-12-22,761.2000122070312,761.2000122070312,740.0499877929688,742.1500244140625,1083300.0,769.9529998779296,722.7559997558594,689.5435826619466,667.5829995727539
2017-12-26,762.2100219726562,775.5399780273438,762.2100219726562,763.9600219726562,808300.0,768.4265014648438,724.3253336588542,690.290082804362,668.3334497070313
2017-12-27,791.9500122070312,791.9500122070312,770.9500122070312,771.3300170898438,829600.0,768.3840026855469,726.506000773112,691.3405827840169,669.2321997070312
2017-12-28,798.4199829101562,798.6799926757812,790.3400268554688,791.760009765625,1066200.0,769.6490020751953,729.1123341878255,692.4274159749349,670.1796496582032
2018-01-02,812.4500122070312,813.4000244140625,800.5399780273438,803.6300048828125,989200.0,771.1855041503907,731.9465006510417,693.622499593099,671.2382498168945
2018-01-03,822.3099975585938,824.1799926757812,812.219970703125,816.2999877929688,1203100.0,773.7300048828125,734.831000773112,694.9669998168945,672.3295498657227
2018-01-04,808.010009765625,825.5700073242188,802.8300170898438,825.1099853515625,1346500.0,774.7455047607422,737.4963338216146,696.2321665445963,673.339349975586
2018-01-05,828.030029296875,828.0399780273438,812.0499877929688,812.0499877929688,1229200.0,777.0245056152344,740.4165008544921,697.6195836385091,674.4507501220703
2018-01-08,839.510009765625,840.0599975585938,829.280029296875,836.0700073242188,1229000.0,780.2940063476562,743.4985005696615,699.0839172363281,675.6176501464844
2018-01-09,829.989990234375,843.5599975585938,827.2899780273438,841.3900146484375,1196000.0,783.3740051269531,746.2931671142578,700.4690836588542,676.7063000488281
2018-01-10,834.9099731445312,841.25,820.8900146484375,837.6300048828125,1104100.0,787.4465026855469,749.0993336995442,701.9445002237956,677.8028997802735
2018-01-11,852.510009765625,852.510009765625,830.3699951171875,835.22998046875,1288800.0,792.8690032958984,752.2565002441406,703.5820002237956,678.9948498535156
2018-01-12,873.0499877929688,886.6500244140625,857.3300170898438,863.0700073242188,1180700.0,798.3170013427734,755.8171671549479,705.4315836588542,680.3166998291016
2018-01-15,891.6099853515625,892.2899780273438,865.6799926757812,879.5599975585938,1025700.0,804.8774993896484,759.5021667480469,707.4225835164387,681.7053497314453
2018-01-16,901.22998046875,901.22998046875,884.760009765625,889.22998046875,1009400.0,811.3279998779296,763.3823333740235,709.481916809082,683.1451995849609
2018-01-17,886.5800170898438,905.9500122070312,884.9099731445312,902.3699951171875,1212000.0,817.139501953125,767.0403340657552,711.3710001627604,684.5325497436523
2018-01-18,898.1900024414062,899.8499755859375,887.6699829101562,892.5,1260200.0,823.4580017089844,770.7943339029948,713.3224166870117,685.9748498535156
2018-01-19,879.989990234375,902.969970703125,875.4299926757812,902.8499755859375,1164700.0,828.9325012207031,774.1965006510417,715.0595830281576,687.3369497680665
2018-01-22,873.0900268554688,880.8499755859375,864.3800048828125,875.9500122070312,1126600.0,834.2780029296875,777.2945007324219,716.6977498372396,688.6747497558594
2018-01-23,894.4299926757812,894.4299926757812,877.6799926757812,881.6799926757812,1047300.0,841.9835021972656,780.7160003662109,718.512999979655,690.1059997558593
2018-01-24,894.77001953125,903.1699829101562,891.030029296875,901.6199951171875,1011700.0,848.6620025634766,784.2853342692057,720.3250834147135,691.5444998168946
2018-01-25,898.5999755859375,898.5999755859375,887.969970703125,894.2100219726562,1025000.0,855.4815002441406,787.7625010172526,722.226166788737,692.9760995483398
2018-01-26,913.1199951171875,913.1199951171875,895.3200073242188,898.530029296875,1080200.0,861.5399993896484,791.4865010579427,724.2753336588542,694.4735494995117
2018-01-29,927.0499877929688,929.3499755859375,914.219970703125,914.260009765625,1279600.0,867.9714996337891,795.367333984375,726.446750386556,696.0353994750976
2018-01-30,920.9600219726562,932.010009765625,918.7899780273438,928.719970703125,1243800.0,873.3970001220703,799.1205006917318,728.6801671346028,697.5437994384765
2018-01-31,913.5700073242188,917.780029296875,903.52001953125,910.8900146484375,1195300.0,877.9600006103516,802.7640004475911,730.8726674397786,698.9690493774414
2018-02-01,908.2000122070312,919.9000244140625,901.3499755859375,916.780029296875,1407700.0,882.9695007324219,806.2151672363282,732.9983342488607,700.3825994873047
2018-02-02,899.469970703125,911.77001953125,887.969970703125,911.4600219726562,1373000.0,886.5414978027344,809.4765004475911,735.0145838419596,701.7290994262695
2018-02-05,858.219970703125,883.2999877929688,858.219970703125,876.6300048828125,1043100.0,887.4769958496094,812.0944997151693,736.8073333740234,702.8678991699219
2018-02-06,858.1699829101562,858.739990234375,814.4600219726562,821.239990234375,1062700.0,888.8859954833985,814.5788330078125,738.6122497558594,703.9921490478515
2018-02-07,829.9600219726562,875.030029296875,829.9600219726562,874.75,1033300.0,888.6384979248047,816.5791666666667,740.1253331502279,705.0448992919922
2018-02-08,861.9400024414062,867.0399780273438,824.6400146484375,834.8900146484375,796300.0,889.1099975585937,818.9316670735677,741.8775833129882,706.2463992309571
2018-02-09,842.5999755859375,850.7000122070312,832.1300048828125,832.1300048828125,764400.0,887.5874969482422,820.6186665852864,743.5419998168945,707.3521490478515
2018-02-12,843.239990234375,854.9400024414062,843.239990234375,854.0900268554688,692300.0,885.1689971923828,822.0649993896484,745.2353332519531,708.4489990234375
2018-02-13,829.3900146484375,854.0800170898438,829.3900146484375,852.9400024414062,832900.0,881.5769989013672,823.0876658121745,746.9107498168945,709.5047491455078
2018-02-14,848.030029296875,848.030029296875,830.780029296875,835.5999755859375,722700.0,879.6494995117188,824.2178334554036,748.7329167683919,710.5975494384766
2018-02-19,875.8099975585938,875.8099975585938,855.5800170898438,855.780029296875,684400.0,878.5304992675781,825.8838338216145,750.7404169718425,711.8029495239258
2018-02-20,864.4099731445312,877.9000244140625,861.5,873.989990234375,797200.0,877.751498413086,827.2019999186198,752.5929168701172,712.9450494384765
2018-02-21,875.5800170898438,877.6900024414062,864.2100219726562,867.9199829101562,814600.0,877.8759979248047,828.6386667887369,754.5262502034506,714.143949584961
2018-02-22,870.219970703125,873.47998046875,863.8900146484375,871.719970703125,857900.0,876.6654968261719,830.1273325602214,756.437666829427,715.3202493286133
2018-02-23,874.780029296875,875.72998046875,871.4099731445312,873.52001953125,770200.0,875.6659973144531,831.4269999186198,758.3586669921875,716.5610494995117
2018-02-26,874.4299926757812,884.260009765625,869.6599731445312,881.3599853515625,802100.0,874.4574981689453,832.7884999593099,760.2813334147136,717.7703494262695
2018-02-27,874.010009765625,882.0399780273438,874.0,880.8800048828125,794500.0,872.5019989013672,834.1420003255208,762.1671666463216,718.9648495483399
2018-02-28,857.0599975585938,868.530029296875,853.9000244140625,866.5,820900.0,869.0024993896484,835.5410003662109,763.8904164632162,720.094599609375
2018-03-02,860.22998046875,861.0800170898438,845.719970703125,846.4000244140625,768900.0,865.9659973144531,836.8495005289714,765.6179997762044,721.2545495605468
2018-03-05,845.0,863.010009765625,845.0,862.4099731445312,747500.0,862.5374969482422,838.0758341471354,767.2099995930989,722.347399597168
2018-03-06,859.2100219726562,859.2100219726562,850.4199829101562,854.9099731445312,828900.0,860.0879974365234,839.2676676432292,768.9117497762044,723.4678997802735
2018-03-07,841.030029296875,861.4099731445312,841.030029296875,856.4299926757812,947300.0,857.1660003662109,840.2440012613932,770.4384165445964,724.4560998535156
2018-03-08,853.9400024414062,855.7999877929688,846.3400268554688,847.3099975585938,891000.0,856.952001953125,841.5743347167969,772.037999979655,725.5123999023438
2018-03-09,865.7999877929688,868.510009765625,857.469970703125,857.7999877929688,884800.0,857.3335021972656,843.1978342692057,773.828916422526,726.6034997558594
2018-03-12,884.27001953125,884.27001953125,873.260009765625,874.1500244140625,802300.0,860.0490020751953,845.3780008951823,775.7915832519532,727.8061999511718
2018-03-13,886.25,886.25,879.8499755859375,884.5399780273438,1086500.0,861.264501953125,847.7478342692058,777.7387496948243,729.0105499267578
2018-03-14,886.9199829101562,887.0399780273438,880.9199829101562,882.3900146484375,954400.0,863.480502319336,849.7950002034505,779.6424163818359,730.2495999145508
2018-03-15,890.4299926757812,893.5599975585938,883.7000122070312,886.97998046875,951000.0,865.8400024414062,851.9621663411458,781.6102498372396,731.5016998291015
2018-03-16,894.4299926757812,894.4500122070312,889.4000244140625,893.239990234375,808500.0,869.0920013427734,853.9990000406901,783.5927495320637,732.7832498168946
2018-03-19,880.969970703125,894.4000244140625,880.969970703125,894.4000244140625,759600.0,870.7389984130859,855.8426666259766,785.4337493896485,733.975849609375
2018-03-20,890.4000244140625,890.4000244140625,875.3900146484375,876.6099853515625,752100.0,871.4684997558594,857.8190002441406,787.3613327026367,735.2147497558594
2018-03-21,885.5499877929688,895.719970703125,885.530029296875,892.02001953125,865100.0,872.5255004882813,859.7365000406901,789.195832824707,736.4188497924805
2018-03-22,871.6199951171875,891.2999877929688,869.0,889.2100219726562,1011500.0,872.3274993896484,861.4938334147135,790.8651662190755,737.5467498779296
2018-03-23,829.6799926757812,859.9299926757812,829.6699829101562,851.7000122070312,898200.0,870.3005004882813,862.9831665039062,792.1469161987304,738.4800497436523
2018-03-26,853.6900024414062,853.6900024414062,822.9600219726562,833.1099853515625,740200.0,869.2459991455078,864.5246663411458,793.6403330485026,739.5184497070312
2018-03-27,858.8400268554688,863.0499877929688,856.5599975585938,862.4000244140625,732200.0,868.4665008544922,866.135166422526,795.2302500406901,740.5977499389649
2018-03-28,850.969970703125,856.3599853515625,843.5999755859375,850.0499877929688,889800.0,867.3144989013672,867.1188323974609,796.8124165852864,741.6072998046875
2018-03-29,865.989990234375,865.989990234375,854.6099853515625,855.8200073242188,813000.0,867.7609985351562,868.2449991861979,798.6786666870117,742.6770498657227
2018-03-30,871.0900268554688,873.0399780273438,867.1099853515625,869.8599853515625,764000.0,868.3040008544922,869.2223327636718,800.5844167073568,743.7633499145508
2018-04-02,867.7999877929688,876.8499755859375,865.8300170898438,876.8499755859375,844100.0,869.4440002441406,869.9804992675781,802.4057500203451,744.8084497070313
2018-04-03,872.3200073242188,872.3200073242188,857.4000244140625,857.8300170898438,722800.0,870.0994995117187,871.0523325602213,804.274333190918,745.8584497070312
2018-04-04,862.510009765625,877.1500244140625,858.2899780273438,877.1500244140625,821300.0,871.1734985351562,871.6269989013672,806.0217498779297,746.8386996459961
2018-04-05,868.9299926757812,873.6400146484375,865.9199829101562,871.0900268554688,846400.0,871.922998046875,872.1173319498698,807.8079162597656,747.8334997558594
2018-04-06,867.9600219726562,869.8099975585938,863.9199829101562,867.4299926757812,861800.0,872.0309997558594,872.7501658121745,809.5216664632161,748.8025497436523
2018-04-09,874.4400024414062,874.4400024414062,865.5,866.75,857700.0,871.5394989013672,873.4089996337891,811.2541666666667,749.8504498291015
2018-04-10,877.2999877929688,877.2999877929688,866.739990234375,876.219970703125,1012200.0,871.0919982910157,873.8221659342448,813.0393330891927,750.8907998657227
2018-04-11,885.3800048828125,886.1400146484375,880.8699951171875,882.5800170898438,886300.0,871.0149993896484,874.0276662190755,814.9224166870117,751.9597497558593
2018-04-12,881.4500122070312,889.02001953125,879.1699829101562,888.2000122070312,998000.0,870.5660003662109,873.8583333333333,816.6802500406901,753.0178997802734
2018-04-13,891.8699951171875,892.75,877.739990234375,884.1199951171875,1011500.0,870.4380004882812,873.702333577474,818.5423334757487,754.1237496948243
2018-04-16,896.8900146484375,899.2000122070312,894.0900268554688,895.3200073242188,1017000.0,871.2340026855469,873.8741668701172,820.4572504679362,755.2309997558593
2018-04-17,901.219970703125,901.219970703125,896.8300170898438,900.5,1309000.0,871.775,873.9246663411458,822.3595001220704,756.3900497436523
2018-04-18,893.3200073242188,906.0599975585938,890.72998046875,905.6199951171875,1538000.0,872.1635009765625,874.1468332926432,824.1716669718425,757.5277996826172
2018-04-19,882.72998046875,892.2000122070312,878.1900024414062,892.2000122070312,1681300.0,872.7190002441406,874.3074991861979,825.8009999593099,758.6250494384766
2018-04-20,889.1699829101562,892.010009765625,880.6799926757812,885.5900268554688,1406700.0,875.6934997558594,874.2198323567708,827.4679163614909,759.7262493896484
2018-04-23,879.02001953125,890.3200073242188,877.3599853515625,888.3900146484375,1408100.0,876.9600006103516,873.9573323567708,829.1213333129883,760.7795495605469
2018-04-24,873.6099853515625,883.780029296875,873.219970703125,881.5800170898438,1201400.0,877.6984985351562,873.5408325195312,830.6516667683919,761.7844494628906
2018-04-25,869.9299926757812,879.0,862.0499877929688,869.3099975585938,1177700.0,878.6464996337891,872.8209991455078,832.1537501017252,762.8046493530273
2018-04-26,879.3900146484375,879.8699951171875,874.2100219726562,876.27001953125,957400.0,879.3165008544922,872.0266662597656,833.6970001220703,763.8615994262695
2018-04-27,886.489990234375,886.6199951171875,880.030029296875,886.3699951171875,1114100.0,880.0864990234375,871.4521657307943,835.286333211263,764.9488494873046
2018-04-30,875.9500122070312,886.5999755859375,870.5399780273438,886.2899780273438,1351100.0,880.4940002441406,870.8251658121745,836.7945831298828,766.0237496948242
2018-05-02,871.030029296875,877.5399780273438,863.5900268554688,869.52001953125,1357600.0,880.4295013427734,870.2056660970052,838.2104166666667,767.0979498291016
2018-05-03,866.0700073242188,876.0800170898438,866.0499877929688,873.3400268554688,1354500.0,880.6075012207032,869.6490000406901,839.5627502441406,768.120599975586
2018-05-04,856.3400268554688,870.0999755859375,856.3400268554688,868.3499755859375,1132000.0,879.9780029296875,869.6176676432292,840.8560836791992,769.0833502197265
2018-05-08,827.219970703125,863.5599975585938,827.2000122070312,860.5599975585938,948400.0,877.9410003662109,869.1018341064453,841.8403335571289,769.9005999755859
2018-05-09,850.8499755859375,851.280029296875,815.27001953125,833.47998046875,905900.0,876.7614990234375,869.45,843.0145833333333,770.8655499267578
2018-05-10,854.9299926757812,855.8200073242188,846.1400146484375,852.280029296875,857400.0,875.6429992675781,869.3331665039062,844.132416788737,771.8601498413086
2018-05-11,865.9299926757812,866.8599853515625,855.25,855.25,941500.0,874.6704986572265,869.7220001220703,845.1703333536784,772.9342999267578
2018-05-14,858.7000122070312,869.9199829101562,855.5399780273438,869.4400024414062,922200.0,873.5329986572266,869.979667154948,846.0223332722982,773.964349975586
2018-05-15,862.9400024414062,867.1300048828125,858.5499877929688,865.530029296875,1007600.0,872.0864990234375,870.5388336181641,846.8132497151693,775.0085000610352
2018-05-16,850.2899780273438,857.239990234375,846.9000244140625,857.239990234375,1210600.0,869.7564971923828,870.5764994303386,847.3971664428711,775.9604998779297
2018-05-17,855.6199951171875,857.5599975585938,852.9099731445312,854.4600219726562,1037400.0,867.4764984130859,870.2399993896485,848.0619166056315,776.9184997558593
2018-05-18,869.4500122070312,869.7999877929688,857.6599731445312,858.0800170898438,1064500.0,866.2829986572266,870.3240000406901,848.762999979655,777.9080996704101
2018-05-21,872.9600219726562,876.1199951171875,870.52001953125,871.489990234375,998500.0,865.7945007324219,870.2803334554036,849.4595001220703,778.8903497314453
2018-05-23,869.1599731445312,875.3599853515625,867.280029296875,875.1199951171875,874600.0,864.7940002441406,870.2626668294271,850.1949996948242,779.8531497192383
2018-05-24,873.3200073242188,875.3099975585938,866.469970703125,871.6799926757812,1113200.0,864.508999633789,870.2383331298828,850.8326665242513,780.8331497192382
2018-05-25,868.3499755859375,870.7100219726562,859.0900268554688,866.2000122070312,1115000.0,864.2459991455078,870.1369995117187,851.4627497355143,781.8225497436523
2018-05-28,879.6900024414062,879.7999877929688,865.5700073242188,865.5800170898438,1270100.0,864.733999633789,870.2316660563151,852.1868331909179,782.8848999023437
2018-05-29,870.0800170898438,884.6400146484375,868.8099975585938,881.530029296875,1147700.0,864.2684997558594,870.4486663818359,852.9948333740234,783.9029000854492
2018-05-30,874.219970703125,876.7100219726562,861.8400268554688,876.4199829101562,1117600.0,863.6549987792969,870.6818328857422,853.7656667073568,785.0092498779297
2018-05-31,879.6599731445312,880.969970703125,873.1599731445312,880.969970703125,1083000.0,863.8404968261718,871.2594991048177,854.6676666259766,786.1551998901367
2018-06-01,883.219970703125,883.77001953125,878.1500244140625,879.6099853515625,1026200.0,864.4499938964843,871.6596649169921,855.4636662801107,787.3056997680665
2018-06-04,877.4400024414062,887.760009765625,876.5,887.5900268554688,898300.0,865.0184936523438,872.2664978027344,856.2552495320638,788.4052996826172
2018-06-05,877.1599731445312,881.97998046875,874.1599731445312,881.7100219726562,1026000.0,866.0594909667968,872.6534973144531,857.113916015625,789.5756494140625
2018-06-07,887.9099731445312,887.9500122070312,880.010009765625,881.469970703125,903300.0,869.0939910888671,873.0219970703125,858.1099156697591,790.8072991943359
2018-06-08,878.47998046875,887.52001953125,877.9099731445312,887.3699951171875,850300.0,870.4754913330078,872.9254964192709,859.1517486572266,791.9577490234375
2018-06-11,876.5499877929688,881.1199951171875,874.8400268554688,879.0599975585938,776400.0,871.5564910888672,872.7638295491537,860.2558319091797,793.0821490478515
2018-06-12,875.0399780273438,882.9199829101562,870.1099853515625,879.1799926757812,1081600.0,872.0119903564453,872.5658294677735,861.1804148356119,794.2429989624023
2018-06-14,864.5599975585938,873.02001953125,861.1400146484375,873.02001953125,1023500.0,872.3049896240234,872.134662882487,862.0484146118164,795.3655990600586
2018-06-15,866.219970703125,869.77001953125,863.4199829101562,866.77001953125,796600.0,872.4689880371094,871.6644958496094,862.8317479451497,796.5549987792969
2018-06-18,840.22998046875,866.8599853515625,833.219970703125,866.4400024414062,783100.0,871.9659881591797,870.9854960123698,863.4140813191732,797.6092987060547
2018-06-19,815.3900146484375,846.6199951171875,815.3699951171875,841.0900268554688,793400.0,869.9544891357422,869.7353291829427,863.7771647135417,798.5116989135743
2018-06-20,840.1699829101562,840.1699829101562,817.6400146484375,819.8699951171875,759500.0,868.4904876708985,868.9789957682292,864.3577479044596,799.5019989013672
2018-06-21,826.219970703125,841.9099731445312,826.219970703125,841.4400024414062,758200.0,866.1534851074218,868.2223286946614,864.8580810546875,800.4151986694336
2018-06-22,830.27001953125,830.6799926757812,815.4299926757812,826.010009765625,832000.0,864.2089874267579,868.2321624755859,865.6076644897461,801.3622988891601
2018-06-25,836.0,836.989990234375,826.6599731445312,831.47998046875,668300.0,862.3429870605469,867.9373291015625,866.2309977213541,802.320998840332
2018-06-26,831.4000244140625,832.3200073242188,817.1599731445312,825.0499877929688,657300.0,860.4954895019531,867.4799957275391,866.8075810750325,803.2594488525391
2018-06-27,826.6900024414062,839.6099853515625,826.6900024414062,832.719970703125,695700.0,857.8454895019531,867.0753295898437,867.0970809936523,804.1543487548828
2018-06-28,810.2000122070312,827.010009765625,810.1799926757812,823.1599731445312,826300.0,854.8514892578125,866.1454966227213,867.1952479044596,804.9539987182617
2018-06-29,818.219970703125,819.0499877929688,802.0,817.2000122070312,643000.0,852.0514892578125,865.2643290201823,867.243330891927,805.7804986572265
2018-07-02,789.8200073242188,819.9400024414062,789.7999877929688,818.75,676900.0,847.5594909667968,863.9646626790365,866.9725809733073,806.4597985839844
2018-07-03,795.7100219726562,801.9099731445312,779.4099731445312,797.6300048828125,718900.0,843.1839935302735,862.6878295898438,866.8700810750325,807.1633486938476
2018-07-04,799.0999755859375,802.9199829101562,792.4400024414062,795.0599975585938,704500.0,839.2669921875,861.6309956868489,866.6289972941081,807.8696984863282
2018-07-05,794.0499877929688,800.9299926757812,782.22998046875,799.77001953125,651500.0,835.1114929199218,860.3829956054688,866.2501637776693,808.529998474121
2018-07-06,808.8900146484375,809.9600219726562,785.219970703125,795.22998046875,710900.0,831.1604949951172,859.3984954833984,866.0743306477865,809.3199984741211
2018-07-09,808.280029296875,813.0999755859375,803.25,806.8499755859375,521800.0,827.6504974365234,858.295829264323,865.852414449056,810.1176486206055
2018-07-10,813.1900024414062,815.9000244140625,811.4600219726562,814.5599975585938,533700.0,824.4824981689453,857.2273295084635,865.5247477213542,810.9206484985351
2018-07-11,804.780029296875,811.5599975585938,803.8800048828125,810.1799926757812,532700.0,820.9695007324219,855.8839965820313,864.9558314005534,811.6521487426758
2018-07-12,819.2899780273438,819.97998046875,806.1599731445312,809.8599853515625,526500.0,818.7059997558594,854.8479960123698,864.3531646728516,812.4771487426758
2018-07-13,827.8900146484375,827.8900146484375,820.4299926757812,820.5900268554688,580500.0,816.789501953125,853.7816630045573,863.7419982910156,813.3339486694335
2018-07-16,825.7100219726562,831.4099731445312,822.9099731445312,830.9099731445312,587300.0,816.0635040283203,852.5953297932942,863.2347483317058,814.162248840332
2018-07-17,819.719970703125,827.3099975585938,818.5499877929688,826.6699829101562,666500.0,816.2800018310547,851.2369964599609,862.5808314005534,814.9653985595703
2018-07-18,810.4400024414062,826.3599853515625,804.469970703125,823.7999877929688,819800.0,814.7935028076172,849.8556630452474,862.0012481689453,815.6905487060546
2018-07-19,796.489990234375,811.969970703125,794.1400146484375,811.4199829101562,769200.0,813.3070037841796,848.4183298746744,861.3629145304362,816.3164987182618
2018-07-20,791.6099853515625,801.02001953125,785.3900146484375,796.27001953125,674700.0,811.3740020751953,846.7923299153646,860.5060811360677,816.8951986694336
2018-07-23,756.9600219726562,792.989990234375,756.9500122070312,792.9000244140625,595300.0,807.4220031738281,844.7579966227214,859.3576644897461,817.3075988769531
2018-07-24,761.5700073242188,767.7100219726562,756.6300048828125,760.5700073242188,544400.0,803.9305023193359,842.8906636555989,858.2157480875651,817.7751989746093
2018-07-25,748.8900146484375,766.0,744.1099853515625,764.6599731445312,684200.0,800.0405029296875,840.8733306884766,856.8471649169921,818.2140991210938
2018-07-26,765.1500244140625,765.1599731445312,750.8599853515625,755.0700073242188,536400.0,797.7880035400391,838.969330851237,855.4979985555013,818.8296493530273
2018-07-27,773.97998046875,773.97998046875,763.4400024414062,766.030029296875,544500.0,795.5760040283203,837.0941640218099,854.2731648763021,819.4875491333008
2018-07-30,769.7999877929688,774.8200073242188,763.5999755859375,773.0,539700.0,794.5750030517578,835.3249969482422,853.0750813802083,820.0903491210937
2018-07-31,775.52001953125,775.52001953125,766.52001953125,768.75,615000.0,793.5655029296875,833.7331634521485,851.9694147745769,820.7274990844727
2018-08-01,790.25,790.3800048828125,778.5499877929688,779.0,574500.0,793.1230041503907,832.4694966634114,851.0592483520508,821.4146490478515
2018-08-02,781.3800048828125,788.8800048828125,776.3800048828125,788.77001953125,546900.0,792.4895050048829,831.2201629638672,850.4189153035481,822.0485989379882
2018-08-03,788.8099975585938,788.8200073242188,784.3300170898438,786.0999755859375,539000.0,791.4855041503906,830.5799967447916,849.8409154256185,822.6810989379883
2018-08-06,781.4099731445312,790.8200073242188,780.969970703125,789.260009765625,514900.0,790.1420013427735,829.4226633707682,849.4363316853841,823.2554489135742
2018-08-07,784.7000122070312,784.8800048828125,775.5,783.4500122070312,526400.0,788.7175018310547,828.252163696289,848.7926651000977,823.8635488891601
2018-08-08,783.8099975585938,789.760009765625,781.27001953125,787.2100219726562,660100.0,787.6690002441406,826.8834971110026,848.3027486165364,824.4855490112304
2018-08-09,789.47998046875,789.6799926757812,780.9500122070312,783.4299926757812,602000.0,786.178500366211,825.7298299153646,847.8547485351562,825.0803988647461
2018-08-10,784.8099975585938,792.4400024414062,781.3400268554688,789.7100219726562,620200.0,784.0244995117188,824.4276631673177,847.4832483927408,825.6623489379883
2018-08-13,755.6500244140625,780.6900024414062,755.5800170898438,780.6900024414062,619300.0,780.5214996337891,822.8503306070963,846.7134150187175,826.1050991821289
2018-08-14,761.9400024414062,766.260009765625,756.010009765625,758.3300170898438,538300.0,777.6325012207031,821.2889973958333,845.7644983927408,826.5500491333008
2018-08-16,761.1799926757812,761.5700073242188,743.6799926757812,752.0399780273438,572800.0,775.1695007324219,819.4844970703125,844.9042485555013,826.9766491699219
2018-08-17,772.2999877929688,773.3699951171875,765.030029296875,766.2899780273438,587500.0,773.9600006103516,817.8068298339844,844.043581644694,827.4020989990235
2018-08-20,769.780029296875,778.260009765625,769.2100219726562,775.8099975585938,484000.0,772.8685028076172,816.1504974365234,843.2065821329753,827.8052990722656
2018-08-21,787.1500244140625,788.9199829101562,772.5900268554688,773.1199951171875,516600.0,774.3780029296875,814.7143310546875,842.4763320922851,828.3379992675781
2018-08-22,785.9500122070312,792.7000122070312,785.8300170898438,790.8800048828125,595000.0,775.5970031738282,813.3409983317057,841.7389989217122,828.8178994750976
2018-08-23,791.280029296875,792.030029296875,782.9400024414062,788.9000244140625,595200.0,777.71650390625,811.8674987792969,841.0495824178059,829.3258996582031
2018-08-24,798.22998046875,799.3300170898438,787.1300048828125,790.760009765625,567900.0,779.3705017089844,810.6699981689453,840.5593322753906,829.8460494995118
2018-08-27,801.0399780273438,801.5800170898438,796.1099853515625,799.2899780273438,633900.0,780.723501586914,809.4503316243489,840.0660822550456,830.3723992919922
2018-08-28,798.1699829101562,806.8900146484375,797.8400268554688,806.5900268554688,673700.0,782.1420013427735,808.0921651204427,839.6758321126302,830.8884490966797
2018-08-29,803.1799926757812,803.3400268554688,798.4299926757812,800.510009765625,654400.0,783.525,806.7581654866536,839.208915201823,831.3986990356445
2018-08-30,804.469970703125,807.9099731445312,801.1900024414062,805.219970703125,752100.0,784.2359985351562,805.5419982910156,838.904248046875,831.9020989990235
2018-08-31,816.969970703125,817.8300170898438,801.6900024414062,803.1799926757812,727400.0,786.0154968261719,804.5388315836589,838.596164449056,832.4812487792968
2018-09-03,816.8400268554688,820.3499755859375,812.8499755859375,817.9299926757812,583700.0,787.4169982910156,803.3543324788411,838.1881647745769,833.0198989868164
2018-09-04,827.27001953125,828.010009765625,818.260009765625,819.3400268554688,644200.0,789.7100006103516,802.5008331298828,837.7131647745769,833.6065490722656
2018-09-05,820.0,829.6599731445312,819.4500122070312,827.719970703125,663700.0,791.475,801.5583333333333,837.1610814412435,834.1025991821289
2018-09-06,815.1799926757812,822.0999755859375,813.9099731445312,821.5,709800.0,793.0434997558593,800.5606669108073,836.5632481892903,834.4715991210937
2018-09-07,818.8599853515625,820.219970703125,810.280029296875,816.0900268554688,699500.0,794.5125,799.7990000406901,835.9668314615885,834.7835989379882
2018-09-10,816.1599731445312,820.1300048828125,814.8699951171875,819.7000122070312,618300.0,796.0799987792968,798.9646667480469,835.3145812988281,835.0242486572265
2018-09-11,820.22998046875,821.2899780273438,815.8200073242188,816.2100219726562,688200.0,799.3089965820312,798.6313334147136,834.8084147135417,835.2242987060547
2018-09-12,826.3300170898438,827.75,820.3400268554688,824.52001953125,639700.0,802.5284973144531,798.813666788737,834.2744979858398,835.4766989135742
2018-09-13,830.9500122070312,830.9500122070312,825.0999755859375,828.5399780273438,552200.0,806.0169982910156,798.6600006103515,833.8194981892904,835.7048489379882
2018-09-14,834.9099731445312,836.3599853515625,831.1699829101562,833.8400268554688,603300.0,809.1474975585937,798.804833984375,833.5135813395183,835.9324987792969
2018-09-17,828.8800048828125,837.969970703125,826.1599731445312,837.9299926757812,587200.0,812.1024963378907,798.7816670735677,833.5069147745768,836.1723986816406
2018-09-18,831.8499755859375,833.6599731445312,824.8699951171875,826.4400024414062,704500.0,814.3374938964844,798.7125,833.3249145507813,836.3476486206055
2018-09-19,826.9099731445312,834.1500244140625,824.4600219726562,833.0,788500.0,816.3854919433594,798.6376658121745,833.0588307698567,836.5184985351563
2018-09-20,821.1300048828125,832.510009765625,819.2999877929688,829.2000122070312,686600.0,817.8779907226562,798.544999186198,832.8101643880208,836.6601486206055
2018-09-21,827.8400268554688,827.9199829101562,821.3599853515625,825.1599731445312,532200.0,819.3584930419922,798.8389994303385,832.49224802653,836.9337487792968
2018-09-27,833.010009765625,834.2899780273438,827.8800048828125,828.0900268554688,551600.0,820.9569946289063,799.0855000813802,832.1749145507813,837.1901989746094
2018-09-28,822.27001953125,833.1400146484375,819.9000244140625,832.3699951171875,704200.0,822.161996459961,799.626333618164,831.7954981486002,837.4444491577149
2018-10-01,816.530029296875,825.530029296875,813.47998046875,824.8599853515625,571100.0,822.8294982910156,799.9733337402344,831.3305816650391,837.588599243164
2018-10-02,794.989990234375,818.4600219726562,794.989990234375,817.3900146484375,587800.0,822.3554992675781,799.904833984375,830.767914835612,837.6512991333008
2018-10-04,789.0,801.4600219726562,785.1400146484375,800.030029296875,528700.0,820.9570007324219,799.8206675211588,830.1018315633138,837.7256991577149
2018-10-05,773.7000122070312,791.3200073242188,769.2899780273438,784.9400024414062,573700.0,818.8,799.2341674804687,829.3163314819336,837.7522491455078
2018-10-08,767.1500244140625,784.469970703125,767.0800170898438,772.3599853515625,516000.0,815.7940002441406,798.5486673990886,828.4222483317058,837.8206991577149
2018-10-10,747.5,770.8499755859375,746.6300048828125,768.3099975585938,669600.0,812.1690002441406,797.4538340250651,827.3405817667643,837.8378991699219
2018-10-11,707.3800048828125,733.0399780273438,707.3099975585938,720.219970703125,699200.0,806.7790008544922,795.8305002848307,825.857248433431,837.5543490600586
2018-10-12,731.5,731.5,704.719970703125,704.719970703125,557300.0,802.411001586914,794.367333984375,824.6076649983723,837.4098489379883
2018-10-15,718.8699951171875,733.9000244140625,717.719970703125,732.97998046875,496900.0,797.5465026855469,792.5503336588541,823.1659983317057,837.1430990600586
2018-10-16,731.5,734.1199951171875,724.2999877929688,724.2999877929688,472800.0,793.1100036621094,790.9801666259766,821.7877482096354,836.9488491821289
2018-10-17,739.1500244140625,746.1400146484375,732.6099853515625,744.2100219726562,536500.0,788.7510040283203,789.6373341878256,820.4371653238933,836.7854992675781
2018-10-18,731.3400268554688,742.239990234375,730.0800170898438,741.2100219726562,483000.0,783.7705047607421,788.3190012613933,819.0873321533203,836.5896994018555
2018-10-19,740.47998046875,740.5399780273438,718.47998046875,725.2899780273438,440100.0,779.0490051269531,787.3855010986329,817.9019154866536,836.4611993408203
2018-10-22,744.1500244140625,744.1500244140625,733.1099853515625,736.739990234375,421600.0,774.8125061035156,786.5945017496745,816.6934158325196,836.4803494262695
2018-10-23,719.0,742.4500122070312,716.8499755859375,740.3499755859375,487800.0,769.1700073242188,785.9618347167968,815.3599156697591,836.2693493652343
2018-10-24,699.2999877929688,729.8900146484375,697.1300048828125,727.0700073242188,513800.0,762.7895080566407,784.9240010579427,813.9073323567708,835.9547991943359
2018-10-25,686.8400268554688,693.0700073242188,672.1699829101562,678.489990234375,553200.0,756.0750091552734,783.8898345947266,812.3815826416015,835.4292492675781
2018-10-26,663.0700073242188,694.3699951171875,658.1099853515625,694.3699951171875,582800.0,747.8365081787109,782.1885009765625,810.5789159138998,834.7524993896484
2018-10-29,629.7000122070312,674.77001953125,629.7000122070312,663.9500122070312,657100.0,737.6710083007813,779.7838348388672,808.4389994303385,833.8387493896485
2018-10-30,644.1400146484375,644.6500244140625,617.0,623.3300170898438,798800.0,728.7645080566406,777.689501953125,806.5072494506836,832.9478994750976
2018-10-31,648.6699829101562,650.3800048828125,638.3800048828125,648.719970703125,619000.0,720.3715057373047,775.5753346761068,804.6542490641276,832.1511993408203
2018-11-01,657.4600219726562,668.72998046875,654.6599731445312,655.1099853515625,582700.0,713.4950073242187,773.3621683756511,802.9158325195312,831.2983493041992
2018-11-02,690.6500244140625,690.6500244140625,666.5900268554688,666.5900268554688,564200.0,708.5775085449219,771.8500020345052,801.5350824991862,830.5540493774414
2018-11-05,691.9400024414062,693.2899780273438,680.1099853515625,686.760009765625,442500.0,704.4895080566406,770.2355021158854,800.4077494303385,829.8637994384766
2018-11-06,691.5499877929688,695.6500244140625,683.3099975585938,695.3200073242188,512000.0,700.709506225586,768.7378356933593,799.0802495320638,829.1469995117187
2018-11-07,682.3699951171875,700.25,677.5,693.5599975585938,599600.0,697.4530059814454,767.0323354085286,797.6422495524089,828.2962994384766
2018-11-08,693.6699829101562,697.25,691.3900146484375,695.0499877929688,747400.0,696.7675048828125,765.5300018310547,796.2067494710286,827.3993994140625
2018-11-09,687.2899780273438,695.1099853515625,680.6799926757812,694.1799926757812,791800.0,694.5570037841796,763.826835123698,794.7783325195312,826.3777993774414
2018-11-12,670.8200073242188,682.52001953125,670.1300048828125,677.9600219726562,574200.0,692.1545043945313,761.927001953125,793.1773325602213,825.2257495117187
2018-11-13,670.8499755859375,671.9299926757812,651.1900024414062,658.52001953125,542100.0,689.1220031738281,760.5136678059896,791.681999206543,824.1470993041992
2018-11-14,671.5599975585938,680.2899780273438,665.780029296875,670.25,459400.0,685.7425018310547,759.007334391276,790.1481658935547,823.0139492797852
2018-11-15,681.3800048828125,681.3800048828125,666.6300048828125,672.3200073242188,667900.0,683.2445007324219,757.6773345947265,788.5809158325195,822.0208993530273
2018-11-16,690.1799926757812,692.5999755859375,682.8699951171875,685.0499877929688,659100.0,680.7295013427735,756.3086680094401,787.0577489217122,821.106349182129
2018-11-19,702.1300048828125,702.260009765625,692.2000122070312,693.25,489400.0,678.6285003662109,755.1811676025391,785.6658325195312,820.1448492431641
2018-11-20,690.8099975585938,697.97998046875,689.5399780273438,691.530029296875,486700.0,677.2190002441406,753.5755004882812,784.1449157714844,819.1250491333008
2018-11-21,695.719970703125,695.719970703125,676.6699829101562,681.6599731445312,573900.0,677.0399993896484,752.0716664632162,782.706332397461,818.1106491088867
2018-11-22,692.3900146484375,700.4099731445312,690.0599975585938,697.8400268554688,513200.0,677.3174987792969,750.4234995524089,781.1454991658528,817.006999206543
2018-11-23,683.0599975585938,695.75,682.2100219726562,694.239990234375,578900.0,678.3169982910156,748.5039998372396,779.5869990030925,815.7870492553711
2018-11-26,695.3599853515625,697.5700073242188,685.0599975585938,685.0999755859375,470500.0,681.5999969482422,746.7426666259765,778.0964991251627,814.6590490722656
2018-11-27,700.6699829101562,702.1300048828125,693.1799926757812,698.9600219726562,521400.0,684.4264953613281,745.1176666259765,776.6049158732096,813.5945489501953
2018-11-28,700.1199951171875,703.239990234375,698.739990234375,702.989990234375,658500.0,686.9989959716797,743.4,775.0790827433268,812.5541488647461
2018-11-29,695.47998046875,710.4500122070312,694.7100219726562,709.6900024414062,667700.0,688.8999938964844,741.5835001627604,773.5627492268881,811.5341989135742
2018-11-30,695.760009765625,700.510009765625,692.7999877929688,696.989990234375,537900.0,689.1554931640625,739.5633341471354,772.0510828653971,810.7218991088868
2018-12-03,709.4600219726562,709.6500244140625,702.6500244140625,704.3800048828125,549200.0,690.031494140625,737.7736673990886,770.5639999389648,809.9783493041992
2018-12-04,708.6300048828125,711.77001953125,704.2999877929688,709.4600219726562,656100.0,690.8854949951171,735.7963338216146,769.1485834757488,809.37169921875
2018-12-05,701.1199951171875,702.6900024414062,694.8800048828125,695.1400146484375,639500.0,691.8229949951171,733.815000406901,767.6866668701172,808.5675991821289
2018-12-06,678.3800048828125,699.5399780273438,677.0900268554688,699.1500244140625,637200.0,691.05849609375,731.5350006103515,766.0478337605795,807.7464993286133
2018-12-07,685.3300170898438,687.8099975585938,679.280029296875,685.47998046875,600800.0,690.960498046875,729.309501139323,764.5542505900065,806.9569494628906
2018-12-10,670.3900146484375,680.1900024414062,667.25,675.530029296875,495100.0,690.938998413086,726.8800018310546,762.9223342895508,806.1619494628907
2018-12-11,661.010009765625,673.6099853515625,661.010009765625,673.22998046875,566800.0,690.4470001220703,724.2263356526693,761.4288345336914,805.2268493652343
2018-12-12,676.47998046875,676.97998046875,664.760009765625,664.760009765625,524500.0,690.6929992675781,721.7288350423177,760.2712509155274,804.2301992797852
2018-12-13,681.780029296875,681.780029296875,673.780029296875,678.510009765625,553300.0,690.7130004882813,719.2426686604817,758.9513346354166,803.3170495605468
2018-12-14,666.3400268554688,680.9099731445312,663.4299926757812,680.9099731445312,522200.0,689.5210021972656,716.4331695556641,757.6190017700195,802.270849609375
2018-12-17,661.9000244140625,665.77001953125,652.8400268554688,665.47998046875,550100.0,687.5095031738281,713.6501698811849,756.2159184773762,801.2292498779296
2018-12-18,659.6699829101562,665.1699829101562,653.8099975585938,654.1400146484375,675900.0,685.9525024414063,710.7805033365886,754.7465016682943,800.1536996459961
2018-12-19,672.0800170898438,673.5900268554688,661.2000122070312,663.72998046875,777000.0,684.7705047607421,708.2000040690104,753.4188349405924,799.1419497680664
2018-12-20,668.1300048828125,677.7899780273438,664.3400268554688,667.739990234375,597200.0,683.557504272461,705.6500040690104,752.0975016276042,798.1125497436524
2018-12-21,673.6400146484375,675.22998046875,667.2100219726562,667.219970703125,629600.0,683.0865051269532,703.0800038655599,750.9595016479492,797.1954498291016
2018-12-24,669.7899780273438,673.47998046875,668.4600219726562,671.780029296875,690900.0,681.8080047607422,700.3596700032552,749.7225850423177,796.2432498168945
2018-12-26,665.739990234375,666.6900024414062,655.7999877929688,658.7000122070312,696000.0,680.0615051269531,697.7508361816406,748.6885848999024,795.3469497680665
2018-12-27,667.8800048828125,678.8599853515625,667.1300048828125,678.8599853515625,576000.0,678.4495056152343,695.2733357747396,747.623334757487,794.3902996826172
2018-12-28,675.6500244140625,675.8900146484375,669.7100219726562,670.8300170898438,598200.0,677.4580078125,693.284336344401,746.594585164388,793.5633996582031
2019-01-02,669.3699951171875,683.0900268554688,667.7100219726562,682.1599731445312,539500.0,676.1385070800782,691.2905029296875,745.5555852254232,792.6405496215821
2019-01-03,657.02001953125,673.6099853515625,656.8499755859375,671.97998046875,656300.0,673.5165069580078,689.3458363850912,744.29000193278,791.5966497802734
2019-01-04,664.489990234375,664.489990234375,648.9500122070312,655.6199951171875,554500.0,671.3095062255859,687.6348358154297,743.0917516072591,790.4977496337891
2019-01-07,672.8400268554688,675.3099975585938,669.0700073242188,672.760009765625,584300.0,669.8955078125,686.3905029296875,741.9221684773763,789.4306997680665
2019-01-08,668.489990234375,675.0499877929688,667.010009765625,674.530029296875,623500.0,669.4010070800781,685.7423360188802,740.7864181518555,788.3385498046875
2019-01-09,679.739990234375,681.1199951171875,671.9500122070312,672.3800048828125,622000.0,669.1215057373047,684.8796691894531,739.623501586914,787.2850997924804
2019-01-10,683.3400268554688,685.6500244140625,678.22998046875,680.6099853515625,735100.0,669.7690063476563,684.2875030517578,738.418918355306,786.229649963379
2019-01-11,686.3300170898438,688.010009765625,683.5900268554688,686.0900268554688,701500.0,671.0350067138672,683.5346700032552,737.2574183146158,785.2564501953125
2019-01-14,683.0900268554688,687.4199829101562,682.5399780273438,687.4199829101562,613300.0,671.3655090332031,682.6003367106119,736.1188354492188,784.2199002075196
2019-01-15,690.3900146484375,691.5599975585938,684.3200073242188,684.969970703125,639000.0,671.7960083007813,681.9178365071615,735.1184188842774,783.2441003417969
2019-01-16,693.3800048828125,693.5,687.4299926757812,692.719970703125,788300.0,673.1480072021484,681.1328369140625,734.2591690063476,782.352900390625
2019-01-17,686.3499755859375,696.2100219726562,686.27001953125,694.9400024414062,862700.0,674.3705047607422,680.169502766927,733.3820022583008,781.6362503051757
2019-01-18,696.3400268554688,696.3400268554688,689.7999877929688,690.8300170898438,820000.0,676.2040069580078,679.7918365478515,732.8768356323242,780.8495004272461
2019-01-21,695.6199951171875,698.739990234375,692.9500122070312,698.739990234375,794300.0,677.381005859375,679.7305033365885,732.3272521972656,780.0334002685547
2019-01-22,694.5499877929688,698.2999877929688,692.4500122070312,698.0,794400.0,678.7020050048828,679.8590026855469,731.8744186401367,779.2513003540039
2019-01-23,695.6300048828125,697.0599975585938,690.9099731445312,691.5,683200.0,679.8015045166015,680.4016693115234,731.295085144043,778.399500427246
2019-01-24,704.4099731445312,704.780029296875,696.7999877929688,696.969970703125,605800.0,681.532504272461,681.6468353271484,730.7153350830079,777.5661001586914
2019-01-25,711.3800048828125,712.6699829101562,704.6699829101562,705.6599731445312,631600.0,683.8145050048828,682.7675018310547,730.2285018920899,776.7840002441407
2019-01-28,714.260009765625,717.3099975585938,711.9600219726562,713.4099731445312,664300.0,686.1335052490234,683.8606689453125,729.7180018107097,775.9937002563477
2019-01-29,710.989990234375,713.6500244140625,705.8900146484375,712.6500244140625,703400.0,687.900503540039,684.7528350830078,729.0575017293294,775.2361001586914
2019-01-30,715.2999877929688,716.77001953125,711.7100219726562,712.8699951171875,719200.0,690.1970031738281,685.1636678059896,728.5068349202473,774.4679501342773
2019-01-31,716.8599853515625,721.5800170898438,714.3099975585938,719.9299926757812,684500.0,693.1890014648437,685.5790008544922,727.9072514851888,773.7124499511718
2019-02-01,716.9199829101562,719.739990234375,714.6599731445312,719.0800170898438,643300.0,695.8105010986328,686.0018341064454,727.3698348999023,772.9248498535156
2019-02-07,728.7899780273438,728.8900146484375,717.530029296875,719.8599853515625,713100.0,698.6079986572265,686.7755004882813,726.9039179484049,772.1822998046875
2019-02-08,728.739990234375,729.739990234375,724.989990234375,726.4000244140625,736600.0,701.6204986572266,687.3600006103516,726.4450012207031,771.3990997314453
2019-02-11,733.469970703125,733.9400024414062,730.3200073242188,731.8200073242188,704600.0,704.306997680664,688.1296671549479,725.9782511393229,770.6591995239257
2019-02-12,730.5800170898438,735.1400146484375,729.52001953125,734.8699951171875,692200.0,706.6689971923828,689.1256673177083,725.5263346354167,769.852749633789
2019-02-13,739.9099731445312,740.4400024414062,733.3699951171875,734.5599975585938,798600.0,709.3479949951172,690.2766672770182,725.395167541504,769.0678494262695
2019-02-14,742.27001953125,742.4600219726562,737.0700073242188,740.6900024414062,738300.0,712.3069946289063,691.4551676432292,725.2312510172526,768.2730996704101
2019-02-15,738.6599731445312,743.2000122070312,734.3699951171875,741.530029296875,738000.0,714.720492553711,692.4098337809245,725.0435841878256,767.4997994995117
2019-02-18,745.3300170898438,746.8099975585938,742.5,743.530029296875,734400.0,717.3179931640625,693.3290008544922,724.8188344319661,766.8127996826172
2019-02-19,748.0499877929688,748.6900024414062,741.2000122070312,746.5,793900.0,720.4029937744141,694.0943339029948,724.6377507527669,766.1071997070312
2019-02-20,750.6900024414062,751.6599731445312,747.5599975585938,749.52001953125,885300.0,723.120492553711,695.092333984375,724.3339172363281,765.465549621582
2019-02-21,747.3300170898438,752.75,744.8699951171875,752.2999877929688,956600.0,725.7059936523438,695.9525014241536,724.0120839436848,764.8341497802735
2019-02-22,743.3800048828125,748.1099853515625,740.9400024414062,747.25,965500.0,728.147494506836,696.8023345947265,723.6129170735677,764.2013998413086
2019-02-25,750.4000244140625,750.9299926757812,746.2999877929688,746.7899780273438,735800.0,730.8859954833985,697.9246683756511,723.2143341064453,763.5564498901367
2019-02-26,747.0900268554688,753.6599731445312,746.1199951171875,752.25,956600.0,733.0199981689453,698.7868357340495,722.764751180013,762.8594500732422
2019-02-27,752.1599731445312,752.1599731445312,747.1599731445312,748.1099853515625,921700.0,735.0589965820312,699.6450022379557,722.3813344319661,762.2404998779297
2019-02-28,731.25,755.9199829101562,731.25,753.2899780273438,1016500.0,735.90849609375,700.1638356526693,721.7819178263346,761.5415997314453
2019-03-04,748.0700073242188,748.8699951171875,739.1900024414062,739.1900024414062,707600.0,737.7624969482422,701.0403361002604,721.3119181315104,760.9515997314453
2019-03-05,747.9500122070312,751.4500122070312,743.7999877929688,746.9000244140625,753400.0,739.3949981689453,701.9101694742839,720.7367518107096,760.4096496582031
2019-03-06,746.7000122070312,750.8099975585938,741.6799926757812,750.1300048828125,847000.0,740.8869995117187,702.5308359781901,720.1522516886394,760.0070498657227
2019-03-07,736.8300170898438,750.1300048828125,733.489990234375,746.2100219726562,897300.0,741.8825012207031,703.0008361816406,719.3985850016276,759.4369500732422
2019-03-08,735.969970703125,739.5900268554688,730.4199829101562,733.3800048828125,871200.0,742.2415008544922,703.5816691080729,718.698334757487,758.8421499633789
2019-03-11,739.0900268554688,739.0999755859375,726.1099853515625,737.27001953125,687000.0,742.7590026855469,704.5935028076171,718.0642517089843,758.2079501342773
2019-03-12,754.760009765625,754.760009765625,745.760009765625,745.760009765625,792800.0,743.8235046386719,705.7506693522135,717.5300852457682,757.6882501220703
2019-03-13,754.8900146484375,758.9000244140625,750.489990234375,755.2999877929688,797100.0,745.0390045166016,707.1590026855469,717.0195022583008,757.1480001831055
2019-03-14,755.4199829101562,762.4099731445312,755.4199829101562,758.530029296875,644000.0,745.8145050048828,708.7325022379557,716.4794189453125,756.6736502075196
2019-03-15,748.3599853515625,757.2899780273438,743.3400268554688,756.8200073242188,881400.0,746.1190032958984,709.9305023193359,715.8296686808268,756.1373501586914
2019-03-18,753.1300048828125,755.8900146484375,748.7000122070312,752.1500244140625,705200.0,746.8425048828125,711.1196685791016,715.1811686197917,755.5557501220703
2019-03-19,748.9099731445312,757.8800048828125,748.760009765625,757.0700073242188,984700.0,747.0215026855469,712.4958343505859,714.464501953125,754.9354998779297
2019-03-20,749.760009765625,750.5,741.25,750.5,880100.0,747.1070037841797,713.9601674397786,713.8051686604817,754.3385000610351
2019-03-21,743.52001953125,753.97998046875,742.030029296875,750.7899780273438,795600.0,746.7485046386719,715.3576680501302,713.0690856933594,753.6895001220703
2019-03-22,743.969970703125,748.0499877929688,741.030029296875,747.8699951171875,752400.0,746.5805023193359,716.5558339436849,712.3779190063476,753.0676000976563
2019-03-25,727.2100219726562,737.219970703125,726.9299926757812,733.510009765625,696300.0,745.7720031738281,717.5405008951823,711.5952524820964,752.3052001953125
2019-03-26,736.8099975585938,737.5,729.219970703125,732.760009765625,656400.0,745.0925018310547,718.5933339436849,710.8366689046223,751.6388500976562
2019-03-27,728.4500122070312,739.219970703125,728.4299926757812,739.219970703125,748800.0,744.1605010986328,719.571001180013,709.9653355916341,750.9100003051758
2019-03-28,719.719970703125,728.5599975585938,719.719970703125,727.7000122070312,695500.0,742.5385009765625,720.4706675211588,709.1107518513998,750.1103002929688
2019-03-29,729.3099975585938,729.3099975585938,714.530029296875,723.6400146484375,779300.0,742.4415008544922,721.4945007324219,708.3839182535808,749.3407504272461
2019-04-01,736.8099975585938,737.6900024414062,729.739990234375,731.5,704800.0,741.8785003662109,722.5138336181641,707.8990849812825,748.637600402832
2019-04-02,739.5700073242188,740.9400024414062,737.1799926757812,740.9400024414062,955900.0,741.4595001220703,723.6838338216146,707.4871683756511,747.9496505737304
2019-04-03,749.2999877929688,749.2999877929688,740.72998046875,741.760009765625,807500.0,741.5894989013672,725.2218332926433,707.2838348388672,747.2566006469726
2019-04-04,751.5800170898438,753.3900146484375,746.2899780273438,750.9000244140625,879700.0,742.3269989013672,726.6733337402344,707.154084777832,746.6221008300781
2019-04-05,751.7100219726562,753.969970703125,748.7899780273438,752.280029296875,788500.0,743.1140014648438,727.9878336588541,707.1891682942709,745.9979010009765
2019-04-08,751.9199829101562,756.1599731445312,750.02001953125,755.3200073242188,762400.0,743.7554992675781,729.3783335367839,707.560334777832,745.3823010253906
2019-04-09,756.8099975585938,756.9199829101562,749.8699951171875,753.719970703125,836600.0,743.8579986572265,730.6628336588542,707.7712514241537,744.8435510253906
2019-04-10,760.1500244140625,760.1500244140625,754.0499877929688,755.72998046875,744500.0,744.1209991455078,731.9430002848308,708.1152516682943,744.3132012939453
2019-04-11,766.489990234375,766.5599975585938,762.1300048828125,762.1500244140625,760900.0,744.6744995117188,733.2789998372396,708.4068349202474,743.9445013427735
2019-04-12,767.8499755859375,769.0900268554688,762.989990234375,765.5999755859375,926500.0,745.6489990234375,734.6916656494141,708.6460011800131,743.706801147461
2019-04-15,766.75,770.6599731445312,765.6199951171875,770.6300048828125,952000.0,746.3299987792968,735.9643320719401,708.9410842895508,743.3397012329101
2019-04-16,765.02001953125,767.72998046875,758.6900024414062,767.5900268554688,979300.0,747.1355010986329,737.1583323160808,709.1455846150716,743.0337014770507
2019-04-17,766.8900146484375,768.4299926757812,765.3599853515625,766.7000122070312,1063500.0,747.9920013427734,738.5006663004557,709.3350845336914,742.7168014526367
2019-04-18,753.52001953125,767.8499755859375,751.5900268554688,767.739990234375,904500.0,748.4920013427734,739.4536661783854,709.6227513631185,742.3044015502929
2019-04-19,762.5700073242188,762.9500122070312,757.3499755859375,757.4199829101562,773500.0,749.4220031738281,740.5694997151693,710.1500015258789,741.9602514648437
2019-04-22,762.010009765625,767.02001953125,760.02001953125,764.3699951171875,691800.0,751.1620025634766,741.6938334147136,710.7764180501302,741.6368515014649
2019-04-23,761.4199829101562,764.47998046875,756.77001953125,763.5800170898438,895100.0,752.3925018310547,742.7903330485026,711.596001180013,741.3929513549805
2019-04-24,757.8200073242188,765.02001953125,755.9299926757812,765.0,886600.0,753.8610015869141,743.6805002848307,712.6636678059896,741.090951538086
2019-04-25,750.4299926757812,757.6400146484375,750.4299926757812,757.6400146484375,946900.0,755.3965026855469,744.3313334147135,713.5494176228841,740.8940014648438
2019-04-26,741.0,750.22998046875,739.8400268554688,748.2999877929688,865200.0,755.9810028076172,744.7769999186198,714.3188344319661,740.6204513549804
2019-04-29,750.5999755859375,750.5999755859375,742.4299926757812,744.010009765625,754700.0,756.6705017089844,745.4371663411458,715.0950007120769,740.3779513549805
2019-04-30,754.739990234375,755.1099853515625,746.4199829101562,751.4000244140625,671000.0,757.4290008544922,746.0944997151693,715.6290837605794,740.1814013671875
2019-05-02,760.3800048828125,760.9400024414062,753.4299926757812,753.510009765625,779400.0,757.9830017089844,746.8198333740235,716.1994171142578,739.9388513183594
2019-05-03,761.8200073242188,762.719970703125,758.4199829101562,761.1300048828125,701300.0,758.4950012207031,747.5681671142578,716.7850006103515,739.7065512084961
2019-05-07,753.4500122070312,757.969970703125,749.27001953125,751.260009765625,728000.0,758.5820007324219,747.9791676839193,717.3773340861003,739.4078512573242
2019-05-08,745.3699951171875,751.5499877929688,745.3599853515625,745.8599853515625,922700.0,758.2545013427734,748.2563344319661,717.8081675211589,739.1108010864258
2019-05-09,724.219970703125,747.9600219726562,722.5999755859375,746.9600219726562,992100.0,756.625,748.1021677652994,718.1159174601237,738.6354510498047
2019-05-10,722.6199951171875,729.8400268554688,712.1500244140625,726.0599975585938,916500.0,754.7484985351563,747.9695007324219,718.5475840250651,738.1091009521484
2019-05-13,708.7999877929688,724.780029296875,708.77001953125,722.1900024414062,916400.0,751.8639984130859,747.4510009765625,718.8638341267904,737.52455078125
2019-05-14,710.1599731445312,714.7999877929688,698.2999877929688,698.8599853515625,1072300.0,748.9794982910156,746.9158335367839,719.1855005900065,736.9767507934571
2019-05-15,729.5999755859375,729.6300048828125,713.489990234375,714.9400024414062,859400.0,747.1219970703125,746.764833577474,719.5873336791992,736.5725506591797
2019-05-16,717.5900268554688,731.780029296875,716.6799926757812,731.0900268554688,911800.0,744.7504974365235,746.302500406901,719.8157506306966,736.1780508422852
2019-05-17,714.1300048828125,727.5599975585938,713.9400024414062,723.9400024414062,783600.0,742.1124969482422,745.7371673583984,719.9157506306966,735.7906509399414
2019-05-20,702.0800170898438,719.5700073242188,701.760009765625,717.1199951171875,733200.0,739.5404968261719,744.9270009358723,720.0096674601238,735.5162509155274
2019-05-21,703.97998046875,708.1599731445312,700.0,701.8300170898438,792000.0,736.6109954833985,744.2045003255208,720.0785008748372,735.22830078125
2019-05-22,706.9299926757812,710.4600219726562,702.25,709.3800048828125,723700.0,733.8569946289062,743.5970001220703,720.1996673583984,735.0185006713867
2019-05-23,696.8900146484375,707.9500122070312,696.8800048828125,707.739990234375,902800.0,730.6304962158204,742.7051666259765,720.3149175008137,734.6772006225586
2019-05-24,690.030029296875,696.75,686.719970703125,694.02001953125,862100.0,727.2409973144531,741.7541666666667,720.2705012003581,734.2574508666992
2019-05-27,689.6699829101562,696.2999877929688,684.0700073242188,692.0599975585938,782600.0,724.2029968261719,740.7126668294271,720.1788345336914,733.8568008422851
2019-05-28,702.760009765625,702.760009765625,690.780029296875,691.5499877929688,724000.0,722.2909973144531,740.2378336588541,720.2008346557617,733.493000793457
2019-05-29,691.469970703125,699.530029296875,689.9000244140625,699.1199951171875,849800.0,719.3344970703125,739.2944997151693,720.1674179077148,732.9991006469727
2019-05-30,689.3300170898438,696.4500122070312,685.3099975585938,692.5999755859375,669500.0,716.063998413086,738.3174997965494,720.1138346354167,732.5388507080078
2019-05-31,696.469970703125,699.4000244140625,687.7100219726562,688.7000122070312,642100.0,712.8684967041015,737.4803324381511,720.0055842081706,732.0771505737305
2019-06-03,697.5,698.3499755859375,691.7999877929688,693.260009765625,643000.0,709.6524963378906,736.8248321533204,719.9128341674805,731.6576007080079
2019-06-04,702.530029296875,702.530029296875,697.2000122070312,699.1199951171875,657100.0,707.1064971923828,736.2674997965495,719.9245844523113,731.2467507934571
2019-06-05,707.75,710.1099853515625,706.760009765625,709.0700073242188,616900.0,705.2254974365235,735.745166015625,720.1693344116211,730.866450805664
2019-06-07,716.530029296875,716.5599975585938,708.72998046875,711.77001953125,723200.0,704.8410003662109,735.1079996744792,720.4293345133464,730.5017010498046
2019-06-10,721.1400146484375,721.5,717.0800170898438,721.1199951171875,763000.0,704.7670013427735,734.5454996744792,720.852251180013,730.1833511352539
2019-06-11,728.7899780273438,728.7899780273438,722.510009765625,723.6099853515625,897000.0,705.7665008544922,734.1016662597656,721.4170842488606,730.0490509033203
2019-06-12,724.3200073242188,729.0599975585938,721.9099731445312,729.0599975585938,724100.0,706.4745025634766,733.7009999593099,721.815751139323,729.8609509277344
2019-06-13,726.6799926757812,730.8599853515625,721.8699951171875,724.5700073242188,839500.0,706.3285034179687,733.260166422526,722.1899175008137,729.6884509277344
2019-06-14,722.25,729.3900146484375,721.4400024414062,729.3900146484375,843400.0,706.5615020751953,732.8158335367839,722.6558339436849,729.4382009887695
2019-06-17,719.1300048828125,723.9000244140625,718.6199951171875,723.52001953125,758000.0,706.8115020751953,732.3053334554037,723.1327504475911,729.1849508666992
2019-06-18,714.8599853515625,723.7899780273438,713.1699829101562,721.25,1047000.0,707.4505004882812,731.8276662190755,723.5926671346028,728.8235006713867
2019-06-19,717.7100219726562,722.6599731445312,714.97998046875,721.6599731445312,979400.0,708.1370025634766,731.3900004069011,723.972917175293,728.4823007202149
2019-06-20,727.3200073242188,727.3400268554688,719.3099975585938,719.5399780273438,1004500.0,709.1565032958985,731.3918334960938,724.466167195638,728.1625006103516
2019-06-21,722.6400146484375,729.2000122070312,721.9600219726562,729.2000122070312,1100600.0,710.4440032958985,731.1556671142578,724.8745005289713,727.78455078125
2019-06-24,717.6900024414062,725.0499877929688,717.219970703125,725.0399780273438,924000.0,711.827001953125,730.9763336181641,725.2736673990886,727.3678009033204
2019-06-25,710.02001953125,720.0599975585938,707.6400146484375,719.030029296875,1058000.0,712.8445037841797,730.8146677652995,725.6426676432292,726.9270510864258
2019-06-26,709.3699951171875,713.5700073242188,706.4400024414062,710.1500244140625,981400.0,713.1750030517578,730.482334391276,725.9884175618489,726.4580010986328
2019-06-27,698.2100219726562,713.1400146484375,694.530029296875,711.1799926757812,910000.0,713.5120056152343,729.8390014648437,726.176417541504,725.9267013549804
2019-06-28,690.530029296875,700.4199829101562,687.2899780273438,698.6300048828125,784800.0,713.5720062255859,729.0216684977214,726.352751159668,725.2945016479492
2019-07-01,696.0,697.969970703125,692.760009765625,696.3800048828125,734400.0,713.5485076904297,728.1333353678385,726.6775843302408,724.6903015136719
2019-07-02,696.25,699.4400024414062,693.1900024414062,695.7999877929688,696400.0,713.4860076904297,727.2111684163411,726.9422510782878,724.0352014160156
2019-07-03,693.0399780273438,698.8900146484375,689.8599853515625,697.6799926757812,676300.0,713.0115051269531,726.2333343505859,727.1105840047201,723.4004013061524
2019-07-04,691.27001953125,694.6300048828125,682.72998046875,693.9600219726562,763500.0,712.1875061035156,725.2225016276042,727.300417582194,722.7808514404297
2019-07-05,694.1699829101562,694.3900146484375,686.9299926757812,692.8599853515625,729800.0,711.0695037841797,724.1785013834635,727.4206675211589,722.1574014282227
2019-07-08,668.719970703125,691.969970703125,668.719970703125,691.969970703125,766600.0,708.4485015869141,722.6546671549479,727.2988337198893,721.4202014160156
2019-07-09,657.7999877929688,675.0900268554688,657.77001953125,670.760009765625,879100.0,704.8990020751953,720.8431671142578,727.0610834757487,720.6080514526367
2019-07-10,666.9000244140625,670.6799926757812,660.6199951171875,662.2999877929688,774800.0,702.0280029296875,719.1606679280599,726.926166788737,719.8109014892578
2019-07-11,677.0900268554688,677.1099853515625,668.4199829101562,669.97998046875,791100.0,699.5485046386718,717.6663350423177,726.815333557129,719.0416015625
2019-07-12,681.1699829101562,682.6500244140625,673.760009765625,677.8699951171875,735700.0,697.4945037841796,716.2688344319662,726.7135833740234,718.2729016113282
2019-07-15,674.7899780273438,682.3599853515625,671.7100219726562,682.3599853515625,715700.0,695.2775024414062,714.7338338216146,726.6172500610352,717.5024514770507
2019-07-16,674.4199829101562,679.6900024414062,672.77001953125,675.6699829101562,824300.0,693.255502319336,713.4154998779297,726.4345830281576,716.7153015136719
2019-07-17,666.280029296875,673.3400268554688,661.9299926757812,673.0800170898438,901100.0,690.6840026855468,711.8106669108073,726.1900833129882,715.9121517944336
2019-07-18,665.1500244140625,669.469970703125,661.8200073242188,665.0900268554688,837100.0,687.5755035400391,710.1963338216145,725.9450836181641,715.1322518920898
2019-07-19,674.0599975585938,674.0599975585938,668.2000122070312,668.2000122070312,756200.0,685.1465026855469,708.7403340657552,725.7653335571289,714.3633517456054
2019-07-22,674.780029296875,675.47998046875,671.4400024414062,674.0,645000.0,683.0010040283203,707.3563344319662,725.5184173583984,713.5722018432617
2019-07-23,668.6500244140625,678.27001953125,666.7899780273438,675.8400268554688,894100.0,680.932504272461,705.9933349609375,725.1623341878255,712.8041018676757
2019-07-24,659.8300170898438,672.3599853515625,659.260009765625,670.3099975585938,971500.0,678.4555053710938,704.6405019124348,724.7087509155274,712.0206018066406
2019-07-25,652.4000244140625,661.6199951171875,647.3800048828125,660.2999877929688,871100.0,676.165005493164,703.0038360595703,724.2205012003581,711.3076519775391
2019-07-26,644.5900268554688,652.3800048828125,640.4299926757812,650.2999877929688,886300.0,673.8680053710938,701.1680033365885,723.631251525879,710.5856021118165
2019-07-29,618.780029296875,643.3400268554688,618.780029296875,643.3400268554688,795300.0,670.0070068359375,698.8080037434896,722.8139185587565,709.8110021972657
2019-07-30,625.6400146484375,630.6099853515625,620.3300170898438,620.3300170898438,716200.0,666.4765075683594,696.5383371988933,722.0532521565755,709.1034521484376
2019-07-31,630.1799926757812,631.4299926757812,610.7000122070312,625.0499877929688,770600.0,663.3335083007812,694.4838368733724,721.2315022786458,708.5168521118164
2019-08-01,622.260009765625,634.4400024414062,622.25,627.9400024414062,694200.0,659.8830078125,692.4320037841796,720.344169108073,708.0912521362304
2019-08-02,615.7000122070312,622.3599853515625,607.010009765625,612.010009765625,601200.0,655.9595092773437,690.6233378092448,719.3627527872721,707.5122521972656
2019-08-05,569.7899780273438,615.22998046875,569.780029296875,614.6900024414062,821200.0,651.0130096435547,688.0761708577473,718.0228357950847,706.7668521118164
2019-08-06,551.5,577.510009765625,540.8300170898438,555.0700073242188,973700.0,645.6980102539062,685.4545043945312,716.4527526855469,705.8668521118165
2019-08-07,564.6400146484375,567.52001953125,554.1799926757812,562.469970703125,836000.0,640.585009765625,683.0291717529296,714.9725026448567,704.9943020629883
2019-08-08,585.4400024414062,585.4400024414062,571.0,571.5900268554688,929200.0,636.0025085449219,680.6265055338541,713.695669555664,704.264801940918
2019-08-09,590.0399780273438,593.280029296875,585.9400024414062,590.510009765625,690900.0,631.4460083007813,678.5006713867188,712.4015858968099,703.512601928711
2019-08-12,594.1699829101562,594.7000122070312,585.0700073242188,590.4299926757812,707400.0,627.4150085449219,676.5013376871744,711.1192525227865,702.7627017211914
2019-08-13,590.75,593.97998046875,588.469970703125,589.7100219726562,755900.0,623.2315093994141,674.6458374023438,709.7864191691081,702.1214517211914
2019-08-14,597.1500244140625,601.4600219726562,596.22998046875,600.3499755859375,793600.0,619.7750091552734,672.8653381347656,708.5349192301433,701.6107019042969
2019-08-16,591.5700073242188,592.8200073242188,587.489990234375,590.0399780273438,684000.0,616.0960083007812,670.9426717122395,707.269835917155,701.1343518066407
2019-08-19,594.6500244140625,597.5900268554688,591.2100219726562,596.4199829101562,707000.0,612.1255096435547,669.238671875,705.9719192504883,700.7922518920899
2019-08-20,607.010009765625,607.8699951171875,595.6199951171875,597.1500244140625,914600.0,608.7370086669922,667.8550048828125,704.8045857747396,700.6788018798828
2019-08-21,615.9600219726562,615.9600219726562,604.8300170898438,605.8300170898438,821000.0,606.1025085449219,666.6265055338541,703.6695861816406,700.5379019165039
2019-08-22,612.25,618.72998046875,611.6699829101562,618.3400268554688,850900.0,603.7235076904296,665.1180053710938,702.677919514974,700.3558020019532
2019-08-23,608.97998046875,612.6300048828125,605.9299926757812,606.280029296875,706400.0,601.5525054931641,663.7431722005208,701.518835957845,700.1134017944336
2019-08-26,582.9099731445312,598.0800170898438,582.77001953125,594.25,711400.0,598.4685028076171,661.9695048014323,700.1435022989909,699.574701538086
2019-08-27,588.3200073242188,596.4299926757812,587.4199829101562,592.3800048828125,651100.0,596.9455017089844,660.1670054117839,698.8236689249675,699.0566015625
2019-08-28,602.9000244140625,602.9000244140625,590.3599853515625,590.6699829101562,698500.0,595.8085021972656,658.5903391520183,697.7075856526693,698.6133517456054
2019-08-29,599.5700073242188,605.3900146484375,595.260009765625,604.1900024414062,681500.0,594.2780029296875,656.8743387858073,696.5709192911784,698.1993518066406
2019-08-30,610.5499877929688,611.1099853515625,606.6500244140625,607.1400146484375,787600.0,593.6925018310546,655.2543385823568,695.4997522989909,697.7837518310547
2019-09-02,619.8099975585938,619.9000244140625,608.969970703125,609.4600219726562,683800.0,593.8980010986328,653.6423380533854,694.3751688639323,697.4463519287109
2019-09-03,620.02001953125,623.3400268554688,619.280029296875,619.8599853515625,777400.0,596.4095031738282,651.9570048014323,693.2512522379558,697.192351989746
2019-09-04,629.3099975585938,629.3099975585938,619.4600219726562,619.6099853515625,792600.0,600.3000030517578,650.2990051269531,692.2003356933594,696.9846520996093
2019-09-05,632.989990234375,634.9600219726562,631.3800048828125,633.1900024414062,948700.0,603.7175018310547,648.7768381754557,691.2389190673828,696.7918020629883
2019-09-06,631.1500244140625,637.3300170898438,630.5999755859375,637.3300170898438,882300.0,606.0030029296875,647.1846720377604,690.2224192301433,696.5406521606445
2019-09-09,625.77001953125,634.2999877929688,625.280029296875,633.6099853515625,709700.0,607.7895050048828,645.5766723632812,689.1962529500325,696.2186022949219
2019-09-10,623.25,628.8099975585938,621.9500122070312,627.77001953125,830400.0,609.243505859375,643.978672281901,688.1420028686523,695.8242022705078
2019-09-11,630.3699951171875,632.4199829101562,624.780029296875,625.8099975585938,718200.0,611.2245056152344,642.5705057779948,687.1990859985351,695.5220022583007
2019-09-16,638.5900268554688,638.5900268554688,630.1599731445312,634.6699829101562,622100.0,613.2965057373046,641.2518391927083,686.3209197998046,695.2363525390625
2019-09-17,644.280029296875,646.0499877929688,636.0,637.0999755859375,823500.0,615.9320068359375,639.8678395589193,685.6298365275065,694.9958026123047
2019-09-18,645.1199951171875,648.9500122070312,644.3200073242188,646.25,909100.0,618.4555053710938,638.5758392333985,684.8657531738281,694.8061026000977
2019-09-19,645.7100219726562,651.4500122070312,643.0,646.8300170898438,867300.0,620.3905059814454,637.3761728922526,684.1762532552083,694.5578527832031
2019-09-20,649.0700073242188,650.030029296875,645.9099731445312,647.5,844700.0,622.0460052490234,636.3603393554688,683.5875035603841,694.2998529052734
2019-09-23,645.010009765625,649.219970703125,644.3900146484375,648.8099975585938,747600.0,623.6840057373047,635.2876729329427,682.8850036621094,694.0243029785156
2019-09-24,641.8499755859375,646.5999755859375,641.1699829101562,643.4500122070312,778000.0,625.327505493164,634.3483388264974,682.0936701456706,693.7561529541016
2019-09-25,626.760009765625,641.22998046875,626.02001953125,641.0800170898438,987700.0,627.5200073242188,633.2855051676432,681.1535868326823,693.4111529541016
2019-09-26,628.4199829101562,635.6400146484375,622.5499877929688,632.3099975585938,838500.0,629.5250061035156,632.1591715494792,680.1462534586589,693.005952758789
2019-09-27,626.9299926757812,628.4099731445312,623.3200073242188,628.4099731445312,724100.0,630.7265045166016,631.0038380940755,679.1075032552084,692.5974526977539
2019-09-30,621.760009765625,627.2999877929688,615.6400146484375,625.6900024414062,746000.0,631.8360046386719,629.8158386230468,678.0245864868164,692.200652770996
2019-10-01,632.0999755859375,632.1199951171875,621.760009765625,623.7000122070312,875300.0,632.9135040283203,628.8296712239584,677.0260864257813,691.9692526245117
2019-10-02,624.510009765625,630.6199951171875,624.469970703125,627.75,1252800.0,633.1485046386719,627.6686716715495,675.9235865275065,691.6651525878906
2019-10-04,621.8400268554688,627.1500244140625,619.530029296875,623.0800170898438,793000.0,633.2395050048829,626.8873392740885,674.7710032145183,691.4224026489258
2019-10-07,627.2100219726562,627.8200073242188,622.4500122070312,625.25,753100.0,633.1345062255859,626.3775065104167,673.6103368123372,691.2534027099609
2019-10-08,635.4099731445312,635.9400024414062,624.9199829101562,628.030029296875,864400.0,633.2555053710937,625.8526723225912,672.5066701253255,691.0480526733398
2019-10-10,634.72998046875,635.8499755859375,630.5900268554688,633.9600219726562,715200.0,633.4345031738281,625.1466715494792,671.4065032958985,690.8128024291992
2019-10-11,632.9500122070312,638.489990234375,632.9199829101562,638.219970703125,767500.0,633.7935028076172,624.3430053710938,670.3059199015299,690.645852355957
2019-10-14,641.4600219726562,643.4099731445312,637.6900024414062,638.6500244140625,681400.0,634.70400390625,623.7875061035156,669.2606699625651,690.54365234375
2019-10-15,646.7999877929688,647.4000244140625,641.489990234375,641.510009765625,737800.0,635.525503540039,623.3271728515625,668.3713363647461,690.4793023681641
2019-10-16,651.9600219726562,652.72998046875,649.8800048828125,650.6099853515625,860300.0,636.1940032958985,623.0885060628256,667.4495864868164,690.3787023925781
2019-10-17,649.2899780273438,654.6699829101562,646.6099853515625,653.0800170898438,1042700.0,636.4445007324218,622.8241719563802,666.5102528889973,690.2845022583008
2019-10-18,646.6900024414062,651.969970703125,645.5900268554688,651.5499877929688,866100.0,636.5230010986328,622.3680053710938,665.5541697184245,690.1497521972656
2019-10-21,649.1799926757812,649.1799926757812,645.3499755859375,646.7899780273438,767900.0,636.696499633789,621.9413380940755,664.6488362630208,690.0467022705078
2019-10-22,655.9099731445312,660.3499755859375,651.0999755859375,653.1699829101562,900.0,637.0384979248047,621.72900390625,663.8611694335938,689.9975521850586
2019-10-23,658.97998046875,660.3800048828125,654.780029296875,656.8800048828125,1000.0,637.7369964599609,621.7148366292317,663.1776692708333,689.9530520629883
2019-10-24,658.75,662.27001953125,647.530029296875,658.530029296875,1100.0,638.581997680664,621.820669555664,662.4122528076172,689.868551940918
2019-10-25,652.3699951171875,658.77001953125,651.2899780273438,657.5999755859375,1000.0,639.8624969482422,621.9503356933594,661.559169514974,689.783551940918
2019-10-28,652.4199829101562,657.2899780273438,651.9500122070312,655.0499877929688,900.0,641.0624969482421,622.5110015869141,660.6595026652018,689.7605517578126
2019-10-29,658.2999877929688,658.760009765625,653.8300170898438,656.8499755859375,1000.0,642.6309967041016,623.0553344726562,659.7968358357747,689.7296017456055
2019-10-30,655.0399780273438,660.5999755859375,654.1500244140625,660.5999755859375,900.0,644.2949951171875,623.469667561849,658.9767522176106,689.6406015014649
2019-10-31,658.52001953125,661.6500244140625,656.9600219726562,658.4500122070312,900.0,645.6159973144531,624.0740010579427,658.2530024210612,689.5907516479492
2019-11-01,662.3400268554688,662.3400268554688,656.1300048828125,658.1599731445312,800.0,647.5074981689453,624.8513346354167,657.7373362223308,689.5037518310547
2019-11-04,668.4500122070312,669.6599731445312,665.6300048828125,667.2000122070312,900.0,649.8379974365234,626.4956685384115,657.2859196980794,689.4293017578125
2019-11-05,672.1799926757812,672.1799926757812,666.0,669.469970703125,1000.0,652.0864959716797,628.5070017496745,656.9807530721029,689.3585516357422
2019-11-06,669.6799926757812,673.8599853515625,669.25,672.1199951171875,1100.0,653.7999969482422,630.2576680501302,656.6434199015299,689.2915014648438
2019-11-07,666.1500244140625,669.5700073242188,663.7000122070312,668.72998046875,1000.0,655.3709991455078,631.6028350830078,656.114670308431,689.1703015136719
2019-11-08,664.5999755859375,670.5900268554688,662.4600219726562,669.3400268554688,1000.0,656.9534973144531,632.8455017089843,655.6730865478515,689.0264013671875
2019-11-11,661.3699951171875,666.1300048828125,658.7000122070312,666.1300048828125,900.0,657.9489959716797,633.9655019124349,655.2334197998047,688.9015014648437
2019-11-12,665.1400146484375,665.8599853515625,661.4199829101562,662.1099853515625,1100.0,658.8659973144531,635.2053354899089,654.9255864461263,688.7455014038086
2019-11-13,661.8499755859375,665.47998046875,659.9500122070312,665.3699951171875,1400.0,659.3604949951172,636.2836680094401,654.5745030721029,688.5766513061524
2019-11-14,663.3099975585938,666.0499877929688,659.2100219726562,663.25,1400.0,660.0614959716797,637.4793345133463,654.2110031127929,688.4204513549805
2019-11-15,668.510009765625,668.5399780273438,660.6400146484375,662.8699951171875,1100.0,661.1524963378906,638.7103342692058,653.9745030721028,688.2848513793946
2019-11-18,669.3400268554688,671.0900268554688,666.8200073242188,670.0700073242188,1100.0,662.160498046875,639.7491678873698,653.8020863850911,688.1095016479492
2019-11-19,662.530029296875,669.239990234375,662.239990234375,669.1099853515625,1200.0,662.4915008544922,640.5253346761068,653.5759201049805,687.8652517700195
2019-11-20,649.8699951171875,663.760009765625,648.8200073242188,661.4500122070312,1300.0,662.036001586914,641.1523345947265,653.1351699829102,687.5433016967773
2019-11-21,635.989990234375,651.22998046875,634.2899780273438,650.5599975585938,1100.0,660.8980010986328,641.6025014241536,652.6728368123372,687.1683016967773
2019-11-22,633.9199829101562,640.77001953125,629.739990234375,637.989990234375,1100.0,659.9755004882812,642.4526682535808,652.2110865275065,686.7614016723633
2019-11-25,647.4000244140625,647.4099731445312,639.5,639.5,800.0,659.7245025634766,643.4373352050782,651.802170308431,686.4141018676758
2019-11-26,651.5900268554688,653.5399780273438,649.780029296875,650.7899780273438,900.0,659.3890045166015,644.2488352457682,651.4195871988933,686.0874520874023
2019-11-27,647.3900146484375,653.8699951171875,646.8900146484375,653.739990234375,900.0,659.0065063476562,645.0458353678385,650.9600870768229,685.6804522705078
2019-11-28,640.1799926757812,649.3699951171875,640.1799926757812,646.27001953125,900.0,658.0895050048828,645.5396687825521,650.3970036824544,685.2376522827149
2019-11-29,632.989990234375,643.27001953125,631.4000244140625,641.719970703125,900.0,656.6220031738281,645.7593353271484,649.7008366902669,684.7352523803711
2019-12-02,634.5,638.3499755859375,632.219970703125,635.5800170898438,800.0,654.9245025634766,646.0006683349609,648.9788365681966,684.2548522949219
2019-12-03,629.5800170898438,632.010009765625,627.0,630.0700073242188,900.0,652.7945037841797,646.0051686604818,648.1520868937174,683.7032025146484
2019-12-04,625.27001953125,630.4500122070312,622.6699829101562,626.0599975585938,900.0,650.5740051269531,645.8765024820964,647.326670328776,683.1182025146485
2019-12-05,617.5999755859375,629.5999755859375,613.77001953125,629.489990234375,900.0,648.1465026855469,645.650668334961,646.4176701863606,682.5129025268554
2019-12-06,628.0999755859375,628.1099853515625,619.47998046875,619.47998046875,700.0,646.3215026855469,645.6895009358724,645.6330866495769,681.926752319336
2019-12-09,627.8599853515625,630.6300048828125,625.5900268554688,630.5999755859375,800.0,644.6460021972656,645.7663340250651,644.8725031534831,681.3258023071289
2019-12-10,627.1099853515625,627.760009765625,623.5399780273438,627.6199951171875,800.0,642.7445007324219,645.7120005289713,644.141253153483,680.7079022216797
2019-12-11,629.1300048828125,630.5999755859375,626.5700073242188,627.260009765625,800.0,641.1085021972656,645.5543334960937,643.403086344401,680.1169021606445
2019-12-12,636.9400024414062,638.9199829101562,631.25,632.2899780273438,900.0,639.7900024414063,645.4319997151692,642.6499196370443,679.5847021484375
2019-12-13,643.4500122070312,645.72998046875,641.8699951171875,643.3400268554688,900.0,638.5370025634766,645.4041666666667,641.9900029500326,679.0499520874023
2019-12-16,644.4400024414062,646.5599975585938,643.239990234375,644.9099731445312,800.0,637.2920013427735,645.3829996744792,641.3795862833659,678.536701965332
2019-12-17,650.5800170898438,650.5800170898438,646.0399780273438,646.7999877929688,900.0,636.6945007324218,645.4081665039063,640.8842529296875,678.0288021850586
2019-12-18,648.9500122070312,648.9500122070312,648.9500122070312,648.9500122070312,0.0,636.6485015869141,645.473833211263,640.3807530721028,677.6173022460938
2019-12-19,647.8499755859375,653.6500244140625,645.1099853515625,650.2999877929688,800.0,637.2415008544922,645.573833211263,639.9610860188802,677.1162020874024
2019-12-20,649.72998046875,651.2000122070312,647.9000244140625,650.1900024414062,900.0,638.0320007324219,645.9566660563152,639.6210856119792,676.6251019287109
2019-12-23,647.6199951171875,652.8099975585938,646.6799926757812,651.77001953125,700.0,638.0429992675781,646.2766662597656,639.2179189046224,676.1297018432617
2019-12-24,638.9099731445312,648.7100219726562,638.739990234375,648.7100219726562,800.0,637.4089965820312,646.4763326009114,638.7400853474935,675.6401016235352
2019-12-26,652.0700073242188,652.0900268554688,640.2000122070312,640.77001953125,900.0,637.6429962158203,646.981499226888,638.3986689249674,675.2206018066406
2019-12-27,661.239990234375,661.5900268554688,652.1699829101562,652.5999755859375,800.0,638.69599609375,647.4671661376954,638.1484186808268,674.8313516235352
2019-12-30,669.8300170898438,669.8300170898438,661.6199951171875,662.0599975585938,800.0,640.5379974365235,648.222499593099,637.9455856323242,674.4067016601563
2020-01-02,674.02001953125,674.2999877929688,666.6199951171875,672.530029296875,800.0,642.5139984130859,649.0921661376954,637.9897527058919,674.0023516845703
2020-01-03,669.9299926757812,679.3699951171875,668.0999755859375,677.5700073242188,900.0,644.5314971923829,649.804165649414,638.0908360799153,673.5749017333984
2020-01-06,655.3099975585938,663.0999755859375,653.6099853515625,660.0800170898438,900.0,646.03349609375,650.1358327229817,637.9942525227865,673.1096517944336
2020-01-07,663.4400024414062,664.2100219726562,659.1799926757812,660.8699951171875,1000.0,648.3254974365234,650.6143330891927,637.880502319336,672.6612017822266
2020-01-08,640.9400024414062,658.1400146484375,637.4299926757812,657.239990234375,1400.0,648.9674987792969,650.747499593099,637.5452524820963,672.121351928711
2020-01-09,666.0900268554688,666.0900268554688,656.25,657.010009765625,1000.0,650.8790008544922,651.1579996744791,637.4727528889974,671.7030020141601
2020-01-10,673.030029296875,673.030029296875,665.9199829101562,668.7899780273438,800.0,653.1750030517578,651.5951670328776,637.4611699422201,671.3505520629883
2020-01-13,679.219970703125,679.219970703125,673.22998046875,673.760009765625,900.0,655.6795013427734,652.0494995117188,637.5690027872721,671.0268020629883
2020-01-14,678.7100219726562,685.8800048828125,676.780029296875,682.1400146484375,900.0,657.7680023193359,652.5398335774739,637.6820027669271,670.7843020629883
2020-01-15,679.1599731445312,681.3900146484375,676.9099731445312,678.8300170898438,900.0,659.553500366211,653.0809997558594,637.7245025634766,670.4960519409179
2020-01-16,686.52001953125,686.52001953125,679.489990234375,679.6699829101562,900.0,661.6575012207031,653.7033335367838,637.8223358154297,670.2864019775391
2020-01-17,688.4099731445312,690.6099853515625,686.6799926757812,689.72998046875,1000.0,663.5489990234375,654.2450002034506,637.9870020548502,670.129851989746
2020-01-20,683.469970703125,691.1699829101562,682.47998046875,690.8499755859375,1000.0,665.2749969482422,654.6531667073567,638.1840016682943,669.9006518554687
2020-01-21,676.52001953125,685.8900146484375,675.47998046875,683.8200073242188,1000.0,666.7084991455079,654.9493336995442,638.3850016276042,669.599201965332
2020-01-22,688.25,688.280029296875,677.0499877929688,677.0499877929688,1000.0,668.6345001220703,655.5473337809245,638.7488347371419,669.3426019287109
2020-01-23,685.5700073242188,687.7100219726562,683.52001953125,685.9400024414062,1000.0,670.5320007324219,656.0998341878255,639.3054178873698,669.0239520263672
2020-01-28,664.7000122070312,664.7000122070312,664.7000122070312,664.7000122070312,0.0,671.8215026855469,656.2065012613932,639.6309178670248,668.5895520019532
2020-01-29,670.1799926757812,671.97998046875,664.0900268554688,671.0800170898438,1100.0,672.727001953125,656.4588348388672,639.964251200358,668.1819018554687
2020-01-30,656.3900146484375,656.3900146484375,656.3900146484375,656.3900146484375,0.0,672.4845031738281,656.4233347574869,640.2486679077149,667.7042520141601
2020-01-31,642.47998046875,664.77001953125,641.5700073242188,660.97998046875,1300.0,671.1170013427734,656.092333984375,640.4718343098958,667.132601928711
2020-02-03,646.8499755859375,648.3400268554688,627.6500244140625,631.8200073242188,1200.0,669.7584991455078,655.7323333740235,641.1140009562174,666.5661016845703
2020-02-04,661.239990234375,661.239990234375,649.219970703125,650.719970703125,900.0,669.3239990234375,655.55,642.0285008748373,666.0398516845703
2020-02-05,661.3200073242188,668.9099731445312,658.030029296875,666.739990234375,1000.0,669.6244995117188,655.4106669108073,642.8341674804688,665.5072018432617
2020-02-06,672.6900024414062,672.6900024414062,672.6900024414062,672.6900024414062,0.0,670.0869995117188,655.5196665445964,643.5612508138021,665.0369018554687
2020-02-07,672.6300048828125,674.030029296875,667.9299926757812,673.1099853515625,1000.0,671.671499633789,655.6535003662109,644.2495010375976,664.5749517822265
2020-02-10,676.0700073242188,676.0800170898438,668.0999755859375,669.530029296875,1000.0,672.1704986572265,655.8985005696615,644.9320012410482,664.1208517456055
2020-02-11,682.3400268554688,682.3400268554688,682.3400268554688,682.3400268554688,0.0,672.6359985351562,656.1851674397786,645.6952514648438,663.7649517822266
2020-02-12,686.5900268554688,686.7899780273438,680.260009765625,683.260009765625,1300.0,673.0045013427734,656.5975016276042,646.4405848185221,663.3850518798828
2020-02-13,687.6099853515625,691.4299926757812,681.77001953125,689.5399780273438,1300.0,673.4494995117187,657.0025014241536,647.24091796875,663.0130517578125
2020-02-14,688.9099731445312,692.0,685.6699829101562,687.22998046875,1500.0,673.9369995117188,657.3425008138021,648.0264175415039,662.6505017089844
2020-02-17,692.5900268554688,692.6400146484375,686.72998046875,690.3499755859375,1500.0,674.2404998779297,657.7300008138021,648.7395843505859,662.3243518066406
2020-02-18,682.9199829101562,692.52001953125,681.4400024414062,691.4199829101562,1800.0,673.9660003662109,658.0698333740235,649.2975840250651,661.9868017578125
2020-02-19,684.780029296875,684.780029296875,684.780029296875,684.780029296875,0.0,674.0315032958985,658.6516672770182,649.9020009358724,661.7057019042969
2020-02-20,681.6599731445312,688.510009765625,677.989990234375,687.6500244140625,1500.0,674.2885009765625,659.4128336588542,650.5076675415039,661.3610018920898
2020-02-21,667.989990234375,680.280029296875,667.469970703125,673.5700073242188,1400.0,673.2755004882813,659.9806671142578,651.2166676839192,660.9272518920899
2020-02-24,639.2899780273438,656.3099975585938,639.219970703125,653.4000244140625,1500.0,670.9614990234375,659.8454996744791,651.6414174397786,660.3218017578125
2020-02-25,656.9500122070312,656.9600219726562,633.6500244140625,639.280029296875,1200.0,670.5739990234375,659.9348327636719,652.09183400472,659.7974517822265
2020-02-26,654.6300048828125,658.2899780273438,642.97998046875,644.02001953125,1100.0,669.796499633789,660.0554992675782,652.5506673177083,659.3033517456055
2020-02-27,638.1699829101562,660.8900146484375,634.7899780273438,654.6099853515625,1200.0,668.885498046875,660.0219991048177,652.7808339436849,658.7673516845703
2020-02-28,610.72998046875,631.25,608.3800048828125,626.3599853515625,1400.0,667.297998046875,659.6509989420573,652.7051671346029,658.1999017333984
2020-03-02,627.6599731445312,627.7100219726562,607.3200073242188,617.8800048828125,1200.0,666.3384979248046,659.5369984944662,652.7688334147135,657.7251016235351
2020-03-03,626.8200073242188,641.77001953125,626.7100219726562,641.6500244140625,1200.0,664.6174987792969,659.4909983317058,652.7480834960937,657.3152017211914
2020-03-04,641.72998046875,641.72998046875,623.5499877929688,623.75,1100.0,663.6379974365234,659.7653310139974,652.8209167480469,656.9730517578125
2020-03-05,650.1900024414062,650.8099975585938,643.969970703125,647.75,1100.0,662.5129974365234,660.3084981282552,652.9795832316081,656.5760018920898
2020-03-06,642.719970703125,647.8300170898438,637.2000122070312,642.3300170898438,1100.0,661.0174957275391,660.5521647135416,653.120832824707,656.2016516113281
2020-03-09,614.5999755859375,632.52001953125,614.5800170898438,631.1300048828125,1300.0,657.943994140625,660.3311645507813,653.0487492879232,655.7040014648437
2020-03-10,619.969970703125,619.97998046875,604.510009765625,606.8900146484375,1400.0,654.8254913330078,660.2121643066406,652.962082417806,655.2934512329101
2020-03-11,595.6099853515625,622.0700073242188,591.3800048828125,621.1199951171875,1600.0,650.2764892578125,659.6534973144531,652.6039154052735,654.7516012573242
2020-03-12,563.489990234375,594.3200073242188,555.469970703125,589.2000122070312,1600.0,644.0704895019531,658.429330444336,651.9306650797527,654.0344012451172
2020-03-13,524.0,540.2999877929688,487.07000732421875,536.6199951171875,1500.0,635.8249908447266,656.4384969075521,650.9213317871094,653.169951171875
2020-03-16,504.510009765625,541.8699951171875,504.510009765625,538.6799926757812,1200.0,626.4209899902344,654.1063303629558,649.7446650187175,652.2423510742187
2020-03-17,514.72998046875,518.719970703125,483.510009765625,488.0199890136719,1400.0,618.0114898681641,651.8421630859375,648.6251647949218,651.3676510620118
2020-03-18,485.1400146484375,526.0999755859375,485.1400146484375,520.7899780273438,1300.0,608.0294891357422,649.1119964599609,647.292914835612,650.2795510864257
2020-03-19,428.3500061035156,502.1199951171875,419.54998779296875,501.5899963378906,1600.0,595.3639907836914,645.4536636352539,645.5137484232584,648.9639512634277
2020-03-20,467.75,467.75,435.1099853515625,443.8800048828125,1200.0,585.3519912719727,642.4206639607747,644.188665008545,647.8560511779785
2020-03-23,443.760009765625,443.760009765625,443.760009765625,443.760009765625,0.0,575.5754928588867,639.0229975382487,642.6498318990072,646.592501373291
2020-03-24,480.3999938964844,480.3999938964844,454.239990234375,457.2099914550781,1100.0,566.7479919433594,636.3811645507812,641.4287485758464,645.5070013427735
2020-03-25,505.67999267578125,506.42999267578125,488.9800109863281,496.32000732421875,1400.0,559.3004913330078,633.9413309733073,640.4614151000976,644.522751159668
2020-03-26,516.6099853515625,533.3300170898438,501.82000732421875,506.510009765625,1600.0,553.2224914550782,631.530830891927,639.4989985148112,643.5670510864257
2020-03-27,522.8300170898438,540.0399780273438,502.4800109863281,535.9400024414062,2000.0,548.8274932861328,629.0808308919271,638.651665242513,642.5985510253906
2020-03-30,542.1099853515625,542.1199951171875,511.4700012207031,513.1300048828125,1400.0,544.5499938964844,626.8823303222656,637.9872482299804,641.7034008789062
2020-03-31,569.0700073242188,569.0700073242188,551.25,551.47998046875,1900.0,541.6624938964844,625.2013305664062,637.5027481079102,640.9048010253906
2020-04-01,551.8400268554688,579.760009765625,551.2999877929688,568.8800048828125,1900.0,537.1679962158203,623.4768310546875,636.8063318888346,640.0424011230468
2020-04-02,567.7000122070312,567.7000122070312,542.75,555.4000244140625,1700.0,533.0434967041016,621.8811645507812,636.247748819987,639.2475012207032
2020-04-03,573.010009765625,576.27001953125,564.02001953125,571.2899780273438,1400.0,529.5579986572266,620.7489980061849,635.7482487996419,638.5013012695313
2020-04-06,597.2100219726562,597.2100219726562,577.8300170898438,579.25,1500.0,528.6885009765625,619.6009979248047,635.379498799642,637.8917013549805
2020-04-07,606.9000244140625,606.9000244140625,606.9000244140625,606.9000244140625,0.0,528.0350036621094,618.4988311767578,635.0469991048177,637.351901550293
2020-04-08,607.3699951171875,615.3200073242188,599.2999877929688,604.4600219726562,2400.0,528.6230041503907,617.3013315836589,634.6754155476888,636.8002014160156
2020-04-09,615.9500122070312,618.3699951171875,610.6599731445312,616.6699829101562,1800.0,531.2460052490235,616.2553314208984,634.3975824991862,636.2433514404297
2020-04-10,611.260009765625,618.0800170898438,593.010009765625,617.75,2000.0,535.6090057373046,615.1236653645833,634.1023325602214,635.6864514160156
2020-04-13,596.7100219726562,611.0599975585938,596.7100219726562,609.9400024414062,2000.0,540.2190063476562,613.6268320719402,633.665082804362,635.0815515136719
2020-04-14,610.2899780273438,611.3599853515625,602.0499877929688,605.1400146484375,1600.0,544.9970062255859,612.3248321533204,633.2849161783854,634.5829013061524
2020-04-16,623.4299926757812,623.4299926757812,623.4299926757812,623.4299926757812,0.0,551.9115051269531,611.3241658528646,632.9886662801107,634.1532012939454
2020-04-17,634.7899780273438,634.7899780273438,628.0499877929688,631.3400268554688,1600.0,562.2335037231445,610.6286651611329,632.7889994303385,633.8361010742187
2020-04-20,637.8200073242188,643.0499877929688,634.2000122070312,635.7100219726562,1600.0,570.7370040893554,609.7881652832032,632.6677495320638,633.5725509643555
2020-04-21,628.77001953125,641.0700073242188,602.0499877929688,634.760009765625,2200.0,579.9875045776367,608.841498819987,632.4706665039063,633.2364010620117
2020-04-22,635.1599731445312,635.3099975585938,616.8800048828125,618.9500122070312,1500.0,587.7255035400391,608.349164835612,632.2778330485027,632.9309509277343
2020-04-23,643.7899780273438,645.5399780273438,637.3300170898438,640.1300048828125,1700.0,594.6310028076172,607.909331258138,632.1840830485027,632.6847009277344
2020-04-24,632.9600219726562,645.219970703125,629.1199951171875,640.1900024414062,1800.0,600.4485046386719,607.5188313802083,631.9710830688476,632.3931509399414
2020-04-27,646.8599853515625,647.1099853515625,638.5800170898438,638.9000244140625,1700.0,606.6500030517578,607.5918314615885,631.8420827229818,632.1566009521484
2020-04-28,644.9299926757812,651.3900146484375,638.6900024414062,649.4600219726562,1800.0,611.7910034179688,607.5598317464193,631.6460825602213,632.0376510620117
2020-04-29,645.1799926757812,648.4199829101562,644.0599975585938,646.3300170898438,1700.0,615.5965026855469,607.2921651204427,631.4210825602214,631.9745510864258
2020-05-04,641.9099731445312,648.5700073242188,635.1599731445312,637.0,1300.0,620.1,606.9686645507812,631.1896657307942,631.8496008300781
2020-05-06,658.4000244140625,658.4000244140625,658.4000244140625,658.4000244140625,0.0,624.6350006103515,606.7304982503255,631.1250823974609,631.7561508178711
2020-05-07,668.1699829101562,669.030029296875,658.9299926757812,659.4500122070312,1700.0,629.3929992675781,606.6561645507812,631.1548324584961,631.6911508178711
2020-05-08,682.2999877929688,682.9400024414062,673.52001953125,674.010009765625,1700.0,633.6474975585937,606.7599975585938,631.3292490641276,631.7287008666992
2020-05-11,685.0399780273438,690.3400268554688,676.5999755859375,686.8099975585938,1500.0,637.5544952392578,606.8049967447917,631.4950820922852,631.7818008422852
2020-05-12,684.2100219726562,688.3699951171875,673.6599731445312,687.47998046875,1500.0,641.3964965820312,606.7653299967448,631.6814158121745,631.871450805664
2020-05-13,691.530029296875,691.5700073242188,676.239990234375,676.530029296875,1500.0,645.1754974365234,606.8306640625,631.9165827433268,632.0033508300781
2020-05-14,690.5700073242188,693.6799926757812,684.3300170898438,687.9199829101562,1600.0,649.1409973144531,606.8583312988281,632.1004160563151,632.0859008789063
2020-05-15,691.9299926757812,696.9099731445312,686.22998046875,695.7999877929688,1400.0,653.9019958496094,606.8473307291666,632.2886657714844,632.1716506958007
2020-05-18,690.8499755859375,695.9000244140625,688.8800048828125,695.1699829101562,1500.0,657.9299957275391,606.9794972737631,632.5246653238933,632.2826504516602
2020-05-19,696.3599853515625,696.3900146484375,687.6699829101562,696.010009765625,1800.0,661.5764953613282,607.1724965413412,632.9120819091797,632.4653002929688
2020-05-20,708.760009765625,709.1599731445312,697.0900268554688,697.1500244140625,2100.0,665.2749969482422,607.6241638183594,633.5184987386068,632.7471002197266
2020-05-21,716.02001953125,716.02001953125,716.02001953125,716.02001953125,0.0,669.1849975585938,608.4246643066406,634.2026657104492,633.1042501831055
2020-05-22,708.5800170898438,719.1500244140625,702.5,717.780029296875,1700.0,673.1754974365234,609.5794982910156,634.7124989827474,633.5532501220703
2020-05-25,719.8900146484375,719.8900146484375,708.5999755859375,712.8800048828125,1600.0,677.4119995117187,610.6284983317057,635.2816655476888,634.0245001220703
2020-05-26,729.1099853515625,729.1599731445312,718.8099975585938,723.280029296875,1600.0,681.6779998779297,611.8698313395182,635.9626653035482,634.5191500854493
2020-05-27,724.5900268554688,730.4099731445312,722.0399780273438,728.260009765625,1600.0,686.2595001220703,613.3101654052734,636.6660822550456,635.0308001708985
2020-05-28,708.75,728.7999877929688,695.2999877929688,728.760009765625,2100.0,689.3540008544921,614.9438323974609,637.2974156697591,635.4960501098633
2020-05-29,713.6799926757812,714.510009765625,700.8400268554688,706.1599731445312,1500.0,692.7915008544921,616.3774993896484,637.9572489420573,636.2155001831055
2020-06-01,735.719970703125,735.719970703125,716.8300170898438,716.9600219726562,1300.0,697.3184997558594,618.1924987792969,638.8417485555013,637.1366000366211
2020-06-02,743.5800170898438,743.7000122070312,735.0599975585938,737.6699829101562,1500.0,702.402001953125,619.8899993896484,639.8276652018229,638.0313000488281
2020-06-03,737.6599731445312,750.1400146484375,734.6300048828125,749.489990234375,1500.0,706.3649993896485,621.3478322347005,640.8281651814779,638.7923999023437
2020-06-04,742.3699951171875,744.3599853515625,733.9099731445312,742.8699951171875,1300.0,710.075,623.0086659749348,641.7804153442382,639.554049987793
2020-06-05,749.3099975585938,749.75,739.52001953125,743.6500244140625,1100.0,713.4255004882813,625.2538330078125,642.7924987792969,640.3297500610352
2020-06-08,753.0399780273438,754.3200073242188,747.3699951171875,754.1199951171875,1300.0,716.8255004882812,627.4716664632161,643.8419153849284,641.1411999511719
2020-06-09,753.8200073242188,756.4500122070312,746.5599975585938,756.02001953125,1500.0,720.3059997558594,630.1085001627604,644.8809987386068,641.9245498657226
2020-06-10,758.6199951171875,759.47998046875,752.2899780273438,754.2999877929688,1600.0,723.660498046875,633.3606669108073,645.8949986775716,642.7597998046875
2020-06-11,757.0599975585938,766.9600219726562,752.0399780273438,760.0700073242188,1500.0,726.9849975585937,637.2450002034506,646.8417485555013,643.5718496704102
2020-06-12,746.0599975585938,747.3699951171875,722.8099975585938,722.9099731445312,1300.0,729.6914978027344,641.2708333333334,647.6885818481445,644.267099609375
2020-06-15,693.1500244140625,747.2100219726562,693.1500244140625,745.5999755859375,1500.0,729.8065002441406,644.2445007324219,648.0433319091796,644.653049621582
2020-06-16,735.3800048828125,735.739990234375,714.1400146484375,716.5999755859375,1300.0,731.7575012207031,648.4151672363281,648.7635818481446,645.2686996459961
2020-06-17,735.4000244140625,743.1099853515625,717.6799926757812,731.9099731445312,1400.0,733.089501953125,653.5326675415039,649.4931655883789,645.9007998657227
2020-06-18,737.3300170898438,743.1199951171875,732.9199829101562,738.1099853515625,1200.0,734.1550018310547,658.0256678263346,650.2231658935547,646.6729000854492
2020-06-19,742.030029296875,743.9400024414062,732.5499877929688,743.3499755859375,1500.0,735.8275024414063,662.9968348185222,651.0099161783854,647.4414501953125
2020-06-22,751.6400146484375,752.97998046875,741.780029296875,742.97998046875,1300.0,737.4150024414063,667.5175018310547,651.949333190918,648.1851501464844
2020-06-23,753.22998046875,761.3699951171875,744.260009765625,758.6099853515625,1600.0,738.6210021972656,671.6433349609375,652.7923329671224,648.953450012207
2020-06-24,759.5,765.2100219726562,755.1199951171875,758.1500244140625,1300.0,740.3665008544922,675.6915018717448,653.6111663818359,649.6982000732422
2020-06-25,750.3599853515625,757.22998046875,745.97998046875,749.8099975585938,1400.0,742.4470001220703,679.4836680094401,654.2822494506836,650.350950012207
2020-06-26,750.5800170898438,758.6199951171875,742.5700073242188,758.6199951171875,1500.0,744.2920013427735,682.9581685384114,654.9202494303386,651.00375
2020-06-29,734.6900024414062,747.2999877929688,732.8599853515625,743.8800048828125,1300.0,744.2405029296875,685.7185017903646,655.4599161783855,651.5306500244141
2020-06-30,737.969970703125,744.5399780273438,731.760009765625,744.5399780273438,1600.0,743.9600006103516,688.8206675211588,656.1487492879231,652.0555499267579
2020-07-01,727.5800170898438,744.030029296875,726.3599853515625,743.530029296875,1200.0,743.4560028076172,691.4853342692057,656.6832494099934,652.5376998901368
2020-07-02,742.5499877929688,742.5499877929688,732.0900268554688,732.9400024414062,1200.0,743.4650024414062,694.3110005696615,657.5299992879231,653.1215997314453
2020-07-03,752.1799926757812,752.219970703125,741.1099853515625,746.1300048828125,1300.0,743.6085021972656,696.8938334147135,658.2474156697591,653.7662496948242
2020-07-06,759.9000244140625,759.9299926757812,750.4299926757812,754.739990234375,1100.0,743.9515045166015,699.4438334147136,658.9713322957357,654.4138998413086
2020-07-07,759.1599731445312,764.4600219726562,755.4400024414062,763.4000244140625,1300.0,744.2185028076171,701.973666381836,659.6374989827474,655.016749572754
2020-07-08,765.9600219726562,765.9600219726562,758.3800048828125,761.1900024414062,1300.0,744.5855041503906,704.473833211263,660.3645823160807,655.6251495361328
2020-07-09,772.9000244140625,774.5,769.3099975585938,770.4600219726562,1500.0,745.3775054931641,707.1678334554036,661.1457494099935,656.2640496826172
2020-07-10,772.8099975585938,775.989990234375,766.510009765625,773.75,1300.0,746.7150054931641,710.1028330485026,661.8648325602213,656.8995495605469
2020-07-13,781.1900024414062,781.1900024414062,773.0800170898438,777.9199829101562,1400.0,751.1170043945312,712.9511667887369,662.6379994710286,657.5601495361328
2020-07-14,778.3900146484375,782.7000122070312,775.2899780273438,776.1900024414062,1600.0,753.2675048828125,715.5338338216146,663.4289998372395,658.2270495605469
2020-07-15,781.2899780273438,783.2899780273438,775.9600219726562,783.1400146484375,1500.0,755.5620025634765,717.9755004882812,664.302082824707,658.9242495727539
2020-07-16,775.0700073242188,783.239990234375,769.3900146484375,783.239990234375,1600.0,757.4490020751953,720.2630004882812,665.0255828857422,659.6657995605469
2020-07-17,783.219970703125,783.3200073242188,775.780029296875,776.969970703125,1400.0,759.5084991455078,722.8371663411458,665.8393325805664,660.4397994995118
2020-07-20,781.9600219726562,786.2899780273438,776.969970703125,786.25,1400.0,761.0244995117188,725.2838338216146,666.8164993286133,661.2149496459961
2020-07-21,790.5800170898438,792.2000122070312,785.75,787.2999877929688,1500.0,762.8920013427735,727.7303344726563,667.8198328653972,662.0590496826172
2020-07-22,794.989990234375,795.3200073242188,785.969970703125,790.5800170898438,1500.0,764.6665008544921,730.4308339436849,668.9748326619466,662.8734997558594
2020-07-23,801.6900024414062,801.6900024414062,801.6900024414062,801.6900024414062,0.0,767.2330017089844,733.0113342285156,670.301582845052,663.7593997192383
2020-07-24,794.7999877929688,804.6099853515625,788.719970703125,796.0800170898438,1500.0,769.4440002441406,735.5091674804687,671.534499613444,664.6241995239258
2020-07-27,801.22998046875,804.5800170898438,795.1900024414062,795.1900024414062,1300.0,772.7709991455079,738.1100006103516,672.7010828653971,665.4942993164062
2020-07-28,807.8499755859375,810.969970703125,802.0399780273438,807.2899780273438,1500.0,776.2649993896484,740.8756673177083,673.9221659342448,666.3564993286133
2020-07-29,808.5900268554688,808.5900268554688,808.5900268554688,808.5900268554688,0.0,780.3154998779297,743.3788340250651,675.0546661376953,667.2257995605469
2020-07-30,814.1900024414062,814.1900024414062,814.1900024414062,814.1900024414062,0.0,783.8975006103516,745.8125010172527,676.2343327840169,668.1319995117187
2020-07-31,815.2999877929688,818.7000122070312,814.22998046875,817.52001953125,1400.0,787.053500366211,748.0291676839192,677.3945826212565,669.0011993408203
2020-08-03,827.5700073242188,827.7899780273438,815.1500244140625,820.4099731445312,1522800.0,790.4369995117188,750.4046681722006,678.604832458496,669.9050494384766
2020-08-04,835.3499755859375,835.3499755859375,830.5499877929688,833.280029296875,1500.0,794.2464996337891,752.9236673990886,679.8444986979167,670.821999206543
2020-08-05,847.280029296875,847.280029296875,847.280029296875,847.280029296875,0.0,798.3125,755.5195007324219,681.175082397461,671.8119494628907
2020-08-06,854.1199951171875,854.1199951171875,854.1199951171875,854.1199951171875,0.0,802.3734985351563,758.2453338623047,682.5518325805664,672.8490994262695
2020-08-07,857.6300048828125,859.4299926757812,849.010009765625,858.2999877929688,1400.0,806.6144989013671,761.0070007324218,683.9271657307943,673.8913494873046
2020-08-10,862.760009765625,862.760009765625,862.760009765625,862.760009765625,0.0,810.6929992675781,763.87216796875,685.4258326212565,674.9255996704102
2020-08-11,860.22998046875,860.22998046875,860.22998046875,860.22998046875,0.0,814.7849975585938,766.6033345540365,686.8879155476887,675.9318496704102
2020-08-12,845.5999755859375,845.5999755859375,845.5999755859375,845.5999755859375,0.0,818.0004974365235,768.8840006510417,688.2540822347005,676.8660995483399
2020-08-13,854.77001953125,854.77001953125,854.77001953125,854.77001953125,0.0,821.985498046875,771.1965006510417,689.8105824788412,677.8780996704102
2020-08-14,835.030029296875,854.7100219726562,831.1500244140625,854.7100219726562,1700.0,824.5760009765625,773.3040008544922,691.4417495727539,678.7911499023437
2020-08-18,800.219970703125,834.5499877929688,794.9099731445312,834.5499877929688,1900.0,825.4889984130859,774.6428334554037,692.6356658935547,679.5007498168945
2020-08-19,818.739990234375,818.739990234375,805.52001953125,810.8599853515625,1600.0,826.8969970703125,776.1366668701172,694.0032491048177,680.3192498779297
2020-08-20,791.1400146484375,821.1099853515625,785.0,816.6300048828125,1800.0,826.7044982910156,777.2458333333333,695.2779993693034,680.9823498535156
2020-08-21,796.010009765625,802.7000122070312,781.4099731445312,801.1400146484375,1700.0,826.4204986572265,778.7001668294271,696.8219996134441,681.6506997680664
2020-08-24,815.739990234375,815.739990234375,787.9299926757812,798.2000122070312,1500.0,827.4674987792969,780.401166788737,698.3893330891927,682.3871496582032
2020-08-25,836.3099975585938,836.4099731445312,820.02001953125,821.530029296875,1600.0,829.2214996337891,782.0776672363281,700.1350830078125,683.2077996826172
2020-08-26,841.3499755859375,842.47998046875,827.27001953125,838.8599853515625,2200.0,830.8964996337891,783.7071665445964,701.7985829671223,684.066149597168
2020-08-27,836.4000244140625,842.8300170898438,832.739990234375,842.3800048828125,3000.0,832.2869995117187,785.3528340657552,703.3503331502278,684.917399597168
2020-08-28,841.2999877929688,850.3800048828125,837.8599853515625,841.760009765625,2100.0,833.6424987792968,787.0016672770182,705.0051666259766,685.8008996582031
2020-08-31,848.239990234375,852.5399780273438,839.6300048828125,847.969970703125,1900.0,835.2894989013672,788.6505004882813,706.9521667480469,686.7352496337891
2020-09-01,853.3699951171875,854.219970703125,847.530029296875,850.5800170898438,1800.0,836.5794982910156,790.3226674397787,708.8971669514974,687.6763995361329
2020-09-02,866.739990234375,866.8699951171875,858.22998046875,859.5800170898438,1800.0,838.1489990234375,792.204667154948,711.1565836588542,688.700849609375
2020-09-03,874.1300048828125,874.1599731445312,869.8400268554688,871.02001953125,1800.0,839.4914978027343,794.129833984375,713.7452504475912,689.7549496459961
2020-09-04,866.0399780273438,866.9000244140625,841.3699951171875,841.3699951171875,1700.0,840.0874969482422,795.9461669921875,716.595583597819,690.7425994873047
2020-09-07,878.8800048828125,879.3599853515625,864.3900146484375,872.030029296875,1900.0,841.1499969482422,798.1598337809245,719.7153335571289,691.7902993774414
2020-09-08,878.2899780273438,887.010009765625,874.3099975585938,884.719970703125,2500.0,841.9264953613281,801.2454996744792,722.7450002034506,692.8690991210938
2020-09-09,869.469970703125,877.6699829101562,864.1699829101562,864.9099731445312,2400.0,842.3884948730469,803.4803324381511,725.9477498372396,693.9670989990234
2020-09-10,884.2999877929688,884.2999877929688,874.77001953125,881.1199951171875,2000.0,844.3234954833985,805.9619984944661,729.747333017985,695.2086489868165
2020-09-11,888.4400024414062,888.4400024414062,877.5800170898438,881.22998046875,2000.0,846.0069946289062,808.4804982503255,733.25308303833,696.4812490844727
2020-09-14,894.1699829101562,894.7999877929688,886.47998046875,894.3800048828125,1700.0,848.9639923095704,811.0161641438802,737.0064994812012,697.7150988769531
2020-09-15,899.4600219726562,899.6400146484375,893.239990234375,898.6300048828125,2100.0,853.9259948730469,813.4798309326172,740.498666381836,698.954448852539
2020-09-16,896.280029296875,905.5599975585938,891.989990234375,901.75,2400.0,857.8029968261719,815.8639984130859,743.7536666870117,700.1988989257812
2020-09-17,885.1799926757812,898.4299926757812,883.5,897.8800048828125,2300.0,862.504995727539,817.9586649576823,746.8250834147135,701.4238989257813
2020-09-18,888.8800048828125,892.3900146484375,878.780029296875,889.469970703125,1800.0,867.1484954833984,820.2673319498698,749.8754999796549,702.7033489990234
2020-09-21,866.989990234375,892.3400268554688,859.4000244140625,889.9400024414062,2000.0,869.7109954833984,822.2074981689453,752.5828333536784,703.8657989501953
2020-09-22,842.719970703125,867.8900146484375,838.1300048828125,867.719970703125,2000.0,870.031494140625,824.007997639974,754.8632497151692,704.9314987182618
2020-09-23,843.4500122070312,856.1400146484375,821.8900146484375,855.5700073242188,2200.0,870.1364959716797,825.7659983317058,757.2933329264323,706.0223986816407
2020-09-24,806.9500122070312,833.0399780273438,804.280029296875,825.739990234375,2200.0,868.6639953613281,827.0888315836588,759.2870829264323,706.9691488647461
2020-09-25,808.280029296875,820.739990234375,799.530029296875,817.9500122070312,2200.0,867.0129974365234,828.1843322753906,761.2476664225261,707.8700491333008
2020-09-28,835.9099731445312,836.1500244140625,819.8599853515625,820.719970703125,1900.0,866.3964965820312,829.5798319498698,763.2368326822917,708.9102990722656
2020-09-29,848.1500244140625,848.5900268554688,839.6799926757812,844.6900024414062,2100.0,866.135498046875,831.0506652832031,765.2472493489583,710.0154992675781
2020-10-05,858.3900146484375,858.8200073242188,843.0599975585938,848.6699829101562,1700.0,865.7179992675781,832.7044993082683,767.3390828450521,711.1617993164062
2020-10-06,862.5800170898438,866.6699829101562,855.6500244140625,863.739990234375,2000.0,865.1404998779296,834.3148325602214,769.3943328857422,712.2899993896484
2020-10-07,869.6599731445312,869.6900024414062,856.6599731445312,856.7000122070312,2000.0,865.321499633789,835.9274983723958,771.5476659138998,713.421049194336
2020-10-08,871.6199951171875,875.5900268554688,867.6300048828125,875.1199951171875,2000.0,864.9584991455079,837.574331665039,773.8385823567709,714.5569491577148
2020-10-12,873.5,875.25,868.010009765625,875.25,2000.0,864.7190002441406,839.1128316243489,776.031999206543,715.6715490722656
2020-10-13,871.9199829101562,878.1500244140625,865.9500122070312,878.1500244140625,2300.0,864.8415008544922,840.671664428711,778.1027491251627,716.7863989257812
2020-10-14,861.47998046875,875.02001953125,859.8800048828125,873.0399780273438,2400.0,863.7005004882812,842.0081644694011,779.9918324788412,717.8545489501953
2020-10-15,844.4400024414062,861.3699951171875,833.5499877929688,861.3699951171875,2200.0,861.5005004882812,843.1643310546875,781.7136657714843,718.8280990600585
2020-10-16,833.8400268554688,849.2000122070312,822.5800170898438,845.6300048828125,2300.0,858.4840026855469,844.0079986572266,783.4225824991862,719.75919921875
2020-10-19,822.25,838.6300048828125,821.5,836.8300170898438,1700.0,854.623501586914,844.6794982910156,784.9816660563151,720.6758993530274
2020-10-20,824.6500244140625,825.9600219726562,803.239990234375,816.1599731445312,1700.0,851.0420013427735,845.2473317464193,786.4888331095377,721.5387994384765
2020-10-21,830.6699829101562,830.9500122070312,819.6599731445312,827.3499755859375,1500.0,848.3165008544922,845.8419982910157,788.1364161173502,722.3859494018554
2020-10-22,812.7000122070312,826.7100219726562,812.7000122070312,826.7100219726562,1700.0,844.5075012207031,846.0254984537761,789.5184163411458,723.1002993774414
2020-10-23,807.97998046875,817.7000122070312,804.75,817.7000122070312,1600.0,841.5570007324219,846.2451649983724,790.8771662394206,723.7700991821289
2020-10-26,778.02001953125,808.0599975585938,776.7000122070312,808.0599975585938,1600.0,838.3220031738281,845.8583323160807,791.9841664632162,724.3105493164062
2020-10-27,783.72998046875,794.0399780273438,766.9600219726562,771.8400268554688,2100.0,835.3360015869141,845.456332397461,793.1659998575847,724.952649230957
2020-10-28,806.2000122070312,806.2000122070312,784.8800048828125,784.8800048828125,2000.0,835.2985015869141,845.4164988199869,794.3976664225261,725.6664492797852
2020-10-29,813.9299926757812,814.1599731445312,791.02001953125,791.02001953125,1900.0,835.5809997558594,845.4121653238932,795.6123331705729,726.531399230957
2020-10-30,792.6500244140625,814.5900268554688,791.2999877929688,814.1599731445312,1900.0,833.418002319336,845.0346659342448,796.5319168090821,727.16419921875
2020-11-02,802.9500122070312,805.9199829101562,789.8499755859375,796.4600219726562,1500.0,831.1580017089843,844.6243326822917,797.514500427246,727.8137991333008
2020-11-03,818.4600219726562,821.280029296875,810.010009765625,810.010009765625,1700.0,829.1615020751954,844.3428334554036,798.6332504272461,728.5099993896484
2020-11-04,826.969970703125,828.8900146484375,814.760009765625,826.0399780273438,1800.0,827.3809997558594,844.0043324788411,799.7619166056315,729.2512991333008
2020-11-05,844.7999877929688,845.8099975585938,831.780029296875,833.3699951171875,1700.0,826.1380004882812,843.8489990234375,801.0471664428711,730.079499206543
2020-11-06,836.780029296875,849.3900146484375,832.27001953125,849.1799926757812,1900.0,824.3960021972656,843.5014994303385,802.2542500813802,730.8307992553711
2020-11-09,851.2100219726562,851.2100219726562,845.1699829101562,845.8099975585938,1700.0,823.2815032958985,843.3089996337891,803.5905838012695,731.6447994995117
2020-11-10,840.7899780273438,844.219970703125,835.27001953125,844.219970703125,1800.0,821.7250030517578,842.9849995930989,804.7941670735677,732.4313995361329
2020-11-11,839.9000244140625,842.760009765625,829.530029296875,840.8900146484375,2300.0,820.6460052490235,842.8900004069011,805.8870005289714,733.2482995605469
2020-11-12,840.0800170898438,846.8699951171875,835.9500122070312,844.6400146484375,2100.0,820.4280059814453,842.6451670328776,806.9208338419596,734.0074496459961
2020-11-13,839.1400146484375,839.5399780273438,826.1699829101562,837.280029296875,1900.0,820.6930053710937,842.713666788737,808.0088338216145,734.7752996826172
2020-11-16,847.3300170898438,849.7999877929688,841.5999755859375,843.489990234375,1600.0,821.9470062255859,843.4988342285156,809.0708338419596,735.6884497070313
2020-11-17,839.469970703125,846.5499877929688,836.0,846.5499877929688,1800.0,822.6880035400391,843.8443339029948,809.9905003865559,736.534899597168
2020-11-18,851.739990234375,852.27001953125,840.4299926757812,842.5499877929688,2300.0,823.74150390625,844.8543334960938,811.0500834147135,737.5116494750977
2020-11-19,859.9400024414062,860.989990234375,849.719970703125,851.6799926757812,2200.0,826.1035034179688,845.9198333740235,812.3100001017252,738.5989495849609
2020-11-20,870.1799926757812,870.780029296875,861.2899780273438,863.0700073242188,2100.0,829.2135040283204,846.8271667480469,813.6141667683919,739.7155996704101
2020-11-23,873.2899780273438,875.260009765625,868.5999755859375,872.219970703125,2100.0,833.977001953125,847.4434997558594,814.7605834960938,740.775849609375
2020-11-24,872.0999755859375,876.8900146484375,868.8900146484375,876.6500244140625,3200.0,838.3955017089844,847.9559997558594,815.8315831502279,741.8297494506836
2020-11-25,865.1199951171875,878.760009765625,855.280029296875,877.3499755859375,2500.0,841.3415008544922,848.4346659342448,816.89375,742.7918994140625
2020-11-26,874.530029296875,875.260009765625,861.0499877929688,868.5999755859375,1900.0,844.3715026855468,848.9884999593099,817.995083618164,743.8013995361329
2020-11-27,885.5599975585938,886.2000122070312,875.4500122070312,876.3699951171875,1800.0,849.0170013427735,849.6105000813802,819.1305002848308,744.8488494873047
2020-11-30,886.1099853515625,891.530029296875,885.6500244140625,890.6500244140625,1700.0,853.175,850.1561665852864,820.2394170125325,745.8676992797851
2020-12-01,891.2899780273438,892.219970703125,883.239990234375,889.530029296875,2100.0,856.8164978027344,850.5653330485026,821.3850001017253,746.8911990356445
2020-12-02,899.3400268554688,899.8699951171875,891.6099853515625,894.9400024414062,1900.0,860.4350006103516,850.9855000813802,822.5576670328776,747.9498492431641
2020-12-03,907.6099853515625,907.719970703125,900.0900268554688,901.6099853515625,2400.0,863.5755004882812,851.6783335367838,823.8122502644857,749.0433493041992
2020-12-04,913.760009765625,914.27001953125,908.239990234375,909.989990234375,2200.0,867.4244995117188,852.2596669514974,825.209750366211,750.14919921875
2020-12-07,926.8800048828125,927.3499755859375,910.3599853515625,914.1500244140625,2200.0,871.2079986572265,853.0695007324218,827.1575002034505,751.3689993286133
2020-12-08,906.8400268554688,933.1400146484375,906.3099975585938,927.6900024414062,2600.0,874.5105010986329,853.6923350016276,828.5863337198894,752.4792993164062
2020-12-09,913.8099975585938,917.2100219726562,904.4500122070312,908.0499877929688,2700.0,878.2059997558594,854.1841684977213,830.0730834960938,753.6400494384766
2020-12-10,921.7000122070312,922.1300048828125,905.760009765625,913.02001953125,2700.0,882.2869995117187,854.7385019938151,831.6095001220704,754.9085995483398
2020-12-11,928.4400024414062,929.22998046875,923.3900146484375,925.2999877929688,1900.0,886.7519989013672,855.3096689860026,833.1629165649414,756.3543496704101
2020-12-14,929.5399780273438,935.9000244140625,924.52001953125,930.780029296875,1600.0,890.8624969482422,855.811001586914,834.6454162597656,757.7172994995117
2020-12-15,931.27001953125,934.2999877929688,921.27001953125,930.72998046875,2100.0,895.4524993896484,856.3941680908204,836.1290832519531,759.100499572754
2020-12-16,939.6500244140625,941.4500122070312,932.4099731445312,932.4099731445312,2000.0,899.8480010986328,857.302001953125,837.6303334554036,760.6078997802734
2020-12-17,944.0399780273438,948.4299926757812,938.8800048828125,938.8800048828125,2700.0,904.0529998779297,858.2213348388672,839.2443333943685,762.2744497680665
2020-12-18,947.239990234375,948.5900268554688,942.4600219726562,945.8099975585938,2100.0,907.9059997558594,859.5588348388671,840.8831665039063,763.8723498535156
2020-12-21,953.5800170898438,954.3400268554688,940.97998046875,948.6400146484375,1900.0,911.9205017089844,861.4065022786458,842.7072499593099,765.5061499023437
2020-12-22,928.72998046875,953.47998046875,928.510009765625,953.47998046875,1900.0,914.752001953125,862.8278350830078,844.2969167073568,766.9411499023438
2020-12-23,923.1699829101562,938.9099731445312,918.4400024414062,932.25,1900.0,917.6545013427734,864.7648345947266,845.9268330891927,768.3060498046875
2020-12-24,928.6799926757812,933.3900146484375,920.530029296875,924.3400268554688,1700.0,920.3619995117188,866.7715006510417,847.4779164632162,769.7358499145507
2020-12-28,927.0,937.760009765625,923.9600219726562,930.0700073242188,1600.0,922.4339996337891,868.2896677652994,848.9347498575846,771.2978500366211
2020-12-29,957.4099731445312,957.47998046875,928.5800170898438,928.5800170898438,1500.0,925.9989990234375,870.1106669108073,850.5806660970052,772.9850500488282
2020-12-30,968.4199829101562,971.0399780273438,955.3800048828125,957.3800048828125,1600.0,929.8554992675781,871.9444997151693,852.3244995117187,774.849100036621
2021-01-04,977.6199951171875,977.6199951171875,960.52001953125,968.8599853515625,1700.0,933.769497680664,873.8618326822917,854.0883326212565,776.9197500610352
2021-01-05,985.760009765625,985.760009765625,965.530029296875,976.4299926757812,1800.0,937.6769989013671,875.7968332926432,855.8621658325195,779.2285501098632
2021-01-06,981.3900146484375,990.8800048828125,977.3699951171875,987.25,2000.0,941.0584991455078,877.626333618164,857.6003326416015,781.6129501342773
2021-01-07,988.8599853515625,993.9099731445312,982.27001953125,983.280029296875,2300.0,944.1574981689453,879.5490000406901,859.3309158325195,783.9836001586914
2021-01-08,987.7899780273438,995.219970703125,978.1199951171875,990.7000122070312,2600.0,948.2049957275391,881.4801666259766,861.0759155273438,786.496849975586
2021-01-11,976.6300048828125,993.2000122070312,953.3599853515625,988.3800048828125,2200.0,951.34599609375,883.3993336995443,862.7037490844726,789.2382499694825
2021-01-12,973.719970703125,982.4600219726562,956.719970703125,977.1400146484375,1700.0,953.9469940185547,885.5539998372395,864.3591654459635,791.768099822998
2021-01-13,979.1300048828125,982.6599731445312,972.0999755859375,974.1400146484375,1600.0,956.481494140625,887.9754994710287,865.9917490641276,794.4449497985839
2021-01-14,980.2899780273438,980.2899780273438,973.6300048828125,979.0999755859375,1700.0,959.018994140625,890.6094991048177,867.6444986979167,796.9443997192383
2021-01-15,964.4400024414062,982.3099975585938,963.0900268554688,981.719970703125,1800.0,960.6774932861329,892.9393320719402,869.0933319091797,799.2381997680664
2021-01-18,944.6699829101562,967.0499877929688,940.1099853515625,963.1799926757812,2000.0,960.9284912109375,894.8393320719401,870.3406651814779,801.3784997558594
2021-01-19,957.75,962.1400146484375,936.9299926757812,945.3300170898438,2100.0,961.6139923095703,897.2568318684896,871.6411651611328,803.5530996704101
2021-01-20,977.6599731445312,978.8800048828125,959.52001953125,959.52001953125,2400.0,963.1349914550781,900.0848317464192,873.1649983723959,805.730849609375
2021-01-21,981.4000244140625,984.97998046875,975.6199951171875,979.8200073242188,2000.0,964.525991821289,903.4744984944662,874.6664154052735,807.7924996948242
2021-01-22,979.97998046875,984.6699829101562,975.0499877929688,982.2000122070312,2300.0,967.088491821289,906.7453318277995,876.1008321126302,809.9331994628906
2021-01-25,999.2999877929688,999.6400146484375,981.0499877929688,981.0499877929688,1900.0,970.8949920654297,909.9636647542318,877.6900817871094,812.0911993408204
2021-01-26,994.0,1007.52001953125,989.030029296875,1000.0,2700.0,974.1609924316406,912.9648315429688,879.1884984334309,814.1961492919922
2021-01-27,985.9199829101562,1000.75,984.3699951171875,996.4199829101562,2900.0,977.1069915771484,916.1859975179036,880.6103317260743,816.1396990966797
2021-01-28,961.22998046875,980.7000122070312,957.1699829101562,980.7000122070312,2000.0,977.2979919433594,918.8239969889323,881.724164835612,817.9113488769531
2021-01-29,928.72998046875,970.9500122070312,918.6799926757812,963.5800170898438,2200.0,975.3134918212891,920.6618296305338,882.5023315429687,819.5181488037109
2021-02-01,956.9199829101562,957.260009765625,918.9199829101562,927.9199829101562,1500.0,974.2784912109375,922.8276631673177,883.4159978230795,821.2229986572265
2021-02-02,963.8099975585938,963.8099975585938,963.8099975585938,963.8099975585938,0.0,973.1809906005859,924.8111633300781,884.3300811767579,822.9857485961915
2021-02-03,970.6900024414062,970.8499755859375,958.469970703125,965.989990234375,1900.0,972.6459899902344,927.0429962158203,885.2722478230794,824.8556484985352
2021-02-04,964.5800170898438,970.9500122070312,958.0499877929688,970.9299926757812,2200.0,971.4319915771484,928.9324961344402,886.1207478841146,826.6270986938476
2021-02-05,967.4199829101562,970.5999755859375,961.260009765625,965.6099853515625,2000.0,970.4134918212891,931.0429962158203,887.0139979044596,828.3470486450195
2021-02-08,960.780029296875,968.030029296875,956.9299926757812,966.9400024414062,2100.0,969.6209930419922,933.0576629638672,887.9738316853841,829.9769989013672
2021-02-09,957.8499755859375,966.219970703125,957.6900024414062,961.3099975585938,3200.0,968.8274932861328,935.0204956054688,888.8328313191731,831.5771487426758
2021-02-10,964.3099975585938,964.6599731445312,951.2100219726562,958.4500122070312,2800.0,968.0864929199219,937.1066619873047,889.9101643880208,833.2548486328125
2021-02-15,981.969970703125,982.780029296875,965.8300170898438,965.8300170898438,3000.0,968.1704925537109,939.3506612141927,891.4247477213542,834.9888986206055
2021-02-16,977.739990234375,987.8900146484375,974.2999877929688,982.8099975585938,3000.0,968.8354919433593,941.6551615397135,892.7497477213542,836.6586486816407
2021-02-17,979.77001953125,979.9000244140625,970.5499877929688,977.9299926757812,5100.0,970.5904937744141,943.7889953613281,894.321664428711,838.3926986694336
2021-02-18,967.4199829101562,981.8300170898438,967.4199829101562,980.010009765625,4400.0,971.0739929199219,945.5803283691406,895.750080871582,839.9954986572266
2021-02-19,965.1099853515625,968.9199829101562,944.739990234375,967.6500244140625,4400.0,970.4464935302734,947.162494913737,896.9948308308919,841.5963986206054
2021-02-22,954.2899780273438,969.9600219726562,953.47998046875,965.5499877929688,2700.0,969.0909912109375,948.512494913737,897.9779973347981,843.1419485473633
2021-02-23,936.5999755859375,952.22998046875,934.3499755859375,952.22998046875,3400.0,966.9219909667969,949.587494913737,898.7717473347982,844.6153985595703
2021-02-24,906.3099975585938,944.7100219726562,906.3099975585938,936.7999877929688,3600.0,962.2724914550781,950.273994954427,899.3543304443359,845.854948425293
2021-02-25,936.2100219726562,936.9400024414062,910.1500244140625,910.1500244140625,2400.0,959.3829925537109,951.3019948323567,900.1452473958333,847.1951486206054
2021-02-26,913.9400024414062,930.5399780273438,904.1799926757812,930.5399780273438,2600.0,955.7839935302734,951.774994913737,900.6927474975586,848.3533486938477
2021-03-02,923.1699829101562,936.6099853515625,914.489990234375,919.1699829101562,3000.0,953.8809936523437,952.3926615397136,901.2744140625,849.5439987182617
2021-03-03,930.7999877929688,930.8599853515625,920.0700073242188,922.52001953125,3400.0,953.9844940185546,953.0511617024739,901.8082473754882,850.7769485473633
2021-03-04,926.2000122070312,929.0900268554688,916.75,929.0900268554688,2400.0,952.4484954833985,953.498828125,902.2421641031901,851.950298461914
2021-03-05,923.47998046875,924.4199829101562,907.4099731445312,923.3200073242188,2200.0,950.4319946289063,953.7633280436198,902.7208307902018,853.1148483276368
2021-03-08,904.77001953125,931.1400146484375,904.6199951171875,925.1900024414062,3300.0,947.1359954833985,953.6134948730469,902.9365809122721,854.179048461914
2021-03-09,896.3599853515625,904.0399780273438,877.72998046875,904.0399780273438,3500.0,943.7249938964844,953.1048278808594,903.0871643066406,855.2065985107422
2021-03-10,890.0700073242188,911.0399780273438,890.0700073242188,900.1900024414062,2900.0,939.8574951171875,952.8253275553385,903.2588312784831,856.1751486206055
2021-03-11,908.010009765625,908.010009765625,890.969970703125,890.969970703125,2400.0,937.218994140625,952.7286610921224,903.4564147949219,857.1713986206055
2021-03-12,925.489990234375,925.9000244140625,910.4099731445312,910.4099731445312,2900.0,935.6009948730468,952.7918273925782,903.7651646931967,858.2187484741211
2021-03-15,926.9000244140625,929.6900024414062,921.7100219726562,926.0399780273438,2300.0,933.7304962158203,952.7661610921224,904.0379150390625,859.3103485107422
2021-03-16,940.6500244140625,941.0,928.1699829101562,928.1699829101562,3400.0,931.6644989013672,952.951328531901,904.3811650594075,860.4141485595703
2021-03-17,943.780029296875,943.780029296875,935.1099853515625,941.2000122070312,2800.0,929.9665008544922,953.1598286946614,904.7769983927409,861.4874987792969
2021-03-18,949.8300170898438,953.0999755859375,945.1099853515625,945.1099853515625,2100.0,928.4695007324219,953.3294952392578,905.3157485961914,862.6136987304687
2021-03-19,952.1099853515625,953.0599975585938,935.27001953125,946.6099853515625,1700.0,927.7040008544922,953.4639953613281,905.8426651000976,863.8304986572266
2021-03-22,955.3800048828125,957.52001953125,948.77001953125,953.0399780273438,1800.0,927.2175018310547,953.5996622721354,906.5792485555013,865.0389987182617
2021-03-23,946.3099975585938,962.6500244140625,945.969970703125,956.0999755859375,2000.0,926.8185028076172,953.4784952799479,907.4424987792969,866.0919488525391
2021-03-24,953.8200073242188,954.2000122070312,939.1900024414062,946.22998046875,1700.0,927.6795043945312,953.8966623942057,908.3622487386068,867.1431488037109
2021-03-25,954.989990234375,955.239990234375,948.3400268554688,953.260009765625,1800.0,930.1135040283203,954.4269958496094,909.595915222168,868.2297988891602
2021-03-26,956.7000122070312,959.4600219726562,951.1300048828125,955.6799926757812,2100.0,931.1380035400391,954.8939961751302,910.8327484130859,869.3014489746093
2021-03-29,954.0999755859375,961.72998046875,952.219970703125,956.8800048828125,2400.0,933.1460021972656,955.3456624348959,911.8176651000977,870.3253988647461
2021-03-30,958.0599975585938,959.8800048828125,954.5399780273438,954.5399780273438,2000.0,934.8905029296875,955.3564961751302,912.7335815429688,871.3504989624023
2021-03-31,956.1699829101562,961.02001953125,954.1699829101562,958.3800048828125,1900.0,936.1590026855469,955.1523295084636,913.5484146118164,872.3622488403321
2021-04-01,965.780029296875,965.8099975585938,954.9299926757812,956.8699951171875,2000.0,938.1380035400391,954.9549967447916,914.4084147135417,873.3980490112305
2021-04-02,970.0900268554688,971.1699829101562,966.3400268554688,967.5599975585938,2300.0,940.468505859375,954.6938303629557,915.2453318277995,874.4631991577148
2021-04-05,969.77001953125,973.5700073242188,966.52001953125,971.0399780273438,1900.0,943.718505859375,954.5001637776693,916.0632486979167,875.5817492675782
2021-04-06,968.6300048828125,974.1400146484375,964.6199951171875,971.1099853515625,2400.0,947.3320068359375,954.1629974365235,916.8559987386068,876.9591491699218
2021-04-07,973.219970703125,974.1099853515625,968.3499755859375,969.2999877929688,2000.0,951.4895050048829,953.9201639811198,917.7001653035481,878.1483489990235
2021-04-08,982.02001953125,982.0399780273438,969.530029296875,974.1400146484375,1900.0,955.1900054931641,954.0099975585938,918.704665629069,879.3814489746094
2021-04-09,989.3900146484375,991.1699829101562,983.4000244140625,983.4000244140625,1600.0,958.3850067138671,954.2711649576823,919.9125823974609,880.6417489624023
2021-04-12,1000.6500244140625,1000.780029296875,990.3200073242188,992.3099975585938,1900.0,962.0725067138671,954.6298319498698,921.3026657104492,881.9348489379882
2021-04-13,1010.3699951171875,1010.7999877929688,1001.0,1001.0,3700.0,965.5585052490235,955.1311655680339,922.8703323364258,883.228498840332
2021-04-14,1014.4199829101562,1016.0599975585938,1009.3400268554688,1011.3499755859375,3200.0,969.0905029296875,955.964165242513,924.4517486572265,884.5344488525391
2021-04-15,1013.9000244140625,1014.719970703125,1008.7999877929688,1014.3400268554688,2600.0,972.2940032958984,957.1179992675782,925.9786656697592,885.8064489746093
2021-04-16,1021.6199951171875,1022.3599853515625,1014.4000244140625,1015.7100219726562,2100.0,975.7695037841797,958.1824991861979,927.7196655273438,887.1627490234375
2021-04-19,1029.4599609375,1032.6400146484375,1020.5800170898438,1022.0599975585938,2000.0,979.473501586914,959.0458323160807,929.56533203125,888.5571487426757
2021-04-20,1031.8800048828125,1031.9000244140625,1025.47998046875,1029.1800537109375,1800.0,983.752001953125,959.8871653238932,931.6808319091797,890.0430987548829
2021-04-21,1022.219970703125,1031.260009765625,1019.5900268554688,1031.260009765625,2900.0,987.1720001220704,960.5911651611328,933.6682484944662,891.4643487548828
2021-04-22,1025.7099609375,1029.800048828125,1023.4299926757812,1023.6500244140625,4100.0,990.7079986572265,961.0313313802084,935.49749806722,892.9549984741211
2021-04-23,1026.8199462890625,1029.7900390625,1018.8699951171875,1024.2900390625,4100.0,994.2139953613281,961.5783304850261,937.2715810139974,894.3763482666016
2021-04-26,1030.06005859375,1030.5999755859375,1025.72998046875,1027.4000244140625,2900.0,998.0119995117187,962.313998413086,939.2499979654948,895.7657485961914
2021-04-27,1021.010009765625,1031.949951171875,1019.8099975585938,1030.2900390625,3400.0,1001.1595001220703,963.3103322347005,941.0671646118165,897.0712985229492
2021-04-28,998.27001953125,1021.1300048828125,995.9600219726562,1021.1300048828125,3200.0,1003.264501953125,964.4693328857422,942.565581258138,898.2668487548829
2021-04-29,990.6900024414062,1004.5700073242188,983.72998046875,999.010009765625,1900.0,1004.5100006103515,965.0321665445964,943.929914855957,899.3904986572265
2021-04-30,983.4500122070312,995.739990234375,975.6599731445312,991.0800170898438,1500.0,1005.1779998779297,965.3595001220704,945.0853317260742,900.4432485961914
2021-05-03,961.8099975585938,986.2000122070312,961.2999877929688,982.969970703125,1500.0,1004.7799987792969,965.2115000406901,946.1272481282552,901.3882485961914
2021-05-04,967.2000122070312,967.6799926757812,944.1500244140625,961.3200073242188,1500.0,1004.7084991455079,965.2551666259766,947.0938313802084,902.3182986450196
2021-05-06,969.989990234375,969.989990234375,969.989990234375,969.989990234375,0.0,1004.5470001220704,965.2980000813802,948.1704981486002,903.2762985229492
2021-05-07,978.2999877929688,981.0399780273438,970.9600219726562,970.9600219726562,1300.0,1004.3609985351562,965.5899993896485,949.3238311767578,904.2613485717774
2021-05-10,992.7999877929688,993.0599975585938,979.3800048828125,979.3800048828125,1300.0,1004.5314971923829,966.1724995930989,950.5964975992839,905.3499984741211
2021-05-11,978.6099853515625,991.4099731445312,974.0999755859375,991.4099731445312,1400.0,1003.4294952392578,966.4108327229818,951.7587473551432,906.3269485473633
2021-05-12,967.0999755859375,979.989990234375,958.5700073242188,978.27001953125,2000.0,1001.2659942626954,966.1629994710287,952.7568303426107,907.2526483154297
2021-05-13,951.77001953125,965.27001953125,948.0399780273438,963.3099975585938,1400.0,998.13349609375,965.7301666259766,953.692664082845,908.0585983276367
2021-05-14,966.719970703125,967.1799926757812,953.9099731445312,953.9099731445312,1600.0,995.7744934082032,965.5126658121745,954.6508305867513,908.9172482299805
2021-05-17,962.5,973.3499755859375,958.6400146484375,968.02001953125,1500.0,992.8184936523437,965.4306660970052,955.5054972330729,909.7212982177734
2021-05-18,969.0999755859375,969.7899780273438,959.97998046875,962.8300170898438,1400.0,989.8004943847657,965.4971659342448,956.3298304239909,910.5927981567382
2021-05-20,971.1300048828125,971.6199951171875,962.780029296875,968.3499755859375,1500.0,986.7629943847656,965.7778330485027,957.1451639811198,911.4422982788086
2021-05-21,965.6300048828125,979.3699951171875,965.5499877929688,972.2999877929688,1500.0,983.93349609375,966.2616668701172,957.9245808919271,912.231198425293
2021-05-24,948.3699951171875,965.22998046875,948.3699951171875,965.22998046875,1500.0,980.0664978027344,966.9626668294271,958.618330891927,912.9300982666016
2021-05-25,962.0700073242188,963.4000244140625,949.780029296875,949.780029296875,1700.0,976.8290008544922,967.3936665852865,959.3478307088216,913.6694982910157
2021-05-26,966.0599975585938,967.489990234375,962.6900024414062,962.6900024414062,1900.0,973.6289978027344,968.2623331705729,960.0186640421549,914.4232983398438
2021-05-27,974.0800170898438,974.2899780273438,960.6400146484375,967.010009765625,1800.0,971.2824981689453,969.1108337402344,960.7517476399739,915.1558483886719
2021-05-28,977.4600219726562,979.5900268554688,973.760009765625,974.5499877929688,1600.0,970.2419982910156,969.8885009765625,961.4698313395182,915.8663986206054
2021-05-31,981.780029296875,983.4099731445312,979.0,979.0,1600.0,969.796499633789,970.8148345947266,962.1568313598633,916.5388986206054
2021-06-01,984.5900268554688,984.6099853515625,979.1300048828125,982.25,1800.0,969.8535003662109,971.8333353678386,962.7983317057292,917.1912487792969
2021-06-02,981.0999755859375,986.0,977.739990234375,985.5,1600.0,970.8179992675781,973.1055013020833,963.3594980875652,917.8085986328125
2021-06-03,990.1900024414062,992.010009765625,981.52001953125,981.52001953125,1700.0,971.9674987792969,974.6693349202474,963.8870814005534,918.4457485961914
2021-06-04,987.5800170898438,990.1599731445312,983.02001953125,990.1599731445312,2100.0,972.8470001220703,976.2945017496745,964.5599146525066,919.0824987792969
2021-06-07,985.8599853515625,993.0599975585938,982.1400146484375,989.1599731445312,2000.0,973.225,977.5920013427734,965.160331217448,919.783798828125
2021-06-08,986.1199951171875,988.3499755859375,982.75,986.4299926757812,1900.0,972.891000366211,978.6025014241536,965.6971644083659,920.4405487060546
2021-06-09,978.7899780273438,989.1500244140625,978.7899780273438,986.5900268554688,1700.0,972.9,979.467333984375,966.1167475382487,921.1593484497071
2021-06-10,987.77001953125,993.0800170898438,979.469970703125,979.52001953125,1800.0,973.9335021972656,980.2526672363281,966.6019978841146,922.0970986938477
2021-06-11,991.1300048828125,993.9000244140625,989.1500244140625,989.3900146484375,1500.0,975.9015014648437,981.0418334960938,967.1008310953777,922.9590487670898
2021-06-14,997.4099731445312,998.8499755859375,991.9299926757812,992.7999877929688,1400.0,977.436001586914,981.8348327636719,967.5821640014649,923.9903985595703
2021-06-15,997.3699951171875,999.530029296875,993.6400146484375,998.0499877929688,1600.0,979.1795013427734,982.5891662597656,968.0265808105469,924.9971984863281
2021-06-16,998.489990234375,1000.4299926757812,995.3499755859375,997.6799926757812,1400.0,980.6490020751953,983.307666015625,968.4536641438802,925.9109484863282
2021-06-17,1003.719970703125,1004.7000122070312,994.760009765625,998.27001953125,1900.0,982.2785003662109,984.2644989013672,968.8714970906575,926.7479983520508
2021-06-18,1015.8800048828125,1016.3300170898438,1004.5700073242188,1004.5700073242188,1800.0,984.7910003662109,985.2988321940104,969.5977472941081,927.6206484985352
2021-06-21,1010.989990234375,1014.5900268554688,1006.8300170898438,1014.5900268554688,1500.0,987.9220001220704,986.2321655273438,970.3295806884765,928.4935983276367
2021-06-22,1011.5599975585938,1016.7000122070312,1008.1099853515625,1012.010009765625,1600.0,990.3964996337891,987.1464986165364,971.0202473958333,929.3448983764648
2021-06-23,1016.4600219726562,1016.4600219726562,1016.4600219726562,1016.4600219726562,0.0,992.9165008544921,988.1858327229818,971.7657475789388,930.1859985351563
2021-06-24,1012.6199951171875,1012.6199951171875,1012.6199951171875,1012.6199951171875,0.0,994.8434997558594,989.095166015625,972.2258310953777,930.9822485351563
2021-06-25,1012.1300048828125,1018.97998046875,1011.3099975585938,1013.969970703125,1300.0,996.5769989013672,990.0278330485027,972.5900812784831,931.7091986083984
2021-06-28,1017.9099731445312,1018.760009765625,1013.469970703125,1013.469970703125,1600.0,998.38349609375,990.8966654459635,972.9258310953776,932.428098449707
2021-06-29,1022.52001953125,1026.8299560546875,1019.280029296875,1019.6400146484375,2100.0,1000.279995727539,991.7704986572265,973.2321645100911,933.2104986572266
2021-06-30,1029.9599609375,1030.93994140625,1023.739990234375,1023.739990234375,2100.0,1002.7229949951172,992.7736643473307,973.6369140625,933.9658984375
2021-07-01,1035.6400146484375,1036.469970703125,1028.47998046875,1030.47998046875,1700.0,1004.9954956054687,993.8904978434244,974.0267476399739,934.7526486206054
2021-07-02,1038.1800537109375,1038.5400390625,1033.93994140625,1036.280029296875,1700.0,1007.5254974365234,994.9731658935547,974.4466649373372,935.5961990356445
2021-07-05,1047.3299560546875,1048.1600341796875,1039.7900390625,1039.7900390625,1700.0,1010.5989959716796,996.061664835612,975.0358311971029,936.4113488769531
2021-07-06,1044.9599609375,1049.239990234375,1043.510009765625,1047.5999755859375,2000.0,1013.5409942626953,996.9878306070964,975.6294977823893,937.1939486694336
2021-07-07,1047.3599853515625,1050.31005859375,1042.4200439453125,1045.0,1700.0,1016.9694946289062,997.7663299560547,976.1980809529622,937.9598986816407
2021-07-08,1034.47998046875,1049.949951171875,1028.1400146484375,1047.9599609375,1900.0,1019.3049926757812,998.1681630452474,976.6496643066406,938.6349984741211
2021-07-09,1028.9300537109375,1031.780029296875,1013.9099731445312,1031.780029296875,2200.0,1021.1949951171875,998.4099975585938,977.1870814005534,939.2982485961915
2021-07-12,1034.6400146484375,1037.010009765625,1030.3599853515625,1030.3599853515625,1700.0,1023.0564971923828,998.7556640625,977.9368316650391,940.0455487060547
2021-07-13,1043.31005859375,1044.6400146484375,1035.6800537109375,1035.6800537109375,1700.0,1025.353500366211,999.1171651204427,978.6498321533203,940.8176989746094
2021-07-14,1044.97998046875,1045.449951171875,1038.6800537109375,1043.5,1700.0,1027.6779998779298,999.3758321126302,979.2108322143555,941.7076489257812
2021-07-15,1054.31005859375,1055.8199462890625,1046.5699462890625,1046.5699462890625,2100.0,1030.207504272461,999.7496663411458,979.8184158325196,942.7655993652344
2021-07-16,1051.97998046875,1053.949951171875,1044.699951171875,1053.8499755859375,1700.0,1032.012503051758,1000.2456665039062,980.4184158325195,943.808249206543
2021-07-19,1049.8299560546875,1051.449951171875,1046.9000244140625,1049.510009765625,1400.0,1033.9545013427735,1000.6476664225261,980.8394989013672,945.0226489257813
2021-07-20,1043.6400146484375,1049.199951171875,1036.1400146484375,1040.989990234375,1600.0,1035.5585021972656,1000.9280008951823,981.2531656901042,946.199448852539
2021-07-21,1042.030029296875,1051.949951171875,1041.43994140625,1051.72998046875,1300.0,1036.8370025634765,1001.127500406901,981.7207494099935,947.2300491333008
2021-07-22,1050.25,1051.93994140625,1046.510009765625,1046.510009765625,1600.0,1038.7185028076171,1001.614833577474,982.4625829060873,948.2405490112304
2021-07-23,1055.5,1059.1800537109375,1053.010009765625,1053.010009765625,1400.0,1040.8870025634765,1002.5686665852865,983.5189997355143,949.2260989379882
2021-07-26,1047.6300048828125,1060.2099609375,1045.27001953125,1059.9100341796875,1300.0,1042.3730041503907,1003.5176666259765,984.2749165852864,950.1513488769531
2021-07-27,1046.550048828125,1053.4599609375,1045.6600341796875,1050.8699951171875,1600.0,1043.5745056152343,1004.5693339029948,984.9644170125325,951.0357992553711
2021-07-28,1035.6800537109375,1048.780029296875,1030.0400390625,1043.18994140625,1400.0,1043.8605102539063,1005.8005015055338,985.506000773112,951.8560995483399
2021-07-29,1044.1300048828125,1044.7900390625,1039.260009765625,1040.449951171875,1200.0,1044.285009765625,1007.0826680501302,986.1689173380533,952.709249572754
2021-07-30,1031.1400146484375,1044.3599853515625,1029.18994140625,1044.280029296875,1300.0,1043.9330078125,1008.1018351236979,986.699917602539,953.5053497314453
2021-08-02,1037.800048828125,1038.489990234375,1029.260009765625,1033.1700439453125,1200.0,1043.4565124511719,1009.0935028076171,987.3417510986328,954.3869500732421
2021-08-03,1036.1099853515625,1041.760009765625,1029.050048828125,1038.9100341796875,1500.0,1043.014013671875,1009.8153361002604,987.9939178466797,955.3452999877929
2021-08-04,1047.9300537109375,1047.9300537109375,1035.97998046875,1038.9599609375,1500.0,1043.0425170898438,1010.9706705729167,988.6907516479492,956.4157501220703
2021-08-05,1059.5400390625,1060.1400146484375,1050.3199462890625,1050.449951171875,1400.0,1044.2955200195313,1012.5113382975261,989.3371688842774,957.6022003173828
2021-08-06,1059.800048828125,1062.030029296875,1055.6400146484375,1061.3199462890625,1300.0,1045.8390197753906,1014.3118387858073,990.0210027058919,958.7779504394531
2021-08-09,1060.0,1061.780029296875,1054.5799560546875,1059.2900390625,1352800.0,1047.1070190429687,1015.8665059407552,990.6895858764649,959.9246005249023
2021-08-10,1052.0699462890625,1060.9000244140625,1048.97998046875,1060.9000244140625,1700.0,1047.5450134277344,1017.3593383789063,991.3950022379557,961.1214501953125
2021-08-11,1051.9200439453125,1057.030029296875,1048.699951171875,1050.47998046875,1300.0,1047.8920166015625,1018.7396728515625,992.1184193929037,962.3411505126953
2021-08-12,1054.0899658203125,1058.4100341796875,1052.2099609375,1054.1600341796875,1100.0,1047.8810119628906,1020.1223388671875,992.9500859578451,963.7215002441407
2021-08-13,1040.780029296875,1054.4599609375,1024.47998046875,1054.280029296875,1400.0,1047.3210144042969,1021.3748392740886,993.8182530721028,965.0067504882812
2021-08-17,1011.0499877929688,1039.6600341796875,1009.2100219726562,1039.6600341796875,1200.0,1045.382015991211,1022.4195058186849,994.691086324056,966.031000366211
2021-08-18,1021.0800170898438,1022.0900268554688,999.260009765625,1006.7999877929688,1100.0,1044.2540161132813,1023.4030059814453,995.3983362833659,967.0667504882813
2021-08-19,991.1500244140625,1022.77001953125,991.1300048828125,1013.9299926757812,1400.0,1041.7100158691405,1023.8211730957031,996.0417531331381,968.0592504882812
2021-08-20,967.9000244140625,1000.6699829101562,964.02001953125,997.02001953125,1300.0,1037.5925170898438,1023.7181732177735,996.4145034790039,968.8840005493164
2021-08-23,993.1799926757812,996.22998046875,969.47998046875,977.8699951171875,1000.0,1034.4765167236328,1023.9801727294922,996.9343368530274,969.757600402832
2021-08-24,1013.1799926757812,1015.0900268554688,1000.719970703125,1002.1900024414062,1300.0,1032.7540161132813,1024.503505452474,997.6591700236003,970.6886505126953
2021-08-25,1017.780029296875,1017.9600219726562,1006.97998046875,1017.9600219726562,1225800.0,1031.3155151367187,1025.0566721598307,998.4450037638346,971.5535507202148
2021-08-26,1020.4400024414062,1026.260009765625,1015.9099731445312,1020.8499755859375,1081700.0,1030.5535125732422,1025.7123392740884,999.4089202880859,972.4718505859375
2021-08-27,1023.510009765625,1027.260009765625,1014.0999755859375,1017.3599853515625,1300.0,1029.522512817383,1026.2676727294922,1000.4685038248698,973.3333505249024
2021-08-30,1031.8399658203125,1035.77001953125,1027.8399658203125,1030.6500244140625,1200.0,1029.5575103759766,1027.0053385416666,1001.6499201456705,974.2886004638672
2021-08-31,1038.3299560546875,1038.3299560546875,1026.3599853515625,1032.77001953125,1200.0,1029.5840057373048,1027.8798380533854,1002.7359196980794,975.2807501220703
2021-09-01,1045.97998046875,1046.0,1035.0899658203125,1038.0899658203125,1100.0,1030.0775054931642,1028.8775044759116,1003.7400029500326,976.3102499389648
2021-09-02,1047.18994140625,1048.199951171875,1042.3599853515625,1048.1500244140625,1300.0,1030.0404998779297,1030.01750386556,1004.7424189249674,977.350499572754
2021-09-03,1053.8499755859375,1054.530029296875,1047.1199951171875,1049.81005859375,1400.0,1029.7559967041016,1031.1188364664713,1005.6857518513997,978.3830993652343
2021-09-06,1052.9599609375,1056.300048828125,1049.27001953125,1056.300048828125,1300.0,1029.4139923095704,1032.1493357340494,1006.5955846150716,979.4505493164063
2021-09-07,1054.4300537109375,1054.760009765625,1049.800048828125,1054.030029296875,1600.0,1029.1354949951171,1033.0996704101562,1007.467251586914,980.4639996337891
2021-09-08,1037.219970703125,1053.4599609375,1037.219970703125,1053.4599609375,1500.0,1028.3929962158204,1033.7638366699218,1008.1765014648438,981.3503994750977
2021-09-09,1034.6199951171875,1042.0400390625,1027.6400146484375,1033.969970703125,1400.0,1027.527993774414,1034.3660034179688,1008.8368347167968,982.1725994873046
2021-09-10,1037.9100341796875,1039.72998046875,1026.969970703125,1035.8599853515625,1400.0,1026.7189971923829,1034.9358378092447,1009.600168355306,982.9956997680664
2021-09-13,1026.3399658203125,1037.5,1023.97998046875,1036.8599853515625,1300.0,1025.9969940185547,1035.1101704915366,1010.2045013427735,983.7668997192383
2021-09-14,1037.739990234375,1038.93994140625,1028.4000244140625,1029.5699462890625,1200.0,1027.331494140625,1035.5560038248698,1010.8940846761068,984.6299996948242
2021-09-15,1042.7900390625,1044.260009765625,1038.800048828125,1039.5699462890625,1400.0,1028.4169952392579,1036.0765045166015,1011.611501566569,985.4712997436524
2021-09-16,1039.4300537109375,1048.3699951171875,1037.719970703125,1047.8499755859375,1100.0,1030.8309967041016,1036.4593383789063,1012.322585550944,986.2406500244141
2021-09-17,1046.1199951171875,1046.1300048828125,1033.68994140625,1040.72998046875,1200.0,1034.741995239258,1037.0176717122397,1013.0564188639323,987.0407000732422
2021-09-23,1036.260009765625,1043.5799560546875,1036.25,1040.3800048828125,968200.0,1036.89599609375,1037.4198384602864,1013.7238357543945,987.7655502319336
2021-09-24,1037.030029296875,1045.2099609375,1034.800048828125,1040.4300537109375,1300.0,1038.0884979248046,1037.7385060628255,1014.3175857543945,988.4540002441406
2021-09-27,1034.8199462890625,1039.6300048828125,1031.9300537109375,1037.2099609375,1000.0,1038.940493774414,1037.9435048421224,1014.8570017496745,989.0900500488282
2021-09-28,1012.510009765625,1034.0699462890625,1012.510009765625,1034.0400390625,1400.0,1038.543994140625,1037.6526723225911,1015.213168334961,989.5838000488282
2021-09-29,1001.4600219726562,1004.8499755859375,989.0700073242188,994.6099853515625,1300.0,1037.4414947509765,1037.0830057779947,1015.4867518107096,989.9567001342773
2021-09-30,1003.27001953125,1010.030029296875,999.5800170898438,1001.9199829101562,1300.0,1036.0129974365234,1036.501171875,1015.7371688842774,990.4388500976562
2021-10-01,983.2000122070312,1002.6799926757812,982.260009765625,998.7000122070312,1400.0,1033.2565002441406,1035.432339477539,1015.7470021565755,990.7858001708985
2021-10-05,955.3699951171875,974.239990234375,950.0900268554688,974.239990234375,1300.0,1028.7260009765625,1033.939173380534,1015.4635019938152,990.9541500854492
2021-10-06,922.3599853515625,967.6699829101562,922.3599853515625,962.6199951171875,1700.0,1022.4845031738281,1031.8558400472004,1014.8110850016276,990.92375
2021-10-07,953.4299926757812,953.47998046875,932.3200073242188,932.6500244140625,1400.0,1017.4635040283204,1030.5050069173178,1014.3365849812825,991.0432000732421
2021-10-08,953.1099853515625,961.719970703125,948.02001953125,959.8099975585938,1300.0,1012.4710052490234,1029.2413391113282,1013.8256683349609,991.1523999023437
2021-10-12,940.1500244140625,951.1199951171875,936.9500122070312,951.1199951171875,1100.0,1006.7570037841797,1027.6665059407553,1013.2110850016276,991.1548999023438
2021-10-13,953.469970703125,954.6300048828125,939.280029296875,939.4000244140625,1000.0,1002.5695037841797,1026.169171142578,1012.6431681315104,991.2020498657226
2021-10-14,983.4299926757812,983.6300048828125,960.52001953125,960.5800170898438,1200.0,1000.0100036621094,1025.1433380126953,1012.2595850626627,991.3829998779297
2021-10-15,990.5399780273438,992.1599731445312,981.8300170898438,990.239990234375,1400.0,997.6415008544922,1024.0805033365884,1011.9150848388672,991.5677996826172
2021-10-18,993.8599853515625,997.9199829101562,985.1400146484375,992.5700073242188,1200.0,996.0175018310547,1023.1118367513021,1011.6787516276041,991.8934497070312
2021-10-19,1005.3499755859375,1005.3499755859375,997.0999755859375,997.5700073242188,1400.0,994.3980010986328,1022.3705037434896,1011.5090850830078,992.3043496704101
2021-10-20,1001.6199951171875,1011.5499877929688,1001.0999755859375,1009.1099853515625,1600.0,992.3394989013672,1021.6701700846354,1011.2990854899089,992.6690496826172
2021-10-21,993.7000122070312,1004.6099853515625,992.0399780273438,1003.47998046875,1600.0,990.0529968261719,1020.8646697998047,1010.9960851033528,993.0025497436524
2021-10-22,995.0700073242188,1000.1500244140625,989.4299926757812,992.219970703125,1200.0,987.5004974365235,1019.9450032552083,1010.7799184163412,993.1908499145508
2021-10-25,994.3099975585938,995.3900146484375,986.5499877929688,994.75,1100.0,985.4029968261718,1018.9251698811848,1010.7469182332356,993.320299987793
2021-10-26,1011.760009765625,1011.760009765625,1000.2899780273438,1000.3200073242188,1300.0,984.1394958496094,1018.3273366292318,1010.9225016276042,993.4910000610352
2021-10-27,1008.9500122070312,1013.1699829101562,1006.030029296875,1012.9099731445312,1273200.0,982.8459991455078,1017.7006693522136,1011.1350016276042,993.6069500732422
2021-10-28,1000.1300048828125,1011.5,999.5900268554688,1008.9299926757812,1300.0,982.2269989013672,1017.1081685384114,1011.4543350219726,993.700650024414
2021-10-29,992.3300170898438,1005.1900024414062,991.030029296875,1004.9099731445312,1300.0,981.7704986572265,1016.2448354085286,1011.6637517293294,993.7180001831055
2021-11-01,998.5700073242188,1001.25,994.280029296875,995.5599975585938,1200.0,981.535498046875,1015.702001953125,1011.9019185384115,993.7719003295898
2021-11-02,1009.4400024414062,1012.2000122070312,1000.9600219726562,1000.9600219726562,1399900.0,982.8474975585938,1015.2293345133463,1012.1614186604818,993.9359503173828
2021-11-03,1005.0,1013.6799926757812,1003.6599731445312,1011.2000122070312,1100.0,985.3289978027344,1014.710834757487,1012.2630854288738,994.0923504638672
2021-11-04,1001.4299926757812,1015.719970703125,995.72998046875,1012.6199951171875,1200.0,989.2824981689453,1013.9358337402343,1012.4532521565756,994.203850402832
2021-11-05,1001.3499755859375,1006.0399780273438,995.3499755859375,1006.0399780273438,1300.0,991.6784973144531,1012.9659993489583,1012.7386688232422,994.309150390625
2021-11-08,1002.5,1003.1799926757812,988.3599853515625,999.0800170898438,1300.0,994.147998046875,1012.0109985351562,1013.1614186604818,994.4994503784179
2021-11-09,1008.6799926757812,1010.7899780273438,1002.510009765625,1002.510009765625,1200.0,997.574496459961,1011.1556650797526,1013.5110855102539,994.8195004272461
2021-11-10,987.75,1006.9000244140625,983.8200073242188,1006.5900268554688,1500.0,999.2884979248047,1010.0836659749349,1013.7215021769206,994.9695004272461
2021-11-11,992.6500244140625,994.6900024414062,979.6799926757812,981.4199829101562,1100.0,999.7494995117188,1009.0958323160808,1013.9177525838217,995.0444506835937
2021-11-12,1009.0700073242188,1009.1500244140625,998.1400146484375,999.2899780273438,900.0,1000.6760009765625,1008.3454996744791,1014.2339192708333,995.1828005981446
2021-11-15,1029.030029296875,1029.0699462890625,1016.1599731445312,1016.3499755859375,900.0,1002.4345031738281,1008.1496663411458,1014.7622528076172,995.4280508422852
2021-11-16,1035.4599609375,1035.97998046875,1027.0699462890625,1029.3499755859375,1000.0,1003.9400024414062,1008.556499226888,1015.4880025227865,995.6088507080078
2021-11-17,1031.260009765625,1039.3599853515625,1028.02001953125,1039.3599853515625,1410200.0,1005.4220031738281,1008.7261657714844,1016.0645858764649,995.7951507568359
2021-11-18,1032.77001953125,1034.510009765625,1018.1300048828125,1033.1600341796875,1500.0,1007.3755035400391,1009.4198323567708,1016.620502726237,996.0294009399414
2021-11-19,1041.9200439453125,1042.4000244140625,1029.5400390625,1032.0699462890625,1300.0,1009.7180053710938,1010.6534993489583,1017.1858362833659,996.4328512573243
2021-11-22,1032.31005859375,1045.3599853515625,1023.1300048828125,1043.550048828125,1300.0,1011.6180084228515,1011.3056671142579,1017.642919921875,996.9507516479492
2021-11-23,1013.719970703125,1029.0799560546875,1012.9500122070312,1024.3299560546875,1000.0,1011.7160064697266,1011.3146667480469,1017.9090861002604,997.2347515869141
2021-11-24,1020.1300048828125,1021.1300048828125,1003.1900024414062,1015.22998046875,1000.0,1012.2750061035156,1011.3538330078125,1018.2052525838216,997.5163516235351
2021-11-25,1015.6599731445312,1025.9000244140625,1015.6199951171875,1023.4099731445312,1100.0,1013.0515045166015,1011.2741658528646,1018.4932525634765,997.7412014770508
2021-11-26,1005.8900146484375,1021.1500244140625,999.4000244140625,1017.9000244140625,1200.0,1013.7295043945312,1010.9804992675781,1018.6240859985352,997.9477514648438
2021-11-29,992.3400268554688,1002.7899780273438,980.260009765625,986.6400146484375,1300.0,1013.4180053710937,1010.3221669514974,1018.6637527465821,998.0723516845703
2021-11-30,965.6300048828125,1004.8300170898438,960.8400268554688,1003.0399780273438,1400.0,1011.227505493164,1009.1105010986328,1018.4951695760091,998.0966015625
2021-12-01,977.1500244140625,977.72998046875,949.8599853515625,969.9000244140625,1100.0,1009.8350067138672,1007.963335164388,1018.4204198201497,998.1931018066406
2021-12-02,977.4299926757812,978.1599731445312,961.97998046875,967.3400268554688,1100.0,1008.6350067138671,1006.8006693522135,1018.4090866088867,998.2587017822266
2021-12-03,998.469970703125,998.489990234375,977.9099731445312,981.6500244140625,1200.0,1008.4910064697266,1005.8776692708333,1018.4982528686523,998.3412017822266
2021-12-06,991.8699951171875,994.1500244140625,980.8699951171875,990.0700073242188,1100.0,1007.959506225586,1004.8595031738281,1018.5044194539388,998.4118518066406
2021-12-07,996.6400146484375,999.52001953125,991.0700073242188,996.8900146484375,1000.0,1007.3575073242188,1003.8963358561198,1018.498003133138,998.4962017822265
2021-12-08,1006.0399780273438,1012.6400146484375,1003.9199829101562,1006.6099853515625,1100.0,1008.272006225586,1003.3766693115234,1018.5702529907227,998.6893017578125
2021-12-09,1022.8699951171875,1022.8699951171875,1009.2899780273438,1009.2899780273438,1061000.0,1009.7830047607422,1003.1808359781901,1018.7734196980795,998.9781018066407
2021-12-10,1011.5700073242188,1018.4199829101562,1010.02001953125,1016.3400268554688,1200.0,1009.9080047607422,1002.7418355305989,1018.8388366699219,999.264501953125
2021-12-13,1005.9600219726562,1014.9000244140625,1005.9600219726562,1014.27001953125,1300.0,1008.7545043945313,1002.4021697998047,1018.7561701456706,999.6113021850585
2021-12-14,1002.8099975585938,1007.72998046875,996.8499755859375,1001.1099853515625,1100.0,1007.1220062255859,1001.8200032552083,1018.6880035400391,1000.0938021850586
2021-12-15,1003.52001953125,1007.4400024414062,999.2100219726562,1002.1799926757812,1125300.0,1005.7350067138672,1001.1655029296875,1018.6210037231446,1000.4303521728516
2021-12-16,1007.8599853515625,1016.3200073242188,1006.9000244140625,1013.0499877929688,1300.0,1004.4895050048829,1000.639335123698,1018.5493367513021,1000.8999520874023
2021-12-17,1001.260009765625,1005.3599853515625,995.9299926757812,1001.510009765625,1100.0,1002.4565032958984,999.8916687011719,1018.4546702067057,1001.2904022216796
2021-12-20,990.510009765625,1004.75,990.510009765625,1001.1699829101562,1009800.0,1000.3665008544922,999.1291687011719,1018.2745035807292,1001.5889523315429
2021-12-21,996.5999755859375,997.2999877929688,982.4299926757812,994.530029296875,1400.0,999.5105010986329,998.4553344726562,1018.0969202677409,1001.9409521484375
2021-12-22,1000.1300048828125,1005.22998046875,999.0499877929688,1004.0999755859375,1200.0,998.5105010986329,997.8771687825521,1017.9103368123373,1002.3242022705078
2021-12-23,1003.3099975585938,1007.4199829101562,1001.47998046875,1004.4500122070312,1400.0,997.8930023193359,997.7238352457682,1017.6882537841797,1002.8169021606445
2021-12-24,1007.4199829101562,1010.97998046875,1005.6099853515625,1008.0499877929688,1200.0,997.9695007324219,997.8231679280599,1017.4530868530273,1003.3722021484375
2021-12-27,1011.3599853515625,1013.7000122070312,1006.8699951171875,1008.9000244140625,1200.0,998.9204986572265,997.9580006917317,1017.2295862833658,1003.9786520385742
2021-12-28,1027.43994140625,1027.449951171875,1014.3900146484375,1016.2899780273438,1300.0,1002.0109954833985,998.6953328450521,1017.0638361612956,1004.5758016967774
2021-12-29,1028.050048828125,1034.050048828125,1022.72998046875,1028.4599609375,1000.0,1004.5559967041015,999.9066670735677,1016.9229202270508,1005.088601989746
2021-12-30,1033.97998046875,1034.8699951171875,1021.5900268554688,1029.739990234375,900.0,1007.38349609375,1001.7670003255208,1016.8114201863607,1005.6240017700195
2022-01-04,1031.6600341796875,1041.2900390625,1025.22998046875,1041.0699462890625,1324100.0,1009.0429992675781,1003.070834350586,1016.7879206339518,1006.0790518188477
2022-01-05,1009.6199951171875,1029.1199951171875,1007.8400268554688,1029.1199951171875,1500500.0,1009.9304992675782,1004.0126678466797,1016.6270034790039,1006.4082516479492
2022-01-06,980.2999877929688,1003.010009765625,979.8300170898438,993.5999755859375,1500.0,1009.1134979248047,1004.6818339029948,1016.174169921875,1006.5606015014648
2022-01-07,995.1599731445312,997.02001953125,986.1799926757812,986.1799926757812,1500.0,1008.5694976806641,1005.3766672770182,1015.7729192097981,1006.7758514404297
2022-01-10,980.3800048828125,992.489990234375,976.4099731445312,992.489990234375,1300.0,1006.4449981689453,1005.3258341471354,1015.2345860799154,1006.9008514404297
2022-01-11,969.9199829101562,985.1300048828125,962.9099731445312,982.4400024414062,1300.0,1004.3624969482422,1004.982167561849,1014.5313354492188,1007.0189013671875
2022-01-12,991.3300170898438,991.7100219726562,978.6900024414062,978.6900024414062,1200.0,1003.6309967041016,1004.9400014241536,1014.0259190877279,1007.2064514160156
2022-01-13,983.25,994.5499877929688,981.3099975585938,994.5499877929688,1200.0,1002.6529968261718,1004.5716684977214,1013.4710861206055,1007.3477514648438
2022-01-14,971.3900146484375,977.6900024414062,967.1900024414062,971.1099853515625,1400.0,1001.0464965820313,1004.0678354899088,1012.8690027872722,1007.4212014770508
2022-01-17,957.9000244140625,971.8099975585938,954.8200073242188,971.8099975585938,1100.0,998.5484985351562,1003.4711690266927,1012.1679194132487,1007.4402017211914
2022-01-18,943.9400024414062,969.1699829101562,942.1099853515625,959.97998046875,1100.0,995.6824981689454,1002.6190022786458,1011.2820027669271,1007.3696017456055
2022-01-19,933.9000244140625,944.8099975585938,929.1500244140625,935.0599975585938,1200.0,992.8519989013672,1001.6121693929036,1010.2686696370442,1007.258251953125
2022-01-20,958.7000122070312,958.7000122070312,933.969970703125,934.0,1000.0,990.9570007324219,1000.7278361002604,1009.5275863647461,1007.2228518676758
2022-01-21,942.8499755859375,958.3800048828125,937.47998046875,950.6699829101562,1100.0,988.0929992675781,999.6261688232422,1008.6634190877279,1007.0866516113281
2022-01-24,915.4000244140625,915.4000244140625,915.4000244140625,915.4000244140625,0.0,983.6975006103515,998.2140024820964,1007.6610855102539,1006.8148016357422
2022-01-25,889.4400024414062,923.0700073242188,883.1699829101562,920.9500122070312,1300.0,977.7985015869141,996.4991689046224,1006.3720021565755,1006.4188516235351
2022-01-26,882.0900268554688,900.3800048828125,881.6799926757812,892.010009765625,1100.0,971.3350036621093,994.5578358968099,1005.1299189249675,1005.9632019042969
2022-01-27,849.22998046875,885.0,847.3400268554688,884.22998046875,1200.0,962.4245056152344,991.8876688639323,1003.5585016886394,1005.2992517089843
2022-01-28,872.8699951171875,872.8699951171875,835.5499877929688,852.5700073242188,1000.0,954.6655029296875,989.6855021158855,1002.1981684366862,1004.7166516113281
2022-02-03,891.5999755859375,898.3699951171875,887.02001953125,887.8499755859375,1100.0,947.5465026855469,987.8550018310547,1000.8954177856446,1004.1714013671875
2022-02-04,902.8699951171875,902.8699951171875,886.9299926757812,888.510009765625,1100.0,941.1070007324219,986.2136688232422,999.5898340861003,1003.6339013671875
2022-02-07,899.4000244140625,905.9600219726562,893.9099731445312,905.9600219726562,900.0,935.5960021972656,984.4953358968099,998.2531672159831,1003.058801574707
2022-02-08,895.27001953125,907.239990234375,887.5399780273438,900.7000122070312,1200.0,931.3445037841797,982.6051696777344,996.8804173787435,1002.4656515502929
2022-02-09,910.530029296875,910.530029296875,900.8599853515625,904.0700073242188,900.0,927.1130065917969,981.3181701660156,995.7009180704753,1001.9102017211914
2022-02-10,895.6799926757812,914.9199829101562,893.2100219726562,914.6500244140625,900.0,922.8780059814453,979.7020029703776,994.3989176432292,1001.2413018798828
2022-02-11,877.4199829101562,889.4199829101562,877.280029296875,885.3099975585938,1000.0,918.2530059814453,977.5078358968099,992.9266677856446,1000.4690017700195
2022-02-14,852.7899780273438,867.239990234375,850.280029296875,864.489990234375,889900.0,911.3260040283203,974.5705017089844,991.3600840250651,999.6218518066406
2022-02-15,839.9199829101562,860.4000244140625,837.8300170898438,855.6199951171875,1036300.0,904.1595031738282,971.3115020751953,989.9340006510416,998.692901916504
2022-02-16,878.1500244140625,878.1500244140625,857.5399780273438,857.5399780273438,900.0,899.4975036621094,968.7596689860026,988.7429173787435,997.9495523071289
2022-02-17,874.219970703125,890.780029296875,858.780029296875,879.1199951171875,1200.0,895.3135009765625,966.1171681722005,987.7685002644856,997.1703518676758
2022-02-18,881.7100219726562,882.010009765625,860.8099975585938,862.1900024414062,1000.0,892.202001953125,963.4470011393229,987.0502502441407,996.4738519287109
2022-02-21,884.25,884.260009765625,865.5800170898438,871.22998046875,900.0,889.7195007324219,960.9793334960938,986.1425003051758,995.9037518310547
2022-02-22,868.1099853515625,878.3300170898438,865.22998046875,869.0800170898438,1100.0,885.1899993896484,958.552500406901,984.933583577474,995.2908517456054
2022-02-23,877.3300170898438,879.97998046875,870.25,873.3200073242188,1100.0,881.9140014648438,956.1725006103516,983.763166809082,994.7602517700195
2022-02-24,848.2100219726562,870.5800170898438,847.8599853515625,869.239990234375,1700.0,878.5545013427734,953.3816680908203,982.3279169718425,994.1922518920899
2022-02-25,872.97998046875,872.97998046875,863.469970703125,864.719970703125,1400.0,877.7315002441406,951.1665008544921,981.0735000610351,993.7211517333984
2022-02-28,881.0700073242188,881.0700073242188,868.9099731445312,870.27001953125,1100.0,877.6804992675782,949.3120005289713,979.8170837402344,993.2765518188477
2022-03-02,895.4500122070312,896.7999877929688,879.030029296875,880.6199951171875,1000.0,879.9915008544922,948.142333984375,978.6264175415039,992.862301940918
2022-03-03,912.3200073242188,912.3499755859375,899.8499755859375,901.280029296875,1100.0,881.9640014648437,947.0618336995443,977.5125844319662,992.4599020385742
2022-03-04,900.9600219726562,909.239990234375,896.8400268554688,908.469970703125,1000.0,882.4320037841796,945.7873341878255,976.2940017700196,992.0716522216796
2022-03-07,881.5399780273438,889.9500122070312,878.4500122070312,889.9500122070312,900.0,881.3655029296875,943.8385009765625,974.858085123698,991.6438522338867
2022-03-08,870.1400146484375,881.2999877929688,864.6900024414062,869.0499877929688,1000.0,879.9025024414062,941.80966796875,973.334585571289,991.2357022094726
2022-03-10,889.0800170898438,892.5499877929688,884.97998046875,885.0499877929688,1000.0,879.5930023193359,940.0170013427735,971.9566685994466,990.8475024414063
2022-03-11,891.7100219726562,894.989990234375,887.280029296875,888.5700073242188,1100.0,878.652001953125,938.1115020751953,970.7440856933594,990.4935525512695
2022-03-14,872.4400024414062,893.1799926757812,870.8099975585938,893.1799926757812,1200.0,877.4900024414062,935.604335530599,969.3925857543945,990.0102526855469
2022-03-15,871.219970703125,874.72998046875,866.469970703125,870.3300170898438,1200.0,877.1800018310547,933.2651682535808,968.0035018920898,989.5107025146484
2022-03-16,891.7999877929688,891.7999877929688,879.6799926757812,881.8900146484375,1300.0,879.130502319336,931.3625010172526,966.8823354085287,989.1415524291992
2022-03-17,914.1300048828125,916.219970703125,903.75,903.75,1500.0,882.8410034179688,929.8845011393229,965.8522521972657,988.9703524780274
2022-03-18,922.9600219726562,922.989990234375,912.0,915.2899780273438,1200.0,885.0815032958984,928.5418345133463,964.8536687215169,988.7748025512695
2022-03-21,918.4000244140625,926.8599853515625,917.9299926757812,926.8599853515625,1300.0,887.2905059814453,927.050835164388,963.845085144043,988.5365026855469
2022-03-22,924.6699829101562,924.719970703125,914.3300170898438,916.7000122070312,1400.0,889.4385040283203,925.7743347167968,962.8330017089844,988.2894525146485
2022-03-23,930.5700073242188,933.27001953125,927.02001953125,929.3499755859375,1400.0,891.7545043945313,924.7753346761068,961.9522516886393,988.0550024414063
2022-03-24,931.75,931.8699951171875,920.6900024414062,926.2899780273438,1381200.0,894.9365051269531,923.6945017496745,961.0749181111654,987.8048522949218
2022-03-25,934.6900024414062,937.6900024414062,933.0900268554688,936.9400024414062,1600.0,897.8045043945312,922.6038350423177,960.2405019124349,987.5553521728516
2022-03-28,927.1099853515625,934.1799926757812,926.5499877929688,934.1799926757812,1400.0,901.7495025634765,921.3338348388672,959.5288350423177,987.2854022216796
2022-03-29,937.8300170898438,937.8300170898438,930.3400268554688,932.8599853515625,1500.0,904.9920043945312,920.1740020751953,958.9985850016276,987.0236022949218
2022-03-30,939.0700073242188,943.2999877929688,936.9099731445312,942.0800170898438,1500.0,907.8920043945312,918.969169108073,958.4635848999023,986.7810522460937
2022-03-31,944.530029296875,944.9199829101562,936.2000122070312,936.6599731445312,1400.0,910.3460052490234,917.5873372395833,958.1413350423177,986.5744024658203
2022-04-01,940.5700073242188,942.219970703125,936.8599853515625,940.489990234375,1300.0,911.7585052490234,916.1293365478516,958.0180018107096,986.3466525268555
2022-04-04,947.3200073242188,947.3300170898438,938.4500122070312,940.469970703125,1100.0,914.0765045166015,914.6850036621094,958.2260019938151,986.1893026733399
2022-04-05,952.469970703125,953.0599975585938,949.4600219726562,950.8900146484375,1600.0,917.6230041503907,913.3651692708333,958.2180018107097,986.0128024291993
2022-04-06,943.1300048828125,947.4099731445312,939.8200073242188,944.27001953125,1400.0,921.2725036621093,912.257002766927,958.1348353068034,985.7728024291993
2022-04-07,927.9500122070312,936.9199829101562,925.9099731445312,936.9199829101562,1200.0,923.2160034179688,911.3845031738281,958.0331685384115,985.4255026245118
2022-04-08,934.72998046875,935.6799926757812,924.72998046875,931.97998046875,900.0,925.3670013427734,910.3773366292318,957.877001953125,985.1123025512695
2022-04-11,921.8300170898438,934.6099853515625,920.75,932.47998046875,900.0,927.8365020751953,909.4015034993489,957.3636688232422,984.7290026855469
2022-04-12,913.8200073242188,916.760009765625,905.1799926757812,914.280029296875,1100.0,929.96650390625,908.46650390625,956.7243357340495,984.2795028686523
2022-04-13,927.3099975585938,927.3300170898438,913.9199829101562,915.8900146484375,1100.0,931.7420043945312,907.3995035807292,956.1697525024414,983.8366528320313
2022-04-14,928.010009765625,931.8099975585938,925.6099853515625,930.6900024414062,1200.0,932.4360046386719,906.478837076823,955.5252527872722,983.4217529296875
2022-04-15,924.4400024414062,925.1300048828125,916.9099731445312,921.530029296875,1300.0,932.5100036621094,905.6963368733724,954.8820861816406,982.9861529541016
2022-04-18,918.22998046875,923.510009765625,917.530029296875,921.6900024414062,1100.0,932.5015014648437,905.0351694742839,954.2531692504883,982.495002746582
2022-04-19,931.5599975585938,931.5599975585938,922.5999755859375,922.5999755859375,1300.0,932.8460021972656,904.8288360595703,953.7239191691081,982.089702758789
2022-04-20,928.9299926757812,933.3699951171875,927.2899780273438,933.2899780273438,1258900.0,932.7640014648438,904.7460021972656,953.1790857950847,981.6737026977539
2022-04-21,929.6799926757812,934.260009765625,929.5399780273438,930.4500122070312,1400200.0,932.6605010986328,904.2623352050781,952.4950856526692,981.2325527954101
2022-04-22,922.780029296875,924.1599731445312,916.6500244140625,922.77001953125,1400.0,932.0650024414062,903.9278361002604,951.7770024617513,980.7338528442383
2022-04-25,899.8400268554688,911.530029296875,899.8300170898438,909.530029296875,1400.0,930.7015045166015,903.6685028076172,950.9412526448567,980.0832531738281
2022-04-26,911.1599731445312,913.2899780273438,906.5900268554688,906.5900268554688,1600.0,929.3680023193359,904.0305023193359,950.2648356119792,979.4608529663086
2022-04-27,896.1799926757812,898.02001953125,888.969970703125,898.02001953125,1855200.0,927.223501586914,904.2653350830078,949.4115854899088,978.7508526611329
2022-04-28,892.219970703125,902.02001953125,889.2999877929688,900.4299926757812,1600.0,924.6079986572265,904.9818349202474,948.4347518920898,977.975302734375
2022-04-29,904.75,904.760009765625,894.6199951171875,895.6400146484375,1500.0,922.8169982910156,905.5131683349609,947.5993352254231,977.2742529296875
2022-05-02,901.8200073242188,903.260009765625,892.5399780273438,894.030029296875,1200.0,920.5419982910156,905.6835021972656,946.7692520141602,976.5465530395508
2022-05-03,907.5700073242188,912.6699829101562,905.0499877929688,905.0499877929688,1600.0,918.2970001220704,905.7618357340494,945.9877522786459,975.9120031738281
2022-05-04,900.0599975585938,911.969970703125,899.3400268554688,911.1599731445312,1400.0,916.1434997558594,905.7728352864583,945.1340855916341,975.2676528930664
2022-05-06,884.219970703125,892.4299926757812,883.3099975585938,888.5399780273438,1100.0,913.956997680664,905.5886678059895,944.0969187418619,974.5155526733398
2022-05-10,856.1400146484375,858.4299926757812,831.5900268554688,848.0800170898438,1300.0,910.0274993896485,904.6821675618489,943.0001688639323,973.5797024536133
2022-05-11,866.3400268554688,866.8099975585938,852.22998046875,853.72998046875,1100.0,907.2529998779297,904.1931681315104,941.947585550944,972.6865026855469
2022-05-12,833.6599731445312,857.75,833.239990234375,855.4600219726562,1100.0,903.2449981689454,903.4638346354167,940.4858352661133,971.5832522583008
2022-05-13,853.0800170898438,853.3400268554688,839.52001953125,839.52001953125,1000.0,899.5334991455078,903.4686686197916,939.019585164388,970.5887524414062
2022-05-16,856.25,866.469970703125,855.4500122070312,862.239990234375,1000.0,895.9454986572266,903.740835571289,937.5261688232422,969.6208526611329
2022-05-17,865.97998046875,866.2100219726562,856.2999877929688,857.280029296875,913800.0,893.0224975585937,903.5380015055339,936.1488352457683,968.7325524902344
2022-05-18,865.97998046875,866.2100219726562,856.2999877929688,857.280029296875,1100.0,890.4099975585938,903.400668334961,934.7589182535808,967.8523022460937
2022-05-19,863.7999877929688,866.6099853515625,849.5900268554688,853.22998046875,1200.0,887.0219970703125,903.1021677652994,933.2745844523112,966.9200521850586
2022-05-20,879.8800048828125,880.1699829101562,866.760009765625,866.760009765625,1100.0,884.5694976806641,903.0293345133464,932.00433400472,966.0419522094727
2022-05-23,883.5900268554688,884.3900146484375,878.9000244140625,883.780029296875,1100.0,882.2649993896484,903.2873352050781,930.9199178059896,965.2217523193359
2022-05-24,865.0700073242188,883.1099853515625,865.0499877929688,881.5499877929688,1100.0,879.3794982910156,903.0830017089844,929.6277511596679,964.3143521118164
2022-05-25,872.6900024414062,877.7100219726562,861.9199829101562,869.1900024414062,1000.0,878.0219970703125,903.4910013834635,928.4363347371419,963.4994018554687
2022-05-26,871.4299926757812,885.1199951171875,868.8099975585938,876.1900024414062,900.0,876.035498046875,903.4651682535807,927.3158345540364,962.6359017944336
2022-05-27,873.969970703125,883.3599853515625,873.2100219726562,881.4099731445312,1300.0,874.9249969482422,903.3468343098958,926.3294174194336,961.850051574707
2022-05-30,886.4400024414062,886.4400024414062,881.4600219726562,882.1699829101562,1000.0,874.6359985351562,903.1966674804687,925.6695007324219,961.0932513427734
2022-05-31,893.3599853515625,893.4199829101562,884.1099853515625,888.4400024414062,1300.0,874.0664978027344,902.8806671142578,924.971250406901,960.3795013427734
2022-06-02,891.1400146484375,892.97998046875,888.4500122070312,890.469970703125,1200.0,873.5324981689453,902.7170003255209,924.2521672566731,959.5955511474609
2022-06-03,891.510009765625,899.010009765625,890.2000122070312,897.0800170898438,1200.0,872.7294982910156,902.8831675211588,923.3608342488607,958.7554010009766
2022-06-07,873.780029296875,889.0900268554688,873.0900268554688,889.0700073242188,1100.0,871.4154998779297,902.9438344319661,922.3767512003581,957.8253009033203
2022-06-08,874.9500122070312,880.72998046875,873.6099853515625,877.77001953125,1336500.0,870.952001953125,902.7083343505859,921.3626678466796,956.9000509643555
2022-06-09,877.1799926757812,877.1799926757812,867.2000122070312,873.219970703125,1300.0,872.0040008544922,902.466167195638,920.2888346354167,956.025601196289
2022-06-10,869.8599853515625,872.0900268554688,865.9600219726562,869.0999755859375,1200.0,872.1799987792969,902.4231669108073,919.0137512207032,955.1153009033203
2022-06-13,828.77001953125,852.739990234375,828.760009765625,852.739990234375,1300.0,871.9355010986328,901.7156677246094,917.490417989095,953.988701171875
2022-06-14,823.5800170898438,826.5,804.3800048828125,816.25,1300.0,870.4605010986328,900.5786682128906,915.9705846150716,952.9027011108399
2022-06-15,799.4099731445312,826.2999877929688,795.4199829101562,822.27001953125,1200.0,867.6184997558594,898.6666676839193,914.2755844116211,951.8445010375976
2022-06-16,802.1500244140625,822.3099975585938,800.5599975585938,812.9500122070312,1000.0,864.427001953125,896.6531677246094,912.5975011189779,950.7498510742188
2022-06-17,798.6900024414062,798.8499755859375,780.9600219726562,787.969970703125,1000.0,861.0625030517579,894.6580006917318,910.8544179280599,949.7875509643554
2022-06-20,769.9199829101562,804.8900146484375,763.219970703125,804.47998046875,0.0,856.3685028076172,892.0788340250651,908.926584370931,948.797650756836
2022-06-21,778.2999877929688,782.5499877929688,764.6900024414062,774.7999877929688,1000.0,851.289501953125,889.5410003662109,907.1581675211588,947.7232507324219
2022-06-22,746.9600219726562,785.22998046875,746.9400024414062,783.2100219726562,1100.0,844.4580017089844,886.4611673990886,905.0778345743815,946.3921508789062
2022-06-23,714.3800048828125,751.989990234375,714.3800048828125,747.489990234375,1300.0,836.9235015869141,882.7893341064453,902.6965845743815,944.875150756836
2022-06-24,750.2999877929688,750.4099731445312,719.469970703125,719.469970703125,800.0,830.8040008544922,879.8425008138021,900.5881678263346,943.5244506835937
2022-06-27,770.5999755859375,774.5700073242188,754.6199951171875,758.0,900.0,825.7625,877.0553334554037,898.6146677652995,942.2599005126954
2022-06-28,769.510009765625,774.7999877929688,759.8300170898438,770.6900024414062,1000.0,820.539501953125,874.2293334960938,896.5992513020833,940.9482507324219
2022-06-29,762.3499755859375,765.7899780273438,753.3200073242188,759.2100219726562,800.0,814.3350006103516,871.1929992675781,894.3901682535808,939.5683508300781
2022-06-30,745.4400024414062,745.4400024414062,745.4400024414062,745.4400024414062,0.0,806.9390014648437,867.9408325195312,892.0350845336914,938.0656509399414
2022-07-01,729.47998046875,753.4500122070312,724.2000122070312,748.2000122070312,800.0,798.8559997558593,864.3101654052734,889.4975845336915,936.4771011352539
2022-07-04,722.72998046875,722.72998046875,722.72998046875,722.72998046875,0.0,790.4169982910156,860.4811655680338,886.9231674194336,934.821501159668
2022-07-05,750.9500122070312,750.97998046875,728.3200073242188,729.4000244140625,936700.0,784.2754974365234,857.2781656901042,884.7675842285156,933.3114514160156
2022-07-06,744.6300048828125,759.8800048828125,743.6099853515625,750.0399780273438,700.0,777.7594970703125,854.2228322347005,882.8036677042643,931.762451171875
2022-07-07,757.969970703125,759.030029296875,750.6699829101562,750.97998046875,800.0,771.7989959716797,851.2768320719401,880.8270843505859,930.366201171875
2022-07-08,766.47998046875,770.9199829101562,764.02001953125,764.97998046875,900.0,766.629995727539,848.6876647949218,879.0445841471354,929.0255010986328
2022-07-11,767.0399780273438,774.3499755859375,763.1400146484375,767.8900146484375,800.0,763.5434936523437,846.2413309733073,877.3539174397787,927.6711508178711
2022-07-12,750.780029296875,762.1799926757812,747.739990234375,762.1799926757812,800.0,759.9034942626953,843.299164835612,875.3493342081706,926.2933511352539
2022-07-13,763.1799926757812,763.72998046875,747.739990234375,751.3400268554688,900.0,758.0919952392578,840.5519978841146,873.5154174804687,924.920551147461
2022-07-14,766.0800170898438,768.1300048828125,757.989990234375,762.5399780273438,800.0,756.2884948730468,837.9126647949219,871.8045008341471,923.5370010375976
2022-07-15,762.3900146484375,769.2899780273438,754.3300170898438,768.4099731445312,900.0,754.4734954833984,835.31533203125,870.1752507527669,922.1518008422852
2022-07-18,776.719970703125,776.719970703125,766.8900146484375,770.2899780273438,700.0,754.8134948730469,832.7346649169922,868.7817504882812,920.8048007202149
2022-07-19,782.3300170898438,782.3300170898438,771.6900024414062,773.72998046875,700.0,755.0149963378906,830.2913319905599,867.5186670939128,919.535150756836
2022-07-20,790.719970703125,795.9199829101562,788.02001953125,792.9400024414062,900.0,757.202993774414,827.975331624349,866.1188334147135,918.3036004638672
2022-07-21,795.1500244140625,795.6699829101562,790.969970703125,792.9500122070312,900.0,761.2414947509766,825.8481648763021,864.8880004882812,917.1052508544922
2022-07-22,789.75,800.6500244140625,789.72998046875,796.5800170898438,900.0,763.2139953613281,824.0133310953776,863.8409169514974,915.991450805664
2022-07-25,789.6900024414062,791.25,783.780029296875,787.7100219726562,900.0,764.1684967041016,821.9888315836589,863.0096669514974,914.9326007080078
2022-07-26,789.9299926757812,791.010009765625,786.4600219726562,788.760009765625,800.0,765.1894958496093,820.2179982503255,862.2416666666667,913.8659005737304
2022-07-27,795.7000122070312,795.8099975585938,788.2899780273438,789.6099853515625,700.0,766.8569976806641,818.6093322753907,861.795583597819,912.9284005737304
2022-07-28,798.3200073242188,805.2000122070312,796.47998046875,802.5,700.0,769.5009979248047,816.8354990641276,861.1743336995443,912.1431506347657
2022-07-29,803.6199951171875,807.77001953125,801.0499877929688,802.969970703125,800.0,773.2079986572265,815.1988321940104,860.4411671956381,911.5494506835937
2022-08-01,807.6099853515625,808.9600219726562,801.4000244140625,804.1500244140625,800.0,777.4519989013672,813.5328318277994,859.6473337809244,910.8203506469727
2022-08-02,804.3400268554688,807.6900024414062,799.3599853515625,807.6900024414062,905900.0,780.1214996337891,811.9374989827473,858.8551671346029,910.0765008544922
2022-08-03,815.3599853515625,815.4000244140625,803.2000122070312,804.1699829101562,1000.0,783.6579986572266,810.7898325602214,858.1892501831055,909.4525506591797
2022-08-04,825.1599731445312,825.989990234375,820.0599975585938,820.0599975585938,900.0,787.0174987792968,810.2734985351562,857.4778330485026,908.8110006713868
2022-08-05,831.6400146484375,832.27001953125,826.22998046875,826.22998046875,900.0,790.2755004882813,809.6951649983724,856.9441665649414,908.05205078125
2022-08-08,830.8599853515625,831.1199951171875,825.9400024414062,829.77001953125,900.0,793.4665008544922,809.6484985351562,856.5561665852864,907.2536508178711
2022-08-09,833.6500244140625,833.9400024414062,826.4500122070312,831.1300048828125,976700.0,797.6100006103516,809.3246653238932,856.3966669718425,906.4526010131835
2022-08-10,820.27001953125,829.2899780273438,820.27001953125,829.2899780273438,900.0,800.464501953125,808.7249989827474,856.2329172770183,905.5272012329101
2022-08-11,832.1500244140625,834.8800048828125,828.27001953125,831.989990234375,900.0,803.7680023193359,808.161166381836,855.8495839436849,904.6798513793946
2022-08-12,831.6300048828125,833.7000122070312,826.719970703125,831.1799926757812,800.0,807.2300018310547,807.588666788737,855.4946675618489,903.8695013427734
2022-08-16,834.739990234375,836.489990234375,831.6900024414062,835.2000122070312,900.0,810.1310028076172,807.1043334960938,855.1032506306966,903.0678512573243
2022-08-17,827.4199829101562,834.9600219726562,825.4600219726562,834.9099731445312,1100.0,812.3855010986329,806.2299997965495,854.6296671549479,902.233401184082
2022-08-18,826.0599975585938,826.75,817.52001953125,822.7100219726562,1000.0,814.1525024414062,805.2711659749349,854.2792505900065,901.3049011230469
2022-08-19,814.1699829101562,827.3200073242188,814.1699829101562,827.25,900.0,815.1035003662109,804.4228322347005,853.7529169718424,900.3310009765624
2022-08-22,795.8699951171875,806.9199829101562,795.8699951171875,806.9000244140625,811900.0,815.4095001220703,803.1424987792968,853.3167500813802,899.3097009277344
2022-08-23,783.4199829101562,793.8099975585938,781.9199829101562,789.9500122070312,900.0,815.0959991455078,801.6756652832031,852.570416768392,898.265150756836
2022-08-24,793.1400146484375,793.1400146484375,782.969970703125,788.3599853515625,700.0,815.2565002441406,800.3284993489583,851.8376668294271,897.238000793457
2022-08-25,807.3699951171875,807.3699951171875,794.1599731445312,795.1799926757812,630300.0,815.8399993896485,799.0106658935547,851.1036666870117,896.2276507568359
2022-08-26,802.4500122070312,813.0,801.8400268554688,810.3300170898438,700.0,816.046499633789,797.4954996744792,850.1880833943685,895.2149008178711
2022-08-29,779.8900146484375,783.4500122070312,775.3300170898438,780.47998046875,619600.0,814.8600006103516,795.6413330078125,849.1791666666667,894.1072009277344
2022-08-30,797.02001953125,797.030029296875,783.989990234375,783.989990234375,700.0,814.3305023193359,794.0664998372396,848.4748336791993,893.0855511474609
2022-08-31,807.0399780273438,807.1900024414062,791.010009765625,792.3300170898438,637500.0,814.4654998779297,792.9541656494141,847.9490000406901,892.1082510375977
2022-09-01,788.3200073242188,801.02001953125,788.1300048828125,800.739990234375,711400.0,813.1135009765625,791.5103322347005,847.1093332926432,891.0064511108399
2022-09-02,785.8800048828125,795.8699951171875,784.6699829101562,793.1099853515625,800.0,811.1495025634765,789.9886657714844,846.2274164835612,889.997101135254
2022-09-05,771.4299926757812,786.5999755859375,768.8200073242188,784.8300170898438,700.0,808.1390014648438,788.3481658935547,845.385666402181,888.8910009765625
2022-09-06,779.4600219726562,781.9000244140625,774.22998046875,774.22998046875,700.0,805.5690032958985,787.5263326009115,844.6210001627604,887.7429510498047
2022-09-07,768.1900024414062,776.989990234375,765.0800170898438,776.8200073242188,800.0,802.2960021972656,786.6031656901042,843.5909169514974,886.4387509155273
2022-09-08,777.8099975585938,781.52001953125,775.3099975585938,776.5900268554688,700.0,800.1730010986328,786.2431660970052,842.4549168904622,885.1505010986328
2022-09-13,796.7899780273438,796.8300170898438,790.8300170898438,790.8900146484375,800.0,798.4049987792969,786.1538319905599,841.4034998575846,883.9781509399414
2022-09-14,782.9299926757812,784.4500122070312,770.0499877929688,775.9299926757812,900.0,795.9699981689453,785.8911651611328,840.2745829264323,882.7289508056641
2022-09-15,781.3800048828125,787.0,780.3099975585938,786.3300170898438,900.0,793.3019989013671,786.0821655273437,839.0804997762044,881.4262506103515
2022-09-16,770.0399780273438,780.25,768.7000122070312,776.489990234375,900.0,790.4329986572266,785.9444986979166,837.7427495320638,880.1149002075196
2022-09-19,751.9099731445312,772.4500122070312,750.6400146484375,771.52001953125,900.0,786.7254974365235,786.0269978841146,836.2440826416016,878.8058502197266
2022-09-20,760.3499755859375,764.4000244140625,757.3300170898438,758.3499755859375,800.0,784.0344970703125,786.7931640625,834.7912490844726,877.5069500732421
2022-09-21,754.8900146484375,761.3499755859375,750.1400146484375,757.1300048828125,900.0,781.985498046875,786.8696645100912,833.3560826619466,876.2031002807618
2022-09-22,751.4099731445312,751.5800170898438,736.1099853515625,746.8200073242188,1000.0,780.3849975585938,786.5498311360677,831.8025822957356,874.9307000732422
2022-09-23,729.3599853515625,749.8699951171875,728.2899780273438,749.8699951171875,900.0,777.19599609375,785.8806640625,830.0549987792969,873.6157998657227
2022-09-26,692.3699951171875,719.5999755859375,690.5999755859375,719.5999755859375,900.0,771.44599609375,784.7143310546875,827.9536651611328,872.2494998168945
2022-09-27,698.1099853515625,700.3800048828125,681.5900268554688,694.530029296875,900.0,766.2289947509765,783.9254974365234,825.9331649780273,870.8542996215821
2022-09-28,673.8699951171875,702.719970703125,668.2999877929688,696.3800048828125,900.0,760.9279937744141,782.9986643473308,823.6544148763021,869.3364996337891
2022-09-29,675.0700073242188,695.489990234375,675.0700073242188,686.6300048828125,800.0,754.8304931640625,782.2043314615886,821.3427485148112,867.7194998168945
2022-09-30,672.6500244140625,677.6799926757812,661.6500244140625,668.260009765625,800.0,748.1109954833985,780.8993316650391,819.0887486775716,866.1233999633789
2022-10-04,696.7899780273438,696.7899780273438,683.6300048828125,685.1900024414062,700.0,743.5344940185547,780.1019978841146,817.1624150594075,864.6241497802735
2022-10-05,685.3400268554688,707.5900268554688,683.1500244140625,706.760009765625,800.0,738.5074951171875,778.891498819987,815.0841654459635,863.0206500244141
2022-10-06,706.010009765625,706.4299926757812,690.47998046875,690.47998046875,1100.0,735.2364959716797,777.8836659749348,813.2856653849284,861.4363500976563
2022-10-07,698.489990234375,707.4199829101562,697.5900268554688,700.7100219726562,1100.0,731.1879943847656,776.7411661783855,811.4912485758464,859.870950012207
2022-10-11,669.5,685.2999877929688,667.6300048828125,685.2999877929688,1200.0,726.2534942626953,775.3864990234375,809.3428319295248,858.1886499023437
2022-10-12,671.6699829101562,673.4199829101562,663.5999755859375,669.5900268554688,1100.0,720.9464935302734,773.8613321940104,807.2066650390625,856.5329498291015
2022-10-13,651.5900268554688,669.7100219726562,650.3900146484375,669.3599853515625,1100.0,713.6864959716797,771.9531656901041,804.932915242513,854.7732998657226
2022-10-14,678.239990234375,679.9199829101562,665.1699829101562,665.1699829101562,900.0,708.4519958496094,770.5506652832031,802.9329986572266,853.1251998901367
2022-10-17,682.0,682.3900146484375,664.8300170898438,667.6099853515625,800.0,703.4829956054688,768.9719991048177,800.853332010905,851.5288998413085
2022-10-18,697.0900268554688,697.3699951171875,685.9000244140625,692.3900146484375,1100.0,699.835498046875,767.5513326009115,798.9213322957356,850.0617999267578
2022-10-19,690.5599975585938,705.8400268554688,689.6699829101562,697.9400024414062,1100.0,696.7679992675781,765.8819997151693,796.9286656697591,848.5316000366211
2022-10-20,680.4400024414062,693.1400146484375,675.8900146484375,688.4400024414062,1100.0,692.7725006103516,763.970166015625,794.9091654459636,846.9331500244141
2022-10-21,674.47998046875,682.489990234375,674.47998046875,678.1599731445312,1000.0,688.7519989013672,762.0489990234375,793.0311650594075,845.2889999389648
2022-10-24,688.5,693.4400024414062,686.4299926757812,686.4299926757812,800.0,685.6065002441406,760.3624989827474,791.1756652832031,843.6944000244141
2022-10-25,688.8499755859375,695.9500122070312,686.2100219726562,690.77001953125,1000.0,683.5809997558594,758.67783203125,789.4479151407878,842.0818499755859
2022-10-26,683.1699829101562,691.1300048828125,683.1400146484375,690.6699829101562,1000.0,683.1209991455078,756.8023315429688,787.7058319091797,840.3605001831055
2022-10-27,695.0900268554688,695.219970703125,686.4099731445312,686.4099731445312,900.0,682.9700012207031,755.0818318684895,785.9586654663086,838.6957000732422
2022-10-28,687.6300048828125,695.510009765625,687.1900024414062,690.7100219726562,800.0,683.6580017089843,753.1486653645833,784.1737487792968,836.9639501953125
2022-10-31,695.3300170898438,695.6199951171875,689.969970703125,694.6900024414062,800.0,684.6710021972656,751.2773325602213,782.4050821940104,835.2823001098633
2022-11-01,700.0499877929688,700.0700073242188,693.9199829101562,695.4500122070312,900.0,686.0410003662109,749.539165242513,780.7383321126302,833.7344500732422
2022-11-02,697.3699951171875,699.239990234375,694.9400024414062,697.4000244140625,900.0,686.0700012207031,747.5726654052735,779.1812489827474,832.3198001098633
2022-11-03,694.1300048828125,695.6300048828125,683.739990234375,685.4199829101562,707300.0,686.5095001220703,745.3888326009114,777.8311655680338,830.8146502685547
2022-11-04,693.8900146484375,694.1699829101562,684.989990234375,691.6900024414062,700.0,685.9035003662109,743.0929992675781,776.3940821329753,829.3822003173829
2022-11-07,700.47998046875,700.489990234375,695.0999755859375,696.219970703125,700.0,686.0029998779297,740.919999186198,775.284248860677,828.0350003051758
2022-11-08,713.3300170898438,713.3300170898438,703.3599853515625,703.3599853515625,800.0,688.1945007324218,738.9146657307942,774.1196655273437,826.6450003051758
2022-11-09,714.5999755859375,717.0900268554688,711.1500244140625,715.1900024414062,900.0,690.3410003662109,737.1534983317057,772.9392486572266,825.3017501831055
2022-11-10,707.780029296875,712.47998046875,705.7000122070312,708.489990234375,1000.0,693.1505004882813,735.0806650797526,771.6209157307943,823.9837002563477
2022-11-11,731.219970703125,732.1199951171875,724.530029296875,727.219970703125,1100.0,695.7994995117188,733.4071645100911,770.497915649414,822.8502999877929
2022-11-14,729.5399780273438,734.72998046875,728.8099975585938,732.2899780273438,1100.0,698.1764984130859,731.6538309733073,769.3790822347005,821.7782998657226
2022-11-15,744.9600219726562,744.9600219726562,730.3300170898438,730.3300170898438,1100.0,700.5699981689453,730.2794982910157,768.2547490437826,820.8335998535156
2022-11-16,743.0999755859375,746.6199951171875,737.8699951171875,746.5499877929688,1200.0,703.1969970703125,728.896831258138,767.0839986165364,819.7555996704101
2022-11-17,737.5399780273438,742.2899780273438,735.0399780273438,740.6199951171875,1000.0,706.0519958496094,727.6196645100912,766.0212483723958,818.7290496826172
2022-11-18,731.9199829101562,742.1699829101562,731.530029296875,738.3400268554688,1300.0,708.9239959716797,726.5538309733073,764.8481648763021,817.8116494750976
2022-11-21,718.5700073242188,733.6500244140625,717.5499877929688,733.0,1000.0,710.4274963378906,725.472998046875,763.574331665039,816.9572994995117
2022-11-22,712.260009765625,719.7999877929688,711.9199829101562,716.239990234375,900.0,711.597998046875,724.1249979654948,762.2267486572266,816.1081494140625
2022-11-23,725.5900268554688,725.6400146484375,718.2899780273438,718.2899780273438,830100.0,713.7190002441406,722.7619984944662,760.8863321940104,815.4899496459961
2022-11-24,738.219970703125,738.7000122070312,729.4099731445312,729.4099731445312,800.0,715.8754974365235,721.6914978027344,759.5934987386067,814.8166995239258
2022-11-25,733.5599975585938,737.530029296875,732.47998046875,737.4600219726562,700.0,718.1719970703125,720.919330851237,758.2803319295248,814.0264996337891
2022-11-28,717.9000244140625,731.8099975585938,717.1300048828125,731.8099975585938,900.0,719.3004974365234,719.6006642659505,756.833582051595,813.1016497802734
2022-11-29,727.5399780273438,727.5999755859375,713.260009765625,715.02001953125,800.0,720.6749969482422,718.2756642659505,755.6149149576823,812.2423495483398
2022-11-30,729.5399780273438,729.5399780273438,722.4000244140625,726.5599975585938,813600.0,722.28349609375,717.2959971110026,754.4031646728515,811.4136993408204
2022-12-01,740.5999755859375,744.5599975585938,739.1599731445312,740.969970703125,825100.0,724.6069946289062,716.5413299560547,753.2649978637695,810.5640490722657
2022-12-02,732.9500122070312,740.1799926757812,732.4099731445312,740.1300048828125,856600.0,726.5599945068359,715.8999969482422,752.1240814208984,809.7503991699218
2022-12-05,733.3200073242188,739.77001953125,731.0700073242188,736.4500122070312,1100.0,728.2019958496094,715.1309967041016,751.3286646525065,809.0298992919921
2022-12-06,719.4400024414062,727.3400268554688,719.2899780273438,726.3200073242188,900.0,728.5074951171875,714.3184967041016,750.4608311971028,808.3631494140625
2022-12-07,718.1400146484375,722.6199951171875,711.6300048828125,715.6300048828125,1000.0,728.6844970703125,713.3239969889323,749.7835815429687,807.7542495727539
2022-12-08,712.52001953125,719.6900024414062,711.0800170898438,718.3699951171875,1100.0,728.9214965820313,711.9194976806641,749.036664835612,806.9260995483398
2022-12-09,719.489990234375,721.1400146484375,712.4000244140625,717.239990234375,1300.0,728.3349975585937,710.8621643066406,748.3766647338867,806.1524496459961
2022-12-12,715.219970703125,718.3099975585938,714.260009765625,716.8800048828125,1000.0,727.6189971923828,709.7594970703125,747.9208312988281,805.3199993896484
2022-12-13,715.1599731445312,719.3300170898438,712.2100219726562,717.6400146484375,1191300.0,726.1289947509765,708.8448303222656,747.3946645100912,804.4745492553711
2022-12-14,729.0,729.1699829101562,718.1699829101562,718.1699829101562,1082200.0,725.4239959716797,708.4629974365234,747.244997660319,803.7789993286133
2022-12-15,722.6799926757812,730.510009765625,721.4600219726562,725.3200073242188,957400.0,724.6809967041015,707.8351643880209,747.3141642252605,803.005749206543
2022-12-16,717.4099731445312,720.47998046875,710.2000122070312,711.3300170898438,900.0,723.9554962158203,707.2104970296224,747.0400807698568,802.3517489624023
2022-12-19,717.219970703125,722.4199829101562,714.6300048828125,716.7999877929688,800.0,723.8879943847656,706.6406636555989,746.5952473958333,801.5729489135742
2022-12-20,703.1300048828125,715.2899780273438,701.4400024414062,715.1300048828125,1000.0,723.431494140625,706.2034973144531,746.0420806884765,800.6832489013672
2022-12-21,705.7000122070312,709.9500122070312,701.6099853515625,708.1300048828125,900.0,722.4369934082031,706.4256642659506,745.569997660319,799.7344989013671
2022-12-22,715.02001953125,715.3499755859375,709.52001953125,710.469970703125,900.0,721.2769958496094,706.7074981689453,745.3164978027344,798.7479989624023
2022-12-23,691.25,704.9299926757812,691.25,704.9299926757812,1100.0,719.1614959716796,706.9971649169922,744.9979146321615,797.699448852539
2022-12-27,704.1900024414062,704.2100219726562,697.25,697.25,900.0,718.4759948730468,707.4824981689453,744.8434148152669,796.8126989746094
2022-12-28,692.3699951171875,699.3900146484375,691.010009765625,699.239990234375,800.0,716.717495727539,707.8111643473308,744.3552480061849,795.9238488769531
2022-12-29,679.2899780273438,693.1199951171875,675.7999877929688,691.3499755859375,1000.0,714.2049957275391,707.519497680664,743.8107477823893,794.8748986816406
2023-01-02,671.510009765625,688.77001953125,670.3800048828125,683.8400268554688,742800.0,710.7504974365235,707.2889973958333,743.0902481079102,793.7738986206055
2023-01-03,674.9500122070312,675.75,660.3200073242188,672.1799926757812,900.0,707.8504974365235,706.7713307698567,742.3274983723958,792.7864486694336
2023-01-04,683.6699829101562,683.6699829101562,667.2999877929688,670.1799926757812,900.0,705.3679962158203,706.5243306477864,741.6327484130859,791.8486987304688
2023-01-05,679.9199829101562,688.3499755859375,677.77001953125,685.780029296875,900.0,703.3919952392578,706.6979970296223,741.0422480265299,790.7892987060546
2023-01-06,688.9400024414062,691.1699829101562,676.4000244140625,677.280029296875,800.0,701.9319946289063,706.9858306884765,740.4235814412435,789.6633486938476
2023-01-09,701.2100219726562,701.2100219726562,695.02001953125,695.02001953125,1000.0,701.3664947509766,707.8128306070963,739.8829981486002,788.5545986938477
2023-01-10,696.0499877929688,704.5999755859375,694.9199829101562,700.1599731445312,1200.0,700.1944946289062,708.1096638997395,739.3301645914713,787.4428485107422
2023-01-11,709.77001953125,710.2899780273438,701.2899780273438,701.2899780273438,1200.0,699.9219970703125,708.5724975585938,738.7722483317058,786.3683486938477
2023-01-12,710.8200073242188,714.0999755859375,707.5399780273438,713.5599975585938,1200.0,699.7049987792968,708.8013305664062,738.1763315836589,785.2695986938477
2023-01-13,711.8200073242188,714.75,709.260009765625,712.239990234375,1100.0,698.8459991455078,709.1556640625,737.5188318888346,784.1699487304687
2023-01-16,716.8900146484375,718.1500244140625,713.1900024414062,714.7100219726562,1200.0,698.5565002441406,709.7631642659505,736.8666651407877,783.0809487915039
2023-01-17,709.7100219726562,718.9000244140625,708.5399780273438,716.7000122070312,1200.0,698.1715026855469,710.350331624349,736.1996653238932,781.9939489746093
2023-01-18,711.75,713.280029296875,708.7899780273438,711.1199951171875,1175200.0,697.8980041503906,710.7378316243489,735.5501653035482,780.8635488891601
2023-01-19,712.8900146484375,712.9400024414062,705.760009765625,707.6599731445312,1000.0,698.3860046386719,711.1384989420573,734.9081654866536,779.7326489257813
2023-01-20,717.969970703125,718.030029296875,712.3200073242188,712.3200073242188,1000.0,698.9995025634765,711.7184987386067,734.2604151407878,778.5998486328125
2023-01-25,732.3499755859375,732.4199829101562,725.22998046875,725.22998046875,1000.0,699.866000366211,712.3394978841146,733.7106648763021,777.5587484741211
2023-01-26,738.9400024414062,740.989990234375,733.22998046875,734.3699951171875,1200.0,702.2505004882812,713.1946645100911,733.1716649373373,776.516848449707
2023-01-27,741.25,742.0700073242188,737.9000244140625,741.2000122070312,1100.0,704.1035003662109,713.9599975585937,732.6186650594076,775.4607485961914
2023-01-30,738.6199951171875,746.3300170898438,736.9000244140625,743.72998046875,1100.0,706.4160003662109,714.6028310139974,732.0709981282552,774.4381985473633
2023-01-31,740.489990234375,740.97998046875,732.3300170898438,735.1900024414062,1000.0,709.4760009765625,715.3214975992838,731.4470815022786,773.5008984375
2023-02-01,750.9600219726562,752.5,744.030029296875,744.9000244140625,1100.0,713.4485015869141,716.2686645507813,730.8287485758464,772.5820486450195
2023-02-02,764.6199951171875,764.8400268554688,758.719970703125,759.530029296875,1200.0,717.9320007324219,717.4474975585938,730.2702484130859,771.7959985351563
2023-02-03,766.7899780273438,768.030029296875,761.8200073242188,765.3699951171875,1100.0,722.0880004882813,718.5526641845703,729.7363316853841,771.0608483886718
2023-02-06,761.3300170898438,766.22998046875,760.6500244140625,763.6599731445312,1200.0,726.1585021972656,719.3526641845704,729.1336649576823,770.2309484863281
2023-02-07,772.7899780273438,773.7899780273438,762.2999877929688,762.469970703125,1300.0,730.3510009765625,720.3224975585938,728.7379979451497,769.4548483276367
2023-02-08,779.97998046875,779.97998046875,776.2999877929688,777.4299926757812,1500.0,734.2894989013672,721.525830078125,728.3032475789388,768.7325482177735
2023-02-09,784.5800170898438,784.6400146484375,776.260009765625,776.5999755859375,1400.0,738.7160003662109,722.4151641845704,727.9111643473308,768.0642984008789
2023-02-10,772.4400024414062,784.52001953125,771.6199951171875,783.0700073242188,1300.0,741.8494995117187,723.1301645914714,727.3919977823894,767.268698425293
2023-02-13,772.5499877929688,774.0800170898438,767.6400146484375,771.5,1200.0,744.9359985351563,723.5899973551433,726.9347478230794,766.4867984008789
2023-02-14,779.5800170898438,780.1300048828125,774.6099853515625,778.0499877929688,1300.0,748.3239990234375,724.197998046875,726.5474146525065,765.7362985229493
2023-02-15,765.4600219726562,784.3800048828125,763.8099975585938,782.5499877929688,1400.0,750.7524993896484,724.6633321126302,726.1414983113607,764.9496984863281
2023-02-16,784.7100219726562,784.7100219726562,772.1599731445312,772.1699829101562,1200.0,754.5024993896484,725.5431660970052,726.0484985351562,764.3740484619141
2023-02-17,775.6199951171875,780.780029296875,772.9600219726562,775.030029296875,900.0,757.6959991455078,726.493999226888,725.9834986368816,763.6963485717773
2023-02-20,788.8900146484375,789.260009765625,773.8599853515625,777.6799926757812,900.0,761.4959991455078,727.7711659749349,725.9480819702148,763.1598986816406
2023-02-21,793.4199829101562,793.4199829101562,786.47998046875,789.4500122070312,1000.0,765.2684997558594,728.901665242513,725.8318318684895,762.6658987426758
2023-02-22,778.510009765625,787.8499755859375,774.5399780273438,782.8300170898438,1100.0,767.5765014648438,729.5731658935547,725.6323318481445,762.034698791504
2023-02-23,783.280029296875,784.5900268554688,774.0999755859375,782.1799926757812,900.0,769.7935028076172,730.4018330891927,725.6605819702148,761.4419989013672
2023-02-24,778.8800048828125,786.0900268554688,774.2100219726562,784.9400024414062,1200.0,771.6750030517578,731.4181660970052,725.5094151814778,760.7985488891602
2023-02-27,780.2999877929688,781.5399780273438,769.75,775.010009765625,1100.0,773.7590026855469,732.2974995930989,725.2865819295247,760.1997488403321
2023-02-28,791.5999755859375,793.6500244140625,783.6599731445312,784.22998046875,1000.0,776.314501953125,733.3318328857422,725.3139149983724,759.7366488647461
2023-03-02,787.1900024414062,797.010009765625,786.52001953125,793.6300048828125,1000.0,778.1260009765625,734.1083333333333,725.324831644694,759.3918988037109
2023-03-03,802.4199829101562,802.4500122070312,792.6099853515625,792.9000244140625,1100.0,780.016000366211,735.2661661783854,725.5830815633138,759.0722985839843
2023-03-06,816.510009765625,816.6199951171875,804.469970703125,810.6099853515625,1100.0,782.502001953125,736.6526662190755,725.8918314615886,758.9865487670899
2023-03-07,815.760009765625,818.5599975585938,810.469970703125,814.27001953125,1400.0,785.223501586914,738.2579996744792,726.2882481892904,758.7999487304687
2023-03-08,813.9500122070312,817.1699829101562,807.9500122070312,809.1400146484375,1300.0,787.2815032958985,739.8548329671224,726.5894149780273,758.5884487915039
2023-03-09,809.219970703125,817.1199951171875,801.0999755859375,817.030029296875,1400.0,788.7435028076172,741.466498819987,726.6929982503256,758.3046487426758
2023-03-10,788.5999755859375,798.9600219726562,785.6599731445312,796.5700073242188,1200.0,788.9445007324218,742.6183319091797,726.7402481079101,757.9177487182617
2023-03-13,788.8900146484375,789.1799926757812,771.030029296875,784.02001953125,1200.0,789.7670013427735,743.8461659749349,726.8028315226237,757.543198852539
2023-03-14,758.0499877929688,789.219970703125,758.0499877929688,788.4400024414062,1100.0,789.0420013427735,744.5609995524088,726.7029149373373,756.9340487670898
2023-03-15,781.1699829101562,784.5900268554688,773.6500244140625,774.530029296875,1000.0,789.1214996337891,745.4304992675782,726.9467483520508,756.4219485473633
2023-03-16,781.97998046875,785.5399780273438,767.1099853515625,780.530029296875,1100.0,789.9474975585938,746.418832397461,727.1269983927409,756.006498413086
2023-03-17,797.3900146484375,798.6199951171875,785.97998046875,791.1799926757812,1100.0,790.5814971923828,747.7518330891927,727.4811650594075,755.6299984741211
2023-03-20,802.2000122070312,803.4199829101562,791.4500122070312,793.0399780273438,1100.0,791.910498046875,749.1681671142578,727.9044153849284,755.2838485717773
2023-03-21,802.530029296875,809.3300170898438,802.4199829101562,806.510009765625,1062900.0,792.5924987792969,750.8248341878256,728.5141657511393,754.9266488647461
2023-03-22,813.4299926757812,813.4299926757812,807.9099731445312,811.1699829101562,1100.0,793.5929992675781,752.6203338623047,729.5229990641276,754.5615988159179
2023-03-23,812.1900024414062,812.1900024414062,812.1900024414062,812.1900024414062,0.0,795.2769989013672,754.239833577474,730.4736658732096,754.1557489013671
2023-03-24,824.1099853515625,824.1099853515625,814.0700073242188,820.1599731445312,1300.0,797.3184967041016,756.4541666666667,731.7256657918294,753.8205987548828
2023-03-27,827.6900024414062,829.1799926757812,817.8099975585938,827.9500122070312,1200.0,799.7589965820313,758.5125,732.9974990844727,753.5014987182617
2023-03-28,833.510009765625,833.6799926757812,825.4000244140625,831.0700073242188,1200.0,802.4194976806641,760.864833577474,734.3379989624024,753.3001486206055
2023-03-29,843.9400024414062,843.9400024414062,832.4400024414062,833.9000244140625,1300.0,805.0364990234375,763.6090006510417,735.5642491658529,753.1450985717773
2023-03-30,850.47998046875,852.5900268554688,846.0999755859375,850.780029296875,1500.0,808.2009979248047,766.5918334960937,736.9404154459636,753.0115985107421
2023-03-31,847.52001953125,851.1300048828125,842.6099853515625,849.97998046875,1300.0,810.4559997558594,769.4680002848307,738.1196655273437,752.8998986816406
2023-04-03,854.9600219726562,855.2000122070312,847.7000122070312,850.8599853515625,1100.0,812.3785003662109,772.3228342692057,739.4235824584961,753.0308486938477
2023-04-04,857.1799926757812,861.1300048828125,852.02001953125,853.9199829101562,1300.0,814.4494995117187,775.2771677652995,740.987582397461,753.1988485717774
2023-04-05,872.3599853515625,872.4400024414062,856.1500244140625,857.5399780273438,1500.0,817.3699981689454,778.3341674804688,742.6599990844727,753.5635986328125
2023-04-06,865.5800170898438,869.9400024414062,859.1300048828125,869.6500244140625,1400.0,820.1880004882812,781.0736673990885,744.4432490030924,753.8807485961914
2023-04-07,880.0700073242188,880.0700073242188,866.5800170898438,871.8300170898438,1669000.0,824.7615020751953,784.1406677246093,746.1251658121745,754.2876486206055
2023-04-10,887.780029296875,890.9600219726562,877.3099975585938,882.75,1600.0,829.7060028076172,787.1075012207032,747.8399993896485,754.876948852539
2023-04-11,898.9400024414062,899.3699951171875,879.72998046875,893.2000122070312,1600.0,836.7505035400391,790.2428344726562,749.5220825195313,755.4801489257812
2023-04-12,890.6199951171875,900.8300170898438,888.6300048828125,897.1099853515625,2000.0,842.2230041503906,793.2228342692057,751.1892491658529,756.1984487915039
2023-04-13,894.25,895.2899780273438,875.4199829101562,885.5,1700.0,847.8365051269532,796.1788340250652,752.9709991455078,757.0977987670899
2023-04-14,903.8400268554688,906.6900024414062,900.7000122070312,902.5599975585938,1500.0,853.1590057373047,799.4143341064453,754.8823328653972,757.8654989624024
2023-04-17,909.5,909.5,898.8400268554688,905.3499755859375,1500.0,858.5240051269532,802.7101674397786,756.7239995320638,758.5599990844727
2023-04-18,909.02001953125,910.75,902.9000244140625,910.75,2000.0,863.8485046386719,805.9790008544921,758.5587498982748,759.2575491333008
2023-04-19,909.2000122070312,913.969970703125,907.5900268554688,908.8699951171875,1900.0,868.6370056152343,809.1661682128906,760.4423334757487,759.9917993164063
2023-04-20,885.7100219726562,906.0,884.3300170898438,905.8099975585938,2300.0,872.3130065917969,811.7221689860027,762.0308334350586,760.6931494140625
2023-04-21,868.8200073242188,888.2100219726562,868.3599853515625,884.27001953125,2000.0,874.5485076904297,813.8868357340494,763.5407501220703,761.3898495483398
2023-04-24,855.22998046875,870.0800170898438,852.47998046875,867.3800048828125,1300.0,875.9255065917969,815.7865020751954,764.8732498168945,762.0523495483399
2023-04-25,838.7100219726562,858.9099731445312,828.25,857.5399780273438,1500.0,876.1855072021484,817.4546691894532,766.0287501017252,762.4911495971679
2023-04-26,830.4400024414062,846.4199829101562,829.1900024414062,835.9400024414062,1300.0,875.5105072021485,818.9538360595703,767.1376668294271,762.920199584961
2023-04-27,850.2100219726562,850.8800048828125,823.1900024414062,831.8900146484375,1500.0,875.4970092773438,820.608002726237,768.4383336385091,763.3813998413086
2023-04-28,842.8300170898438,860.1099853515625,839.6699829101562,860.1099853515625,1200.0,875.2625091552734,821.9115030924479,769.6795003255208,763.763150024414
2023-05-02,855.6099853515625,855.6099853515625,844.6799926757812,845.1799926757812,1000.0,875.2950073242188,823.3918365478515,770.9722503662109,764.2060000610352
2023-05-03,843.1799926757812,852.22998046875,841.8099975585938,848.0499877929688,1172700.0,874.5950073242187,824.7560028076172,772.0543334960937,764.6679998779297
2023-05-04,845.0599975585938,847.6900024414062,839.0800170898438,842.1300048828125,1200.0,873.2300079345703,825.960503133138,773.1415003458659,765.0773999023437
2023-05-08,842.280029296875,854.3200073242188,842.0700073242188,851.52001953125,1300.0,872.0650085449219,826.9988372802734,774.2623336791992,765.458399963379
2023-05-09,835.8499755859375,843.4000244140625,827.780029296875,841.4099731445312,1200.0,869.8540069580079,827.8533365885417,775.134250386556,765.8256997680664
2023-05-10,829.739990234375,839.8599853515625,827.8800048828125,836.02001953125,1300.0,866.9520050048828,828.8083363850911,775.9692504882812,766.0907998657226
2023-05-11,824.5399780273438,840.6599731445312,821.9400024414062,836.5999755859375,1800.0,863.2320037841797,829.6748362223308,776.632416788737,766.3018496704102
2023-05-12,822.4299926757812,828.1400146484375,820.239990234375,824.1099853515625,1700.0,859.8225036621094,830.3890024820963,777.2935002644857,766.4603997802734
2023-05-15,814.530029296875,820.5,806.469970703125,820.5,1300.0,855.8365051269532,831.2068359375,777.9350840250651,766.5572998046875
2023-05-16,816.75,822.6400146484375,813.3200073242188,818.9600219726562,1400.0,851.4820037841797,831.740835571289,778.6420008341471,766.6922998046875
2023-05-17,834.1900024414062,834.2000122070312,814.6500244140625,815.5800170898438,1300.0,847.71650390625,832.7170023600261,779.605500793457,766.9147998046875
2023-05-18,835.8900146484375,841.0999755859375,833.72998046875,839.27001953125,1300.0,844.0600036621094,833.5003356933594,780.6357508341472,767.1445999145508
2023-05-19,841.719970703125,842.2100219726562,836.6799926757812,839.5599975585938,1300.0,840.686001586914,834.3053354899089,781.6035003662109,767.3746997070313
2023-05-22,852.0399780273438,852.3300170898438,837.489990234375,840.969970703125,1100.0,839.0024993896484,835.5308349609375,782.5520004272461,767.6432995605469
2023-05-23,859.1599731445312,861.2999877929688,853.5700073242188,853.5700073242188,1300.0,838.519497680664,836.7955006917317,783.5986668904623,767.9209994506836
2023-05-24,855.4600219726562,857.8400268554688,853.0,856.25,1200.0,838.5309997558594,838.0718343098958,784.7450002034506,768.160249633789
2023-05-25,847.719970703125,860.010009765625,845.8400268554688,857.2999877929688,1300.0,838.9814971923828,839.1955006917318,785.7465001424154,768.3771493530273
2023-05-26,843.22998046875,853.0599975585938,842.1699829101562,849.7999877929688,1200.0,839.62099609375,840.056000773112,786.693916829427,768.5164993286132
2023-05-30,851.5,851.530029296875,844.47998046875,850.0,1200.0,839.6854949951172,841.1278340657552,787.6180836995443,768.6481994628906
2023-05-31,856.9400024414062,860.2999877929688,850.8800048828125,851.3699951171875,1100.0,840.3909942626954,842.0365010579427,788.651333618164,768.7746994018555
2023-06-01,863.780029296875,863.8599853515625,855.4600219726562,855.9500122070312,1000.0,840.7994964599609,842.8243347167969,789.7385004679362,768.939299621582
2023-06-02,868.0599975585938,868.1699829101562,864.969970703125,866.1599731445312,1100.0,842.0434967041016,843.696001180013,790.9770004272461,769.1113494873047
2023-06-05,870.280029296875,872.9500122070312,865.1300048828125,871.0499877929688,1000.0,843.3044982910156,844.634834798177,792.2448338826497,769.3613995361328
2023-06-07,880.719970703125,880.8099975585938,872.0999755859375,872.0999755859375,1100.0,845.2264953613281,845.8265014648438,793.6465001424153,769.6042492675781
2023-06-08,876.1300048828125,879.4400024414062,871.5,878.8599853515625,1100.0,847.2404968261719,847.2853352864583,794.951833597819,769.8267492675782
2023-06-09,883.7100219726562,886.52001953125,880.760009765625,882.1099853515625,1100.0,849.938998413086,848.865668741862,796.3559173583984,770.0715994262696
2023-06-12,885.760009765625,887.2000122070312,881.760009765625,887.2000122070312,1000.0,853.0,850.9941691080729,797.7775843302409,770.3632995605469
2023-06-13,896.8099975585938,898.280029296875,889.5800170898438,890.8099975585938,1100.0,856.7190002441406,852.9215026855469,799.1760009765625,770.7170495605469
2023-06-14,871.8300170898438,899.8499755859375,870.47998046875,899.3499755859375,1300.0,859.5839996337891,854.4190032958984,800.4189178466797,771.0053497314453
2023-06-15,878.0399780273438,884.5499877929688,865.47998046875,877.6199951171875,1122300.0,862.6484985351562,855.7631693522136,801.7575012207031,771.4161996459961
2023-06-16,887.9500122070312,888.27001953125,878.989990234375,882.4500122070312,900.0,865.3364990234375,857.1923360188802,803.180251566569,771.9388497924805
2023-06-19,888.6099853515625,889.489990234375,881.1400146484375,888.52001953125,1200.0,867.9724975585938,858.627001953125,804.7259180704752,772.4161996459961
2023-06-20,886.4099731445312,891.0,883.0900268554688,886.469970703125,1300.0,870.206997680664,859.8433349609375,806.2318344116211,772.8113995361329
2023-06-21,875.7000122070312,890.9400024414062,875.3300170898438,887.260009765625,1200.0,871.3899993896484,860.9018351236979,807.570834350586,773.1776495361328
2023-06-22,876.3800048828125,880.1199951171875,869.7899780273438,870.7899780273438,1300.0,872.2510009765625,861.7730021158854,809.113584391276,773.6600994873047
2023-06-23,874.8400268554688,880.4600219726562,872.280029296875,880.3699951171875,1300.0,873.2200012207031,862.5588358561198,810.5356679280599,774.0491995239258
2023-06-26,879.5,881.239990234375,869.2899780273438,874.3099975585938,1300.0,874.8090026855468,863.3253356933594,812.0950846354167,774.411499633789
2023-06-27,874.1400146484375,878.4299926757812,867.6799926757812,877.8800048828125,1200.0,876.3545043945312,863.8286692301432,813.7188349405925,774.8405996704101
2023-06-28,866.969970703125,880.22998046875,866.7000122070312,879.6099853515625,1200.0,877.1280029296875,864.1035024007161,815.3476679484049,775.2460494995117
2023-06-29,861.7899780273438,870.75,859.77001953125,868.6500244140625,1200.0,877.3705017089844,864.3413350423177,816.9046676635742,775.6978494262695
2023-06-30,868.239990234375,869.239990234375,853.6799926757812,862.7000122070312,1000.0,877.5934997558594,864.5626678466797,818.4427510579427,776.1417492675781
2023-07-03,889.2899780273438,889.2899780273438,873.6599731445312,873.9099731445312,900.0,878.6549987792969,865.0978342692057,820.1875010172527,776.7472491455078
2023-07-04,890.0,894.7000122070312,883.4099731445312,890.9400024414062,1000.0,879.6409973144531,865.3918345133463,821.8630009969075,777.3081991577149
2023-07-05,891.1799926757812,895.6300048828125,889.22998046875,890.489990234375,900.0,880.1639984130859,865.818500773112,823.4460840861003,777.780149230957
2023-07-06,870.530029296875,889.77001953125,869.4600219726562,889.2999877929688,1134500.0,879.883999633789,865.659501139323,824.9000844319661,778.2181494140625
2023-07-07,867.27001953125,872.2899780273438,861.2000122070312,868.0800170898438,1000.0,879.0619995117188,865.3176676432291,826.2125844319661,778.6475994873047
2023-07-10,860.3499755859375,870.1799926757812,857.3499755859375,868.0,1000.0,877.7914978027344,864.6745005289714,827.4586675008138,779.0991494750976
2023-07-11,878.72998046875,878.760009765625,865.6500244140625,866.5499877929688,900.0,876.8874969482422,864.4763336181641,828.8495839436849,779.7332495117188
2023-07-12,879.8800048828125,880.530029296875,873.9099731445312,878.969970703125,1000.0,877.2899963378907,864.2368336995443,830.2078338623047,780.3308996582032
2023-07-13,893.0700073242188,895.22998046875,884.3300170898438,885.2100219726562,1100.0,878.0414978027344,864.0573333740234,831.7358337402344,781.021799621582
2023-07-14,896.280029296875,899.6799926757812,890.2100219726562,898.1699829101562,1100.0,878.4579986572265,863.8370005289713,833.273583984375,781.7461499023437
2023-07-17,898.2899780273438,899.4400024414062,891.1799926757812,894.75,1100.0,878.9419982910156,863.6581665039063,834.8185836791993,782.5907998657226
2023-07-18,914.1400146484375,914.1799926757812,901.1199951171875,901.4299926757812,1100.0,880.328500366211,863.7404998779297,836.4533340454102,783.6996499633789
2023-07-19,923.719970703125,923.9000244140625,910.25,917.510009765625,1000.0,882.7294982910156,864.3739990234375,838.0480840047201,784.8276998901367
2023-07-20,931.5999755859375,931.7899780273438,913.97998046875,918.27001953125,1000.0,885.4904968261719,865.4203318277995,839.6535837809245,786.1163497924805
2023-07-21,934.5800170898438,937.2899780273438,918.1900024414062,918.510009765625,1000.0,888.4774963378907,866.742832438151,841.2646672566732,787.4138998413086
2023-07-24,929.9000244140625,935.5499877929688,920.8900146484375,934.989990234375,1000.0,890.9974975585938,868.2626658121745,842.8586675008138,788.7001498413086
2023-07-25,939.9600219726562,945.469970703125,924.3099975585938,932.1699829101562,900.0,894.2884979248047,870.0879994710286,844.5209177652995,789.9160000610351
2023-07-26,900.6300048828125,956.4000244140625,886.1400146484375,945.5700073242188,1200.0,895.9714996337891,870.9283325195313,845.7681676228841,790.9924499511719
2023-07-27,883.7899780273438,912.5700073242188,878.7999877929688,897.4400024414062,900.0,897.071499633789,871.6109985351562,846.7612508138021,791.8813497924805
2023-07-28,913.739990234375,914.5999755859375,877.9600219726562,880.22998046875,700.0,899.3464996337891,872.5798319498698,847.9858342488607,792.9575997924804
2023-07-31,935.969970703125,938.4299926757812,921.3900146484375,923.010009765625,700.0,901.6804992675782,874.1263315836588,849.4411671956381,794.2899496459961
2023-08-01,939.6699829101562,952.1199951171875,926.75,944.7100219726562,900.0,904.1639984130859,875.7031646728516,850.8318339029948,795.6299496459961
2023-08-02,909.760009765625,940.0599975585938,907.8699951171875,931.1699829101562,1000.0,905.0929992675781,876.8278310139974,851.9133341471354,796.9207995605469
2023-08-03,920.3200073242188,920.4099731445312,897.8900146484375,911.280029296875,1100.0,907.5824981689453,878.235664876302,853.0445007324219,798.131199645996
2023-08-04,918.4299926757812,922.8900146484375,914.2999877929688,921.1599731445312,1100.0,910.1404968261719,879.7138315836588,854.261083984375,799.313349609375
2023-08-07,898.219970703125,913.25,894.47998046875,913.25,1100.0,912.0339965820312,880.9418314615885,855.3083338419597,800.3189993286132
2023-08-08,892.3400268554688,903.780029296875,889.25,901.760009765625,1200.0,912.7144989013672,882.1069986979167,856.2480005900065,801.3278994750976
2023-08-09,908.97998046875,912.9400024414062,889.9400024414062,891.0800170898438,1000.0,914.1694976806641,883.6811645507812,857.4440002441406,802.4705993652344
2023-08-10,911.2899780273438,912.6500244140625,899.010009765625,904.6799926757812,1300.0,915.0804962158203,885.2568308512369,858.498833211263,803.6546493530274
2023-08-11,912.2000122070312,918.1799926757812,908.27001953125,913.969970703125,1400.0,915.8764953613281,886.556997680664,859.637000020345,804.7731494140625
2023-08-14,901.6799926757812,908.1300048828125,894.0800170898438,907.4299926757812,1200.0,916.04599609375,887.6534973144531,860.5769165039062,805.8372994995117
2023-08-16,878.2899780273438,895.4199829101562,877.8499755859375,893.9299926757812,1200.0,914.2534942626953,888.2629974365234,861.2841664632161,806.8128994750977
2023-08-17,886.0399780273438,887.6699829101562,863.3200073242188,875.1500244140625,1100.0,912.3694946289063,888.8296641031901,862.1802495320638,807.767649230957
2023-08-18,877.3200073242188,882.0800170898438,874.27001953125,878.52001953125,1100.0,909.6554962158203,889.1323313395183,862.963916015625,808.7160992431641
2023-08-21,888.7100219726562,894.5800170898438,879.7999877929688,881.0900268554688,1100.0,907.3619964599609,889.6864980061849,863.8791661580403,809.6829992675781
2023-08-22,893.3300170898438,899.2100219726562,889.7100219726562,898.4000244140625,1200.0,905.53349609375,890.4466654459635,864.8210830688477,810.6493994140625
2023-08-23,882.8699951171875,892.6500244140625,881.4000244140625,892.6500244140625,1400.0,902.6789947509766,891.1073323567708,865.5816665649414,811.5768994140625
2023-08-24,901.739990234375,902.6400146484375,892.1199951171875,893.4600219726562,1300.0,902.7344940185546,891.9446655273438,866.5362497965494,812.6149493408203
2023-08-25,899.3800048828125,902.8099975585938,890.0800170898438,891.2100219726562,1200.0,903.5139953613282,892.6519989013672,867.3442499796549,813.6423992919922
2023-08-28,909.3800048828125,909.47998046875,901.8400268554688,907.530029296875,1100.0,903.29599609375,893.4119984944662,868.1181666056315,814.6868994140625
2023-08-29,916.239990234375,918.3900146484375,907.8200073242188,911.9400024414062,1300.0,902.3094970703125,894.2149983723958,868.9554997762044,815.7014492797852
2023-08-30,923.8099975585938,926.4400024414062,921.0499877929688,925.0800170898438,1300.0,901.5164978027344,895.1071645100911,869.8709996541342,816.7474993896484
2023-08-31,928.4000244140625,930.4199829101562,923.4000244140625,925.5700073242188,1300.0,902.4484985351562,895.9018320719401,870.8641667683919,817.8505993652344
2023-09-01,919.739990234375,928.0,919.739990234375,926.3699951171875,1100.0,902.4194976806641,896.6286651611329,871.9570002237956,818.7931994628906
2023-09-04,919.1599731445312,921.6300048828125,913.0399780273438,918.1199951171875,1100.0,902.4559967041016,897.2194976806641,873.042583211263,819.7412994384765
2023-09-05,921.47998046875,922.6500244140625,913.02001953125,918.8499755859375,1100.0,903.6189971923828,897.8148305257162,874.4044998168945,820.623899230957
2023-09-06,917.9500122070312,927.280029296875,916.0800170898438,923.6099853515625,1100.0,904.8994964599609,898.1671641031901,875.5443333943684,821.4981494140625
2023-09-07,906.3599853515625,921.7899780273438,902.9500122070312,914.6300048828125,1300.0,904.7684967041016,898.7426635742188,876.5808334350586,822.3422494506835
2023-09-08,914.1799926757812,914.1799926757812,902.77001953125,908.0800170898438,1300.0,904.9129974365235,899.3449971516927,877.5540832519531,823.2535494995117
2023-09-11,912.5499877929688,918.4299926757812,907.9000244140625,918.4299926757812,1000.0,904.9304962158203,899.7549967447917,878.473666381836,824.2234494018554
2023-09-12,898.0399780273438,918.9600219726562,895.9600219726562,918.0999755859375,1200.0,904.7484954833984,899.912163289388,879.2695826212565,825.152349243164
2023-09-13,882.719970703125,899.7999877929688,882.27001953125,895.9400024414062,1100.0,904.9699951171875,899.850663248698,879.8469991048177,825.9379989624024
2023-09-14,899.469970703125,899.469970703125,886.4600219726562,888.1900024414062,1000.0,905.6414947509766,900.2468292236329,880.5743321736653,826.7442489624024
2023-09-15,899.030029296875,902.4000244140625,897.1099853515625,900.6199951171875,900.0,906.7269958496094,900.6243296305339,881.1986658732096,827.5715991210938
2023-09-18,891.2899780273438,896.3699951171875,889.989990234375,892.1799926757812,906700.0,906.8559936523437,900.8984954833984,881.7286656697592,828.4385488891602
2023-09-19,883.8900146484375,894.260009765625,882.4199829101562,891.5700073242188,1000.0,906.3839935302734,900.9716623942057,882.1484990437825,829.2202990722657
2023-09-20,882.719970703125,886.6500244140625,874.9199829101562,883.739990234375,1000.0,906.3764923095703,901.1146616617839,882.4716654459636,829.9861990356445
2023-09-21,860.6799926757812,879.8200073242188,859.510009765625,875.52001953125,1000.0,904.3234924316406,901.0098286946615,882.5566655476888,830.5865991210937
2023-09-22,857.3499755859375,860.6799926757812,847.5599975585938,851.9299926757812,1000.0,902.2219909667969,900.9358286539714,882.6385818481446,831.2085989379883
2023-09-25,839.1699829101562,859.0399780273438,839.1699829101562,856.7899780273438,900.0,898.7114898681641,900.451328531901,882.5069981892904,831.7378488159179
2023-09-26,827.8200073242188,845.2999877929688,827.8200073242188,841.7999877929688,1100.0,894.2904907226563,899.4268290201823,882.262331644694,832.279748840332
2023-09-27,841.02001953125,841.969970703125,821.7100219726562,823.2000122070312,800.0,890.150991821289,898.6104960123698,882.0011652628581,832.8941488647461
2023-10-04,807.4000244140625,832.2999877929688,806.469970703125,832.2999877929688,800.0,884.1009918212891,897.2141632080078,881.5163319905599,833.3685488891601
2023-10-05,801.02001953125,820.0599975585938,800.3599853515625,817.8900146484375,900.0,878.1649932861328,896.0556630452473,880.8575820922852,833.7761990356445
2023-10-06,816.3900146484375,818.3699951171875,803.8800048828125,803.8800048828125,800.0,873.0264953613281,895.2076629638672,880.2626653035481,834.2820492553711
2023-10-10,795.0,823.27001953125,792.9099731445312,821.219970703125,1000.0,866.7024963378906,894.1184967041015,879.3964986165364,834.6812493896484
2023-10-11,817.1199951171875,821.8300170898438,805.030029296875,805.030029296875,900.0,861.6609954833984,893.0916636149088,878.7839986165365,835.1218493652344
2023-10-12,835.489990234375,835.7899780273438,822.27001953125,822.27001953125,1000.0,858.1174957275391,892.3518300374349,878.2943318684896,835.6858993530274
2023-10-13,822.780029296875,834.6599731445312,817.6599731445312,831.2100219726562,1100.0,853.5474975585937,891.1803304036458,877.6188318888346,836.212749633789
2023-10-16,810.5399780273438,813.1900024414062,800.6199951171875,812.5700073242188,1000.0,848.4469970703125,889.7513295491536,876.7941650390625,836.6793496704101
2023-10-17,820.3800048828125,825.3300170898438,817.2899780273438,817.469970703125,900.0,844.563998413086,888.4528299967448,876.0554982503255,837.2655996704102
2023-10-18,808.8900146484375,820.0900268554688,807.4500122070312,816.9199829101562,900.0,840.8725006103516,886.6986633300781,875.2195816040039,837.7815496826172
2023-10-19,784.0399780273438,796.3599853515625,782.6300048828125,796.1500244140625,900.0,835.1010009765625,884.3706634521484,874.372331237793,838.1266494750977
2023-10-20,769.25,779.9199829101562,759.4000244140625,775.8099975585938,1000.0,828.6119995117188,881.6648305257162,873.5425811767578,838.5166494750977
2023-10-23,763.6900024414062,774.3599853515625,762.510009765625,766.5599975585938,800.0,822.2320007324219,878.8166636149089,872.77974802653,838.8141494750977
2023-10-24,784.8599853515625,784.8599853515625,750.3200073242188,771.030029296875,1000.0,817.2804992675781,876.3993296305339,872.3309977213542,839.2765994262695
2023-10-25,770.8400268554688,788.010009765625,770.8400268554688,788.010009765625,1000.0,811.6865020751953,873.5806630452474,871.834331258138,839.7343496704102
2023-10-26,743.8499755859375,756.4299926757812,740.510009765625,751.6400146484375,800.0,805.8450012207031,870.9676625569662,870.9479975382487,840.0960494995118
2023-10-27,748.489990234375,760.510009765625,738.9199829101562,749.8699951171875,700.0,800.402001953125,868.7126627604167,870.1618306477865,840.4637493896485
2023-10-30,757.1199951171875,760.8699951171875,744.6300048828125,747.239990234375,600.0,796.2995025634766,866.1023295084635,869.3410807291667,840.8309994506836
2023-10-31,736.0999755859375,759.239990234375,734.2000122070312,758.6500244140625,900.0,791.7135009765625,862.771162923177,868.448747253418,841.1118994140625
2023-11-01,739.22998046875,749.6500244140625,737.52001953125,742.97998046875,800.0,786.6239990234375,859.4304962158203,867.5668304443359,841.3633493041992
2023-11-02,772.8400268554688,773.3900146484375,753.3699951171875,753.3699951171875,800.0,784.8959991455079,857.148496500651,866.9881637573242,841.7214993286133
2023-11-03,782.0499877929688,782.530029296875,768.3800048828125,779.280029296875,800.0,783.9474975585938,854.8439961751302,866.5398305257162,842.1514993286132
2023-11-06,839.4500122070312,839.4500122070312,793.719970703125,794.489990234375,800.0,785.1004974365235,853.5276631673177,866.6207473754882,842.7998992919922
2023-11-07,824.3699951171875,847.3699951171875,805.8099975585938,842.1599731445312,900.0,786.5689971923828,852.2968302408855,866.619330851237,843.367649230957
2023-11-08,811.02001953125,831.4500122070312,810.1500244140625,821.97998046875,900.0,786.2639984130859,850.9414967854817,866.5242477416992,843.8636492919921
2023-11-09,802.8699951171875,814.9199829101562,797.4400024414062,813.8900146484375,900.0,784.6329986572266,849.1729970296224,866.4270807902018,844.2935491943359
2023-11-10,789.3099975585938,794.72998046875,785.4500122070312,792.8599853515625,900.0,782.9594970703125,847.1399973551432,866.1984141031901,844.6915490722656
2023-11-13,774.4199829101562,798.1500244140625,774.3300170898438,796.4099731445312,1000.0,781.1534973144531,844.8436635335287,865.7003306070964,845.0048989868164
2023-11-14,794.1900024414062,794.9099731445312,779.469970703125,779.469970703125,800.0,779.8439971923829,843.0521636962891,865.3528305053711,845.4113989257812
2023-11-15,809.3599853515625,813.0599975585938,805.27001953125,808.6799926757812,800.0,779.8674957275391,841.903330485026,865.0831639607748,845.8683489990234
2023-11-16,811.1099853515625,815.8200073242188,804.739990234375,809.1199951171875,900.0,781.22099609375,840.654497273763,864.7420806884766,846.2621490478516
2023-11-17,799.0599975585938,807.6199951171875,795.6599731445312,807.6099853515625,800.0,782.7114959716797,839.3501637776693,864.2412475585937,846.5627490234375
2023-11-20,813.0800170898438,815.27001953125,797.510009765625,797.8300170898438,800.0,785.1809967041015,838.0896636962891,863.888080851237,846.9218991088867
2023-11-21,817.010009765625,819.1400146484375,811.239990234375,816.3400268554688,900.0,786.7884979248047,836.8176635742187,863.6321645100911,847.3138491821289
2023-11-22,814.6099853515625,817.280029296875,809.8300170898438,811.2000122070312,800.0,788.9769958496094,835.6799967447917,863.3936645507813,847.6844491577149
2023-11-23,815.97998046875,819.9099731445312,813.25,816.1599731445312,900.0,792.58349609375,834.250663248698,863.0976643880208,848.0095489501953
2023-11-24,815.0,818.739990234375,814.219970703125,817.02001953125,700.0,795.9089965820312,832.8443298339844,862.7481643676758,848.2614489746094
2023-11-27,810.25,816.5999755859375,809.260009765625,816.5499877929688,800.0,798.5654968261719,831.1921630859375,862.3020807902018,848.4787490844726
2023-11-28,816.4400024414062,816.6199951171875,811.0599975585938,811.760009765625,900.0,802.5824981689453,829.5288299560547,861.8719141642252,848.7542990112305
2023-11-29,822.4400024414062,823.8099975585938,812.9500122070312,817.9000244140625,900.0,806.7429992675782,827.8393300374349,861.473247273763,849.0025491333008
2023-11-30,831.6799926757812,831.6799926757812,819.22998046875,819.22998046875,800.0,809.6849975585938,826.2273295084635,861.0645807902018,849.2610491943359
2023-12-01,827.239990234375,831.030029296875,822.030029296875,826.2999877929688,1000.0,811.9444976806641,824.6856628417969,860.6571640014648,849.4743490600586
2023-12-04,828.52001953125,837.9500122070312,823.989990234375,828.6599731445312,1000.0,811.397998046875,823.1749969482422,860.1972473144531,849.7547491455078
2023-12-05,813.3800048828125,828.25,810.52001953125,823.8599853515625,1100.0,810.8484985351563,821.3733306884766,859.5940806070963,849.9588992309571
2023-12-06,819.5399780273438,822.3900146484375,814.0,816.6599731445312,900.0,811.2744964599609,819.7331634521485,858.9501637776692,850.1586990356445
2023-12-07,813.2000122070312,820.4600219726562,810.9000244140625,820.4600219726562,800.0,811.7909973144531,818.180497233073,858.4615804036458,850.3973989868164
2023-12-08,830.3699951171875,830.989990234375,818.5,818.7100219726562,900.0,813.8439971923829,816.7836639404297,858.0643305460612,850.625698852539
2023-12-11,835.25,839.1500244140625,831.6400146484375,831.8300170898438,900.0,816.885498046875,815.4953308105469,857.6251637776693,850.9238488769531
2023-12-12,839.530029296875,842.5599975585938,833.6699829101562,835.4099731445312,1200.0,819.1524993896485,814.5201649983724,857.2161641438802,851.1770489501953
2023-12-13,829.3099975585938,838.25,828.719970703125,837.5499877929688,1100.0,820.15,813.6299987792969,856.7403310139974,851.3564990234376
2023-12-14,840.5900268554688,845.5399780273438,834.6599731445312,841.75,1000.0,821.6240020751953,812.6486663818359,856.4477478027344,851.6668991088867
2023-12-15,838.3099975585938,846.7000122070312,834.9400024414062,844.760009765625,1100.0,823.5865020751953,811.6366658528646,856.1304977416992,851.9420489501953
2023-12-18,850.9600219726562,854.0700073242188,843.6099853515625,844.780029296875,802100.0,825.480502319336,810.9644999186198,855.9314977010091,852.3024490356445
2023-12-19,858.2999877929688,858.6500244140625,849.3300170898438,850.3599853515625,1100.0,827.5450012207032,810.5379994710287,855.7548309326172,852.6924490356446
2023-12-20,862.97998046875,865.02001953125,860.5599975585938,861.9600219726562,1100.0,829.9635009765625,810.2089996337891,855.6618306477865,853.0493490600586
2023-12-21,859.4400024414062,867.3300170898438,851.8200073242188,855.760009765625,1100.0,832.1365020751953,810.1883331298828,855.5990809122721,853.4105990600586
2023-12-22,854.6199951171875,864.7899780273438,853.489990234375,863.3499755859375,1200.0,834.1175018310547,810.1428334554037,855.5393310546875,853.6715991210938
2023-12-26,848.3400268554688,857.239990234375,846.3200073242188,855.75,1100.0,836.0220031738281,810.2956675211589,855.37349802653,853.8307492065429
2023-12-27,859.7899780273438,860.2899780273438,851.2100219726562,851.489990234375,1200.0,838.189501953125,810.828500366211,855.1276646931966,854.0508990478515
2023-12-28,866.5700073242188,866.5700073242188,856.530029296875,860.4199829101562,1300.0,840.3960021972656,811.2543334960938,854.9324147542318,854.3139990234375
2024-01-02,878.9299926757812,878.9299926757812,865.260009765625,866.0800170898438,1200.0,842.7585021972657,812.446499633789,854.8303314208985,854.6625491333008
2024-01-03,871.5700073242188,872.4400024414062,865.1199951171875,872.2100219726562,1300.0,844.9750030517578,813.6223327636719,854.8389979044597,855.0773992919922
2024-01-04,866.25,872.7899780273438,860.4500122070312,865.3499755859375,1200.0,846.8615020751953,814.4533325195313,854.8304977416992,855.46419921875
2024-01-05,878.3300170898438,878.97998046875,864.8599853515625,866.8099975585938,1000.0,850.1090026855469,815.8421661376954,854.9803314208984,856.0655993652343
2024-01-08,879.3400268554688,882.8800048828125,875.3400268554688,880.239990234375,1200.0,853.0990051269531,816.8791666666667,854.9854151407877,856.5564495849609
2024-01-09,884.6400146484375,890.0599975585938,881.969970703125,886.0999755859375,1200.0,856.6710052490234,817.6983337402344,855.0250818888346,857.0697497558593
2024-01-10,875.4600219726562,884.0800170898438,872.6799926757812,884.0800170898438,1300.0,858.9255065917969,818.5763336181641,854.878332010905,857.4600997924805
2024-01-11,882.530029296875,885.75,878.1199951171875,878.1199951171875,1500.0,861.2895080566407,819.7761678059895,854.7637486775716,857.8617498779297
2024-01-12,868.0800170898438,880.2999877929688,865.8099975585938,878.6900024414062,1100.0,862.717007446289,820.5711680094402,854.5119990030925,858.1894998168946
2024-01-15,859.7100219726562,869.6900024414062,855.0,865.4500122070312,1000.0,864.2370086669922,821.4181681315105,854.0584157307943,858.4208999633789
2024-01-16,854.8300170898438,864.9000244140625,846.469970703125,857.3900146484375,1000.0,864.949008178711,822.5980021158854,853.4843327840169,858.6341000366211
2024-01-17,833.0499877929688,856.969970703125,832.7000122070312,856.6099853515625,1100.0,864.6860076904297,823.6613352457682,852.6630828857421,858.6788000488282
2024-01-18,840.3300170898438,848.6300048828125,830.0599975585938,834.010009765625,1200.0,864.154507446289,824.9386688232422,851.8776662190755,858.7420001220703
2024-01-19,842.6699829101562,856.0499877929688,837.8699951171875,848.6599731445312,1200.0,863.3730072021484,825.902168782552,851.150749206543,858.7877999877929
2024-01-22,839.6900024414062,849.3200073242188,836.8900146484375,848.8699951171875,1300.0,862.2085083007812,827.0496683756511,850.3151657104493,858.7665499877929
2024-01-23,840.1099853515625,848.6500244140625,833.239990234375,840.6199951171875,1200.0,861.2420074462891,828.6540018717448,849.8108322143555,858.714700012207
2024-01-24,836.2100219726562,842.9000244140625,828.1199951171875,841.4500122070312,1400.0,860.3215087890625,830.1160024007162,849.4143325805665,858.6581500244141
2024-01-25,823.739990234375,833.3400268554688,820.6400146484375,833.3400268554688,1600.0,859.0915069580078,831.2263356526693,848.6643325805665,858.5020498657227
2024-01-26,837.239990234375,839.52001953125,817.0599975585938,818.760009765625,1200.0,857.9640075683594,832.9120025634766,847.8415827433269,858.4023498535156
2024-01-29,819.1400146484375,841.2100219726562,815.5399780273438,841.2100219726562,1200.0,855.5925079345703,834.2438364664714,846.8371663411458,858.13625
2024-01-30,818.8599853515625,828.5399780273438,811.5700073242188,826.0,1100.0,852.5890075683594,835.0108357747396,846.0796661376953,857.9026498413086
2024-01-31,799.239990234375,818.9000244140625,799.239990234375,813.7999877929688,1137300.0,848.9725067138672,835.2973358154297,845.0706659952799,857.4984997558594
2024-02-01,798.72998046875,800.9099731445312,786.280029296875,796.260009765625,1100.0,845.5965057373047,834.6186686197917,844.0731658935547,857.0532495117187
2024-02-02,814.77001953125,817.739990234375,803.7100219726562,803.7100219726562,1100.0,842.418505859375,834.4586690266927,843.3777496337891,856.6323995971679
2024-02-05,807.989990234375,813.8300170898438,807.3599853515625,812.280029296875,1000.0,838.8510040283203,834.4081685384115,842.6748326619467,856.2192495727539
2024-02-06,807.030029296875,808.3900146484375,795.3699951171875,804.3599853515625,1100.0,834.9705047607422,834.4775024414063,841.8252497355144,855.7831497192383
2024-02-07,811.9199829101562,820.0599975585938,809.1799926757812,811.510009765625,800.0,831.7935028076172,834.854335530599,840.997166442871,855.3235494995117
2024-02-08,826.5800170898438,828.030029296875,816.27001953125,816.8200073242188,900.0,828.9960021972656,835.7236694335937,840.2836664835612,854.908949584961
2024-02-13,845.1500244140625,846.5800170898438,830.6599731445312,831.1400146484375,900.0,827.8495025634766,836.5730031331381,839.8125834147136,854.589599609375
2024-02-14,853.2999877929688,854.4400024414062,831.5599975585938,833.239990234375,1100.0,827.5290008544922,837.3053365071614,839.6043334960938,854.3100994873047
2024-02-15,859.2100219726562,861.3699951171875,852.7899780273438,860.1300048828125,1200.0,827.7480010986328,838.1070037841797,839.3807505289714,854.1775994873046
2024-02-16,857.5999755859375,864.239990234375,854.719970703125,863.6900024414062,1300.0,828.9755004882812,839.0826700846354,839.2164169311524,854.1214993286133
2024-02-19,858.469970703125,862.0800170898438,853.52001953125,854.280029296875,1300.0,829.8824981689453,839.8391693115234,838.9644165039062,854.1376992797851
2024-02-20,866.1699829101562,866.1699829101562,854.5800170898438,858.0800170898438,1400.0,831.0574981689454,840.6585021972656,838.7380828857422,854.2749990844727
2024-02-21,864.0700073242188,872.3800048828125,860.9099731445312,861.5800170898438,1700.0,832.276498413086,841.4828358968099,838.5814163208008,854.4431491088867
2024-02-22,870.1099853515625,871.4600219726562,864.5599975585938,868.219970703125,1500.0,833.776498413086,842.3850026448567,838.3178329467773,854.5426489257812
2024-02-23,868.5700073242188,875.5800170898438,866.219970703125,873.2100219726562,1500.0,835.394497680664,843.2778361002604,838.0610829671224,854.6713488769532
2024-02-26,867.4000244140625,872.52001953125,866.4299926757812,869.0800170898438,1219600.0,837.5774993896484,844.2303365071615,837.7112497965495,854.7302990722657
2024-02-27,853.75,870.0999755859375,850.77001953125,870.0999755859375,1200.0,838.4029998779297,844.8521697998046,837.1904998779297,854.7831491088867
2024-02-28,863.3900146484375,868.7100219726562,858.5599975585938,859.780029296875,1100.0,840.6154998779297,845.5346700032552,836.6870000203451,854.874799194336
2024-02-29,862.9600219726562,865.8800048828125,858.2999877929688,862.5499877929688,1400.0,842.8205017089844,846.0560038248698,836.1416666666667,854.9781991577148
2024-03-04,872.969970703125,875.2999877929688,869.3599853515625,869.3599853515625,1100.0,846.5070007324218,846.8181701660156,835.7519165039063,855.1637991333008
2024-03-05,866.3699951171875,869.3599853515625,863.4000244140625,869.3599853515625,1200.0,849.8890014648438,847.4490030924479,835.3120000203451,855.3469491577148
2024-03-06,870.6699829101562,872.0599975585938,859.7100219726562,861.6699829101562,1100.0,852.6839996337891,848.4038360595703,834.8885833740235,855.5775991821289
2024-03-07,863.3699951171875,874.530029296875,860.010009765625,874.2999877929688,1100.0,855.4529998779296,849.134336344401,834.4337498982748,855.7822991943359
2024-03-08,873.1799926757812,873.1799926757812,866.1799926757812,869.1799926757812,1300.0,858.760498046875,850.1340026855469,834.1572499593099,856.0755490112305
2024-03-11,875.9299926757812,875.9299926757812,868.47998046875,870.4099731445312,1100.0,861.9609985351562,850.8933359781901,833.8384999593098,856.3714489746094
2024-03-12,889.7100219726562,889.7100219726562,876.6199951171875,877.3699951171875,1100.0,865.1174987792969,851.8010030110677,833.6481669108073,856.6490490722656
2024-03-13,889.9299926757812,894.3900146484375,881.3300170898438,892.4099731445312,1200.0,867.3564971923828,852.6410024007162,833.5805836995443,856.9192489624023
2024-03-14,887.52001953125,892.3099975585938,881.9500122070312,889.530029296875,1100.0,869.0674987792969,853.6111694335938,833.6205841064453,857.1482492065429
2024-03-15,880.4600219726562,884.5999755859375,875.8699951171875,882.6699829101562,1100.0,870.1299987792969,854.2756693522135,833.4621678670247,857.2903494262696
2024-03-18,894.47998046875,894.47998046875,882.5800170898438,882.5800170898438,1000.0,871.9739990234375,855.2118357340495,833.4242507934571,857.4669494628906
2024-03-19,891.9099731445312,893.489990234375,884.4500122070312,893.489990234375,1100.0,873.6459991455079,855.8943349202474,833.4294174194335,857.64919921875
2024-03-20,891.4500122070312,896.4400024414062,890.0,894.3400268554688,1100.0,874.9100006103515,856.4468353271484,833.4924173990886,857.8678494262696
2024-03-21,904.2899780273438,906.260009765625,899.239990234375,900.4600219726562,1100.0,876.9209991455078,857.1353352864584,833.6721674601237,858.1731494140626
2024-03-22,903.97998046875,905.6400146484375,900.8400268554688,902.7000122070312,1100.0,878.6144989013671,857.8776682535807,834.0330006917318,858.4355493164062
2024-03-25,913.6900024414062,916.010009765625,905.7000122070312,906.4500122070312,1000.0,880.8704986572266,858.8621683756511,834.5025009155273,858.7192993164062
2024-03-26,916.0900268554688,922.5700073242188,910.8599853515625,915.489990234375,1000.0,883.3049987792969,859.9913350423177,835.1435012817383,858.9808493041992
2024-03-27,911.25,918.489990234375,905.260009765625,914.3300170898438,1100.0,886.1799987792969,860.8490020751954,835.8387512207031,859.1967993164062
2024-03-28,910.0499877929688,914.3800048828125,908.97998046875,912.3300170898438,1100.0,888.5129974365234,861.5736684163411,836.4140009562175,859.3956491088867
2024-03-29,905.5,914.25,903.6099853515625,912.3099975585938,900.0,890.6399963378906,862.0165018717448,837.2315007527669,859.5195492553711
2024-04-01,912.4500122070312,920.0499877929688,907.47998046875,909.6199951171875,900.0,892.6139984130859,862.6978352864584,838.1600840250651,859.7011492919922
2024-04-02,891.5900268554688,913.7899780273438,888.8800048828125,912.0700073242188,1000.0,893.875,863.1201690673828,838.786750793457,859.7405493164063
2024-04-03,879.9600219726562,883.9500122070312,874.77001953125,883.219970703125,1000.0,894.339501953125,863.1473358154296,839.4947509765625,859.7115493774414
2024-04-04,882.9000244140625,889.7000122070312,878.1199951171875,885.530029296875,1000.0,895.3160034179688,863.2066691080729,840.0429178873698,859.6419995117187
2024-04-05,872.2899780273438,879.3400268554688,867.4500122070312,872.469970703125,1100.0,895.2715026855469,863.000835164388,840.3495844523112,859.6442993164062
2024-04-08,860.5700073242188,873.760009765625,859.0900268554688,873.760009765625,1100.0,894.5035034179688,862.7526682535807,840.6645009358724,859.5569494628907
2024-04-09,859.3300170898438,871.1799926757812,856.489990234375,864.0,1000.0,892.9845031738281,862.3660013834635,841.0710845947266,859.4138494873047
2024-04-11,858.0999755859375,860.8300170898438,847.5399780273438,850.7999877929688,700.0,891.3930023193359,862.1996673583984,841.3854176839193,859.2612994384766
2024-04-12,860.469970703125,867.010009765625,858.239990234375,863.1599731445312,700.0,890.0404998779297,862.212333170573,841.8152506510417,859.1315994262695
2024-04-15,852.4199829101562,854.510009765625,842.8400268554688,850.2100219726562,800.0,888.6384979248047,862.1721659342448,842.3850840250651,859.0151992797852
2024-04-16,832.8099975585938,848.239990234375,829.760009765625,845.5399780273438,900.0,885.5549987792969,862.1681660970052,842.9147506713867,858.797349243164
2024-04-17,833.030029296875,845.4500122070312,833.030029296875,839.2999877929688,900.0,882.6110015869141,862.046499633789,843.4925842285156,858.5882992553711
2024-04-18,855.6500244140625,856.0499877929688,833.3800048828125,833.3800048828125,1000.0,880.8210021972657,862.2628336588542,844.0825012207031,858.4690493774414
2024-04-19,841.9099731445312,850.0700073242188,824.989990234375,849.989990234375,1100.0,877.702001953125,862.2998331705729,844.674750773112,858.3078991699218
2024-04-22,845.8200073242188,854.1599731445312,840.2899780273438,844.9500122070312,900.0,874.7940032958984,862.3950002034505,845.5245010375977,858.2021493530274
2024-04-23,845.4400024414062,853.6199951171875,844.5,848.8800048828125,900.0,871.3815032958985,862.5488332112631,846.3324178059896,858.1203994750977
2024-04-24,862.22998046875,863.1199951171875,855.7899780273438,856.3699951171875,1000.0,868.6885009765625,863.1903330485026,847.2083343505859,858.0903494262695
2024-04-25,853.260009765625,865.1500244140625,853.1300048828125,855.780029296875,800.0,865.7890014648438,863.4573333740234,848.18466796875,857.910199584961
2024-04-26,856.8200073242188,862.7999877929688,852.7999877929688,860.0,700.0,863.1275024414062,864.0853332519531,849.1645848592123,857.7442996215821
2024-04-29,869.719970703125,869.72998046875,860.530029296875,860.530029296875,800.0,861.3385009765625,864.9329996744792,849.9719177246094,857.6369995117187
2024-04-30,868.9299926757812,875.6400146484375,867.3200073242188,872.0800170898438,800.0,859.1625,866.0944997151693,850.6959177652994,857.6289993286133
2024-05-02,867.47998046875,870.3300170898438,864.97998046875,865.780029296875,900.0,857.956997680664,867.2403330485026,850.9295008341471,857.6300491333008
2024-05-03,865.5900268554688,875.1099853515625,865.2100219726562,872.27001953125,800.0,857.2384979248047,868.087333170573,851.2730010986328,857.6562493896485
2024-05-07,871.260009765625,876.9400024414062,869.75,874.6900024414062,800.0,856.6564971923829,869.1418334960938,851.7750010172526,857.6188995361329
2024-05-08,872.4199829101562,873.6500244140625,862.8099975585938,870.1099853515625,1000.0,856.6629974365235,870.2316660563151,852.3545842488606,857.5815994262696
2024-05-09,870.1500244140625,873.530029296875,869.0,871.1699829101562,1000.0,857.1419982910156,871.2021667480469,853.028251139323,857.4669995117188
2024-05-10,864.1599731445312,875.2100219726562,864.030029296875,873.5599975585938,1000.0,857.38349609375,871.8284993489583,853.7760843912761,857.306399230957
2024-05-13,854.4299926757812,867.0800170898438,852.75,866.6699829101562,900.0,857.1999969482422,871.9831654866537,854.2780843098958,857.0870993041992
2024-05-14,862.1500244140625,865.4299926757812,856.8800048828125,857.4400024414062,1000.0,857.2839996337891,872.1306660970052,854.7180013020833,856.8271493530274
2024-05-16,870.3699951171875,874.8599853515625,868.510009765625,872.3099975585938,1000.0,858.1815002441406,872.3166656494141,855.2118347167968,856.5603994750977
2024-05-17,855.0599975585938,869.5999755859375,854.469970703125,869.0599975585938,900.0,859.2940002441406,872.2743326822916,855.6785013834635,856.1776995849609
2024-05-20,847.0800170898438,857.510009765625,843.219970703125,856.219970703125,1000.0,859.9964996337891,872.0845001220703,855.9618347167968,855.7401995849609
2024-05-21,846.510009765625,849.3200073242188,843.6199951171875,849.3200073242188,1100.0,859.5394989013672,871.7568339029948,856.2076680501302,855.3232495117187
2024-05-22,845.719970703125,850.5900268554688,844.969970703125,850.4000244140625,900.0,859.7299987792969,871.4509999593099,856.4669179280598,854.8520492553711
2024-05-23,846.5800170898438,849.3200073242188,839.1599731445312,846.5,1000.0,859.7679992675781,871.0588338216146,856.7219182332357,854.5817993164062
2024-05-24,839.4099731445312,845.47998046875,836.9500122070312,840.7000122070312,800.0,859.4664978027344,870.5728332519532,856.9253346761068,854.3598992919922
2024-05-27,847.989990234375,848.1300048828125,836.6500244140625,843.760009765625,1000.0,858.7544982910156,870.2493326822917,857.2398345947265,854.0311492919922
2024-05-28,851.010009765625,852.4199829101562,846.9000244140625,847.4600219726562,1100.0,858.6419982910156,870.2036661783854,857.527917989095,853.6063494873047
2024-05-29,838.4500122070312,849.9299926757812,838.0800170898438,849.5999755859375,1400.0,857.7234985351563,869.7879994710287,857.6613347371419,853.1002496337891
2024-05-30,831.989990234375,840.739990234375,831.02001953125,835.6300048828125,1400.0,855.8369995117188,869.2718322753906,857.6639180501302,852.7113995361328
2024-05-31,839.97998046875,840.02001953125,829.8099975585938,835.010009765625,1500.0,854.3894989013672,868.7219991048177,857.7700846354167,852.3096994018555
2024-06-03,844.719970703125,847.0700073242188,839.5800170898438,840.3300170898438,1000.0,853.251498413086,868.3611653645834,857.9050842285156,851.9411492919921
2024-06-04,845.8400268554688,851.489990234375,841.8099975585938,844.6199951171875,900.0,852.2639984130859,867.9473327636719,858.1755844116211,851.6792495727539
2024-06-05,850.75,852.1799926757812,844.1300048828125,849.3300170898438,900.0,851.2384979248047,867.7369995117188,858.4356679280598,851.4712994384765
2024-06-07,866.1799926757812,866.47998046875,855.0599975585938,856.1699829101562,800.0,850.9264984130859,867.6203328450521,858.8771677652995,851.2572994995118
2024-06-10,864.7100219726562,867.5999755859375,860.9000244140625,862.2100219726562,900.0,850.6544982910157,867.4333333333333,859.1633346557617,851.0243997192383
2024-06-11,868.3599853515625,872.3599853515625,865.9099731445312,866.8800048828125,1000.0,850.8644989013671,867.0774993896484,859.4392512003581,850.805199584961
2024-06-12,870.6699829101562,876.4500122070312,867.3200073242188,871.3599853515625,1200.0,851.6764984130859,866.756499226888,859.6987508138021,850.6501495361329
2024-06-13,871.3300170898438,879.52001953125,871.1199951171875,879.52001953125,900.0,852.135498046875,866.4866658528646,860.0489176432292,850.6153497314453
2024-06-14,862.1900024414062,873.3699951171875,859.6900024414062,872.6900024414062,1000.0,851.7264984130859,866.1821655273437,860.2289174397787,850.4960998535156
2024-06-17,858.9600219726562,864.0999755859375,857.1099853515625,860.1300048828125,800.0,851.921499633789,865.5901662190755,860.4010009765625,850.4042999267579
2024-06-18,858.9500122070312,864.8099975585938,855.3499755859375,863.3200073242188,1040200.0,852.5149993896484,865.0408335367839,860.4675842285156,850.2554998779297
2024-06-19,861.1699829101562,866.2100219726562,856.1599731445312,860.6599731445312,1000.0,853.247998046875,864.536166381836,860.4915008544922,850.0946997070313
2024-06-20,857.510009765625,864.7000122070312,854.9400024414062,861.4400024414062,600.0,853.8375,863.7565002441406,860.4459177652994,849.9678997802735
2024-06-21,852.6699829101562,856.02001953125,848.5,853.47998046875,800.0,854.1419982910156,862.901333618164,860.3895009358724,849.7225497436524
2024-06-24,841.52001953125,852.47998046875,841.4299926757812,852.27001953125,700.0,854.2475006103516,861.6985005696614,860.2803344726562,849.4332498168945
2024-06-25,841.989990234375,844.5399780273438,836.1199951171875,839.5,700.0,853.9475006103515,860.4634999593098,860.2274175008138,849.0962997436524
2024-06-26,842.1199951171875,846.760009765625,839.3400268554688,845.9099731445312,700.0,853.5029998779297,859.311333211263,860.0801676432292,848.7256997680664
2024-06-27,838.6500244140625,844.6199951171875,837.7999877929688,841.1199951171875,800.0,853.5130004882812,858.1213338216146,859.8475011189779,848.2998999023438
2024-06-28,840.4400024414062,842.3599853515625,838.2899780273438,840.1099853515625,700.0,853.9355010986328,857.0370005289714,859.526751200358,847.8600997924805
2024-07-01,847.1500244140625,847.969970703125,840.4000244140625,840.5900268554688,600.0,854.2940032958984,855.9486673990885,859.3232513427735,847.4971499633789
2024-07-02,829.9099731445312,847.3900146484375,828.489990234375,846.8599853515625,700.0,853.5535034179687,854.9206665039062,859.0204177856446,847.0508999633789
2024-07-03,836.0999755859375,838.8900146484375,829.5,832.97998046875,800.0,853.0665008544922,854.1896657307942,858.668500773112,846.6239999389649
2024-07-04,840.8099975585938,844.0999755859375,838.9000244140625,838.9000244140625,700.0,852.5695007324218,853.4881652832031,858.3474171956381,846.2382998657226
2024-07-05,847.489990234375,849.25,841.97998046875,842.5,800.0,851.6350006103515,853.0748321533204,858.0378336588542,845.9439498901368
2024-07-08,859.27001953125,859.27001953125,848.5900268554688,848.5900268554688,700.0,851.3630004882813,853.0531656901042,857.9029169718425,845.669400024414
2024-07-09,860.4199829101562,864.1099853515625,857.5999755859375,860.1799926757812,1100.0,850.9660003662109,853.0713317871093,857.7186665852864,845.40875
2024-07-10,858.5499877929688,860.8200073242188,854.5999755859375,859.010009765625,900.0,850.3600006103516,853.0788319905599,857.6392496744792,845.2113000488281
2024-07-11,852.4199829101562,862.6099853515625,851.719970703125,861.72998046875,800.0,849.4144989013672,852.9446655273438,857.5784993489583,845.0598001098633
2024-07-12,850.3699951171875,855.030029296875,845.030029296875,848.0399780273438,800.0,848.8234985351562,852.9104990641276,857.5413324991862,844.8143002319335
2024-07-15,852.8800048828125,852.9299926757812,847.6799926757812,852.6199951171875,800.0,848.519497680664,853.2449991861979,857.7065826416016,844.5835501098633
2024-07-16,839.6099853515625,851.2000122070312,837.2899780273438,850.9600219726562,900.0,847.5524963378906,853.3546651204427,857.7005823771159,844.3251501464844
2024-07-17,829.4099731445312,843.0999755859375,829.0900268554688,841.280029296875,800.0,845.9644958496094,852.9173309326172,857.5900822957357,844.0527499389649
2024-07-18,822.47998046875,824.9600219726562,812.9000244140625,820.1400146484375,900.0,844.2129943847656,852.5934977213542,857.4466654459635,843.7515499877929
2024-07-19,828.719970703125,828.8200073242188,819.1300048828125,820.2899780273438,900.0,843.015493774414,852.3084971110026,857.3517486572266,843.5917498779297
2024-07-22,809.9600219726562,828.0900268554688,806.7899780273438,827.97998046875,900.0,841.4374938964844,851.7171641031902,857.1329986572266,843.3548001098633
2024-07-23,812.1199951171875,821.9299926757812,808.7899780273438,816.2999877929688,900.0,839.943994140625,850.8819976806641,857.0361653645833,843.2195501708984
2024-07-24,814.25,819.8099975585938,807.5499877929688,809.4500122070312,800.0,838.5504943847657,850.231830851237,856.8445821126302,843.1517001342773
2024-07-25,797.2899780273438,803.5499877929688,794.22998046875,802.280029296875,1000.0,836.4824920654297,849.2396636962891,856.6624984741211,842.9330499267578
2024-07-26,797.5599975585938,802.0599975585938,795.02001953125,799.969970703125,800.0,834.338491821289,848.0369974772135,856.4849985758464,842.8838497924804
2024-07-29,807.989990234375,808.72998046875,800.3900146484375,800.6400146484375,700.0,832.3804901123046,847.0213307698567,856.557915242513,842.9186996459961
2024-07-30,803.780029296875,807.3800048828125,800.3599853515625,805.1699829101562,800.0,831.0739929199219,845.9596649169922,856.5999989827474,842.8556497192383
2024-07-31,803.1500244140625,804.1699829101562,795.1799926757812,802.0,800.0,829.4264953613281,844.9189982096354,856.5031656901042,842.8963998413086
2024-08-01,813.530029296875,815.280029296875,807.5,807.52001953125,600.0,828.0624969482421,843.9568318684895,856.5493326822917,842.878450012207
2024-08-02,779.3300170898438,799.969970703125,778.3900146484375,799.4500122070312,800.0,824.6544982910157,842.405332438151,856.318499247233,842.5976501464844
2024-08-05,691.280029296875,765.5700073242188,672.5700073242188,765.5700073242188,1200.0,816.2549987792969,839.4241658528646,855.3131663004557,841.9401501464844
2024-08-06,732.8699951171875,738.77001953125,707.719970703125,709.0399780273438,1100.0,809.8774993896484,837.2359995524089,854.5322494506836,841.5518002319336
2024-08-07,748.5399780273438,754.4099731445312,731.4400024414062,731.8200073242188,900.0,804.3769989013672,835.4711659749349,853.7271657307942,841.1926000976563
2024-08-08,745.280029296875,751.510009765625,732.739990234375,738.2899780273438,1000.0,799.0200012207031,833.5233327229818,852.8269994099935,840.8745501708985
2024-08-09,764.4299926757812,768.2100219726562,759.9099731445312,759.9099731445312,800.0,794.7230010986328,831.757666015625,852.0371658325196,840.7765002441406
2024-08-12,772.719970703125,775.3099975585938,767.2100219726562,767.2100219726562,900.0,790.7149993896485,830.3853322347005,851.3298324584961,840.7938500976562
2024-08-13,764.8599853515625,773.9000244140625,757.1900024414062,771.97998046875,1200.0,786.9774993896484,829.0149983723958,850.5497492472331,840.799700012207
2024-08-14,776.8300170898438,778.6599731445312,774.1699829101562,775.1099853515625,1100.0,784.348501586914,827.8536651611328,849.8052495320638,840.7595501708985
2024-08-16,786.3300170898438,788.8599853515625,783.8800048828125,787.3400268554688,1100.0,782.5410034179688,826.8638326009115,849.1574162801106,840.8370001220703
2024-08-19,777.469970703125,788.7899780273438,776.7100219726562,787.3200073242188,1100.0,779.9785034179688,825.7119984944661,848.3854161580404,841.0051000976563
2024-08-20,787.4400024414062,787.9500122070312,783.3499755859375,783.72998046875,1000.0,778.8525024414063,824.8458323160808,847.709332784017,841.1998501586914
2024-08-21,779.8699951171875,784.9199829101562,775.2999877929688,783.97998046875,1100.0,777.2400024414062,823.7104990641276,846.9799158732096,841.3136001586914
2024-08-22,773.469970703125,783.8900146484375,768.47998046875,782.5900268554688,1000.0,775.2010009765625,822.4181650797526,846.310915629069,841.5004501342773
2024-08-23,773.260009765625,774.2000122070312,764.8300170898438,765.489990234375,900.0,773.9995025634765,821.3316650390625,845.5598322550455,841.6706002807617
2024-08-26,766.7899780273438,777.9099731445312,764.4600219726562,776.9400024414062,800.0,772.4610015869141,820.2449981689454,844.758415222168,841.640350036621
2024-08-27,764.9500122070312,767.3699951171875,757.0800170898438,765.0999755859375,800.0,770.3090026855468,818.9944986979167,843.8582489013672,841.5548501586914
2024-08-28,762.5,767.280029296875,761.0599975585938,766.3200073242188,900.0,768.2450012207031,817.6241658528646,842.992665608724,841.1701000976562
2024-08-29,756.0399780273438,758.989990234375,754.0,756.3300170898438,800.0,765.8894989013672,816.1274983723958,842.0374155680339,840.828450012207
2024-08-30,767.6599731445312,768.3099975585938,757.8699951171875,758.1900024414062,800.0,763.59599609375,814.7426645914713,841.239832051595,840.6116497802734
2024-09-02,769.2100219726562,770.010009765625,764.1500244140625,769.8499755859375,700.0,763.0899963378906,813.126498413086,840.373415629069,840.4433499145508
2024-09-03,760.3699951171875,773.1500244140625,760.0700073242188,769.6799926757812,800.0,766.5444946289062,811.3874979654948,839.4104156494141,840.2986499023438
2024-09-04,731.75,741.52001953125,729.3200073242188,738.5900268554688,1000.0,766.4884948730469,809.110664876302,838.0940821329752,840.085299987793
2024-09-05,725.280029296875,740.22998046875,718.25,736.9600219726562,1000.0,765.3254974365234,806.6874989827473,836.7219991048177,839.7407501220703
2024-09-06,706.5900268554688,726.47998046875,705.6699829101562,725.8800048828125,900.0,763.3909973144531,803.9418324788411,835.2142491658528,839.2269003295899
2024-09-09,714.4600219726562,716.1099853515625,693.8599853515625,696.25,800.0,760.8924987792968,801.4796661376953,833.8309158325195,838.7436505126954
2024-09-10,706.2000122070312,719.4000244140625,706.1199951171875,717.969970703125,900.0,757.5665008544922,798.9336659749349,832.2619160970052,838.2793505859376
2024-09-11,709.4199829101562,718.6500244140625,706.9299926757812,709.5,1000.0,754.7945007324219,796.441498819987,830.7411661783855,837.7610504150391
2024-09-12,731.030029296875,733.8099975585938,719.2899780273438,719.2899780273438,900.0,752.5045013427734,794.2724995930989,829.4043329874675,837.3311505126953
2024-09-13,733.2000122070312,734.3499755859375,726.3699951171875,733.3599853515625,1000.0,749.8480010986328,792.2006663004557,827.9785832722981,836.9241006469726
2024-09-19,739.510009765625,740.3099975585938,729.9299926757812,738.4099731445312,1100.0,747.9500030517578,790.3146667480469,826.6080001831054,836.541750793457
2024-09-20,748.3300170898438,750.75,745.3200073242188,746.1300048828125,900.0,745.9945037841796,788.7615000406901,825.2300003051757,836.2084008789062
2024-09-23,755.1199951171875,757.8499755859375,747.8300170898438,749.239990234375,700.0,744.7570037841797,787.313666788737,823.8885833740235,835.9327508544922
2024-09-24,767.3499755859375,767.3699951171875,757.22998046875,757.3699951171875,900.0,744.4510040283203,786.0674997965494,822.6894165039063,835.6873007202148
2024-09-25,759.2999877929688,771.77001953125,758.02001953125,769.8699951171875,1200.0,743.7530029296875,784.7449991861979,821.4331665039062,835.3716006469726
2024-09-26,779.1799926757812,779.1799926757812,764.1500244140625,764.3300170898438,1100.0,744.3725036621094,783.7239990234375,820.3804997762044,835.1091006469727
2024-09-27,774.489990234375,780.9099731445312,773.3599853515625,777.719970703125,1000.0,744.8495025634766,782.512998453776,819.2308329264323,834.8453506469726
2024-09-30,763.8800048828125,777.2000122070312,762.6699829101562,777.0599975585938,1000.0,744.9185028076172,781.4124989827474,818.1665827433268,834.5221505737304
2024-10-02,762.1300048828125,769.6900024414062,754.3800048828125,757.2999877929688,1000.0,745.2230041503906,780.1796661376953,817.1846659342448,834.2659005737305
2024-10-04,768.97998046875,775.0499877929688,763.2000122070312,763.72998046875,900.0,745.2890045166016,778.982499186198,816.2353322347005,834.0131005859375
2024-10-07,781.010009765625,781.5599975585938,771.1099853515625,774.77001953125,800.0,745.87900390625,777.8744995117188,815.4746658325196,833.8521505737305
2024-10-08,778.239990234375,782.8499755859375,776.2000122070312,776.3699951171875,1000.0,746.7725036621093,776.5239990234375,814.7885823567708,833.5915005493164
2024-10-10,775.47998046875,784.030029296875,772.7000122070312,781.9099731445312,700.0,748.9590026855469,775.1083323160807,814.0898320515951,833.2926504516602
2024-10-11,770.97998046875,781.1199951171875,769.6799926757812,779.0,900.0,751.2440002441406,773.6488321940104,813.3638320922852,832.9499002075195
2024-10-14,770.260009765625,771.75,765.27001953125,770.8499755859375,800.0,754.4274993896485,772.2794993082682,812.6120824178059,832.6546502685546
2024-10-15,773.8099975585938,777.0,768.1300048828125,773.3699951171875,1000.0,757.3949981689453,771.0034993489584,811.956999206543,832.3207501220703
2024-10-16,765.7899780273438,769.6900024414062,764.969970703125,769.1900024414062,900.0,760.3744964599609,769.5519989013671,811.3984990437825,831.9581500244141
2024-10-17,765.0599975585938,769.6900024414062,763.2100219726562,768.1500244140625,900.0,763.1564971923829,768.3094991048177,810.8320821126302,831.5286499023438
2024-10-18,753.219970703125,765.7100219726562,749.530029296875,765.7100219726562,900.0,764.2659942626954,767.0396657307942,809.9784983317057,831.0032498168945
2024-10-21,759.9500122070312,761.6199951171875,749.6400146484375,754.3499755859375,800.0,765.6034942626953,765.997499593099,809.2954986572265,830.4880999755859
2024-10-22,738.3400268554688,758.719970703125,738.3300170898438,758.719970703125,1077000.0,765.5449951171875,764.491167195638,808.3998321533203,829.8826000976562
2024-10-23,745.1900024414062,748.3300170898438,729.280029296875,740.9299926757812,1100.0,765.3879943847656,763.4116668701172,807.5644154866536,829.3354501342774
2024-10-24,734.5900268554688,742.7000122070312,734.260009765625,742.7000122070312,900.0,764.3614959716797,762.1195007324219,806.500749206543,828.7667001342774
2024-10-25,727.4099731445312,739.6199951171875,725.27001953125,739.0499877929688,800.0,762.3644958496094,760.6721669514974,805.4519989013672,828.1048001098633
2024-10-28,740.47998046875,740.6699829101562,729.75,729.75,600.0,761.4234954833985,759.7253336588542,804.4824986775716,827.4743499755859
2024-10-29,744.1799926757812,744.1799926757812,733.280029296875,740.0499877929688,800.0,759.6734954833985,758.8356669108073,803.4363321940104,826.8005999755859
2024-10-30,738.1900024414062,746.22998046875,738.1300048828125,743.530029296875,800.0,757.85849609375,757.6723337809245,802.3468322753906,826.1336999511718
2024-10-31,743.0599975585938,743.219970703125,728.3400268554688,734.25,800.0,756.817495727539,756.6603332519531,801.3099990844727,825.5177499389648
2024-11-01,729.0499877929688,736.260009765625,729.0499877929688,735.6699829101562,700.0,755.1634948730468,755.4253326416016,800.1721654256185,824.7713497924805
2024-11-04,754.0800170898438,755.0,728.1099853515625,730.5,800.0,754.4184967041016,754.4344991048177,799.1956654866536,824.1450497436523
2024-11-05,751.8099975585938,756.5999755859375,750.1699829101562,752.1699829101562,900.0,752.95849609375,753.9758321126302,798.1905822753906,823.4808996582032
2024-11-06,743.3099975585938,761.010009765625,737.77001953125,757.22998046875,1100.0,751.2119964599609,754.8429982503255,797.133582051595,822.8201495361328
2024-11-07,733.52001953125,743.469970703125,727.0999755859375,743.469970703125,800.0,749.1139984130859,754.8538319905599,796.0449157714844,822.0750994873047
2024-11-08,743.3800048828125,746.8900146484375,739.6599731445312,739.9099731445312,800.0,747.733999633789,754.767832438151,795.119499206543,821.4515994262696
2024-11-11,728.8400268554688,745.4199829101562,727.0399780273438,744.8599853515625,800.0,745.6630004882812,754.4938323974609,794.0085825602214,820.7972494506836
2024-11-12,710.52001953125,729.0700073242188,707.9600219726562,728.719970703125,900.0,742.498501586914,753.5953328450521,792.6764994303386,820.0756994628906
2024-11-13,689.6500244140625,712.8300170898438,689.6400146484375,708.52001953125,900.0,738.69150390625,752.2108337402344,791.2980829874674,819.3586996459961
2024-11-14,681.5599975585938,702.0800170898438,681.2999877929688,694.1599731445312,800.0,734.51650390625,750.8225006103515,789.9187494913737,818.5648495483398
2024-11-15,685.4199829101562,688.9099731445312,668.3800048828125,675.6400146484375,900.0,731.1265045166016,749.2990000406901,788.5763326009114,817.7785995483398
2024-11-18,689.5499877929688,697.4500122070312,681.0,683.530029296875,900.0,727.6065032958984,747.6859995524088,787.2749160766601,817.0278994750977
2024-11-19,686.1199951171875,691.1300048828125,682.5,690.4500122070312,900.0,724.9955017089844,746.1634999593099,785.9377492268881,816.2579495239257
2024-11-20,682.9099731445312,691.0,682.030029296875,689.030029296875,900.0,721.8815002441406,744.421332804362,784.6335825602214,815.4914492797851
2024-11-21,680.6699829101562,685.9099731445312,672.8300170898438,683.0999755859375,1000.0,719.185498046875,742.7679992675781,783.2392491658528,814.776099243164
2024-11-22,677.010009765625,689.989990234375,676.0599975585938,682.3699951171875,800.0,716.6654998779297,741.1603332519531,781.7892491658529,813.9749493408203
2024-11-25,696.8300170898438,698.510009765625,683.3699951171875,683.3699951171875,800.0,714.4830017089844,739.8865000406901,780.6090825398763,813.3633993530274
2024-11-26,693.1500244140625,699.7000122070312,689.530029296875,697.5900268554688,800.0,711.9315032958984,738.6591674804688,779.4520828247071,812.7348495483399
2024-11-27,692.0,696.1500244140625,686.3699951171875,693.7999877929688,900.0,709.6220031738281,737.4433339436849,778.2189163208008,812.198649597168
2024-11-28,694.3900146484375,697.9099731445312,691.6099853515625,694.9600219726562,900.0,707.1885040283203,736.3081675211589,776.9661666870118,811.6769497680664
2024-11-29,678.1900024414062,694.239990234375,677.0800170898438,694.239990234375,900.0,704.6455047607421,735.0106679280599,775.5690831502278,810.9940496826172
2024-12-02,675.8400268554688,687.7000122070312,675.780029296875,684.1500244140625,700.0,700.7335052490234,733.4803354899088,774.1115000406901,810.3332998657227
2024-12-03,690.7999877929688,692.8099975585938,678.97998046875,678.97998046875,800.0,697.6830047607422,732.1735015869141,772.65,809.7521496582032
2024-12-04,677.1500244140625,687.9400024414062,671.5999755859375,677.5900268554688,900.0,694.3750061035156,730.7865020751954,771.087000020345,809.0782998657227
2024-12-05,670.9400024414062,680.02001953125,669.27001953125,679.7899780273438,700.0,691.2460052490235,729.7730021158854,769.4418334960938,808.3000997924805
2024-12-06,661.3300170898438,671.3400268554688,644.3900146484375,670.7000122070312,900.0,687.143505859375,728.7071685791016,767.6973337809245,807.3809997558594
2024-12-09,627.010009765625,649.3499755859375,627.010009765625,649.3499755859375,900.0,682.0520050048829,727.3808349609375,765.6613337198893,806.2495498657227
2024-12-10,661.5900268554688,661.5999755859375,635.9400024414062,635.9400024414062,900.0,679.6055053710937,726.499668375651,763.9896672566732,805.2614498901368
2024-12-11,675.9199829101562,677.5499877929688,661.7100219726562,661.7100219726562,1000.0,678.9190032958984,725.9950012207031,762.4643335978191,804.3530499267578
2024-12-12,683.3499755859375,687.0,674.3099975585938,680.969970703125,1000.0,679.0085021972657,725.5605010986328,761.0009999593099,803.4774499511718
2024-12-13,693.72998046875,695.760009765625,683.2999877929688,684.25,900.0,679.4240020751953,724.938833618164,759.6056666056315,802.6152499389649
2024-12-16,698.530029296875,701.6699829101562,695.6699829101562,699.8099975585938,1000.0,679.8730041503907,724.3610005696614,758.2808334350586,801.7875500488282
2024-12-17,694.469970703125,699.52001953125,691.5800170898438,699.52001953125,1000.0,680.2905029296875,723.6103332519531,756.9625,800.9093499755859
2024-12-18,697.5700073242188,699.1799926757812,690.4000244140625,694.9400024414062,900.0,681.0235046386719,722.7643330891927,755.7629165649414,800.054349975586
2024-12-19,684.3599853515625,688.2899780273438,679.8499755859375,682.530029296875,800.0,681.2080047607421,721.5849995930989,754.449333190918,799.1391497802734
2024-12-20,668.3099975585938,685.0999755859375,667.0,684.7899780273438,900.0,680.7730041503906,719.9343332926433,753.0009165445964,798.2119497680665
2024-12-23,679.239990234375,683.1599731445312,671.0900268554688,674.260009765625,700.0,679.8935028076172,718.6,751.6724995930989,797.2911996459961
2024-12-24,680.1099853515625,685.8699951171875,679.22998046875,683.02001953125,600.0,679.2415008544922,716.948833211263,750.3364161173503,796.3769494628906
2024-12-26,675.6400146484375,684.3599853515625,674.8099975585938,684.2100219726562,800.0,678.4235015869141,715.3013336181641,748.90716603597,795.3902996826172
2024-12-27,665.969970703125,677.5,661.239990234375,674.2999877929688,800.0,677.0024993896484,713.6694997151693,747.5409993489583,794.3882995605469
2024-12-30,678.1900024414062,679.6799926757812,661.9199829101562,662.6799926757812,600.0,677.0024993896484,712.2704996744792,746.2250829060872,793.4258996582031
2025-01-02,686.6300048828125,687.25,675.9600219726562,678.97998046875,700.0,677.5419982910156,710.8980000813802,744.9402496337891,792.5421997070313
2025-01-03,705.760009765625,706.4600219726562,687.72998046875,688.0399780273438,900.0,678.2899993896484,709.6438334147135,743.7591664632162,791.7050997924805
2025-01-06,717.9600219726562,718.8599853515625,707.8699951171875,707.8699951171875,1100.0,680.3304992675781,708.6391672770183,742.5815831502279,790.9152499389648
2025-01-07,718.2899780273438,723.0900268554688,717.0700073242188,719.6799926757812,1200.0,682.697998046875,707.6860005696615,741.3971664428711,790.0581497192383
2025-01-08,719.6300048828125,720.2100219726562,712.6199951171875,713.780029296875,1100.0,685.6129974365234,706.8301676432292,740.2394999186198,789.2066497802734
2025-01-09,723.52001953125,723.7000122070312,712.3499755859375,718.8900146484375,1000.0,690.4384979248047,706.0511678059896,739.1653335571289,788.3866497802734
2025-01-10,717.8900146484375,723.469970703125,715.6799926757812,722.2100219726562,900.0,693.2534973144532,705.1191680908203,738.0613337198894,787.5737997436523
2025-01-13,708.2100219726562,718.9600219726562,707.5999755859375,713.97998046875,800.0,694.8679992675782,704.1595021565755,736.8557505289714,786.6424499511719
2025-01-14,718.0399780273438,718.5999755859375,709.1099853515625,712.030029296875,900.0,696.6024993896484,703.375835164388,735.8426671346028,785.773099975586
2025-01-15,711.6099853515625,722.3400268554688,709.8200073242188,722.1599731445312,1000.0,697.4964996337891,702.6823354085286,734.8610005696614,784.8738998413086
2025-01-16,724.239990234375,725.780029296875,720.3499755859375,720.3499755859375,800.0,698.7819976806641,702.087168375651,734.042333984375,783.9736499023437
2025-01-17,724.6900024414062,725.5399780273438,722.280029296875,723.0499877929688,800.0,700.2929992675781,701.85966796875,733.175417582194,783.0772000122071
2025-01-20,727.6599731445312,728.510009765625,722.77001953125,727.5900268554688,800.0,701.7974975585937,701.5675008138021,732.4895838419596,782.1470498657227
2025-01-21,726.0700073242188,733.9099731445312,720.72998046875,728.5700073242188,860900.0,703.8829986572266,701.4255004882813,731.7725006103516,781.1969497680664
2025-01-22,732.3099975585938,733.8900146484375,729.4600219726562,731.1699829101562,900.0,707.0829986572265,701.507167561849,731.0896672566731,780.3022497558594
2025-01-23,724.010009765625,731.719970703125,723.489990234375,731.6900024414062,900.0,709.321499633789,701.2326680501302,730.4790008544921,779.3720498657226
2025-01-24,728.739990234375,731.7000122070312,722.8200073242188,725.780029296875,800.0,711.7529998779297,700.9753346761067,729.905500793457,778.4882498168945
2025-01-31,728.2899780273438,728.4099731445312,723.2999877929688,724.9600219726562,700.0,714.385498046875,700.8103342692058,729.2413340250652,777.5674496459961
2025-02-03,703.7999877929688,718.260009765625,700.5700073242188,718.260009765625,800.0,716.2769989013672,700.1560007731119,728.4081670125325,776.6284994506836
2025-02-04,719.9199829101562,726.280029296875,713.5499877929688,713.5499877929688,1000.0,718.3634979248047,700.0038340250651,727.7145833333333,775.8282992553711
2025-02-05,730.97998046875,731.9199829101562,724.5999755859375,724.5999755859375,800.0,720.5809967041016,699.6188334147135,727.0266662597656,775.0686990356445
2025-02-06,740.3200073242188,740.3200073242188,734.9099731445312,735.9400024414062,900.0,722.3089965820312,699.427333577474,726.701582845052,774.408849182129
2025-02-07,742.9000244140625,744.6799926757812,737.6099853515625,739.8800048828125,1000.0,723.5559967041015,699.4205006917317,727.1317494710287,773.8204992675782
2025-02-10,749.6699829101562,750.4600219726562,735.7100219726562,740.1199951171875,1000.0,725.1249969482421,699.6896667480469,727.2717493693034,773.2721990966797
2025-02-11,749.5900268554688,754.6199951171875,749.3599853515625,751.25,1000.0,726.622998046875,699.7931671142578,727.2804997762045,772.7296493530273
2025-02-12,745.1799926757812,748.6500244140625,742.8499755859375,748.6500244140625,900.0,727.7059967041016,700.0654998779297,727.2796661376954,772.1531994628906
2025-02-13,749.280029296875,751.8300170898438,744.8300170898438,748.6900024414062,800.0,729.2754974365234,700.7115000406901,727.153416442871,771.6374996948242
2025-02-14,756.3200073242188,758.719970703125,752.0399780273438,752.0800170898438,900.0,731.6809967041015,701.822666422526,727.0167500813802,771.2550497436523
2025-02-17,768.47998046875,768.47998046875,757.77001953125,759.2100219726562,900.0,734.2029968261719,703.271332804362,727.0469167073568,770.9322994995117
2025-02-18,773.6500244140625,773.77001953125,765.989990234375,769.9299926757812,1100.0,737.3049987792969,704.7418334960937,727.0204167683919,770.5222994995117
2025-02-19,778.27001953125,778.97998046875,772.6300048828125,774.1199951171875,900.0,740.0065002441406,706.2205006917318,726.9532501220704,770.2040997314454
2025-02-20,768.27001953125,781.5399780273438,766.8300170898438,777.780029296875,1000.0,742.1855010986328,707.5896677652995,726.8765838623046,769.8163497924804
2025-02-21,774.6500244140625,774.780029296875,767.1799926757812,768.3900146484375,900.0,744.5350036621094,709.1186686197917,726.7700007120768,769.4623999023438
2025-02-24,773.3300170898438,773.510009765625,764.47998046875,766.9400024414062,900.0,746.8980041503906,710.6630025227864,726.7155008951823,769.0179000854492
2025-02-25,769.4299926757812,773.9099731445312,765.260009765625,766.8499755859375,1000.0,748.75400390625,712.203335571289,726.6818344116211,768.59875
2025-02-26,771.4099731445312,774.2000122070312,766.6900024414062,769.0,900.0,751.1240020751953,713.4463348388672,726.6664174397787,768.1716998291016
2025-02-27,770.8499755859375,776.5700073242188,769.5999755859375,774.1300048828125,800.0,753.2295013427735,714.7413340250652,726.7002507527669,767.6773498535156
2025-02-28,743.9600219726562,760.0999755859375,743.9500122070312,760.0999755859375,900.0,754.0130035400391,715.607334391276,726.5253341674804,767.0525
2025-03-04,737.9000244140625,739.6799926757812,730.9600219726562,739.6799926757812,600.0,755.7180053710938,716.3325012207031,726.3203343709309,766.4046002197266
2025-03-05,746.9500122070312,748.8200073242188,740.6900024414062,743.3499755859375,700.0,757.0695068359375,717.4785013834636,726.2445846557617,765.8114001464844
2025-03-06,734.9199829101562,750.4299926757812,733.489990234375,750.4299926757812,800.0,757.2665069580078,718.4631673177083,725.9717514038086,765.1297000122071
2025-03-07,727.7000122070312,738.0999755859375,725.969970703125,729.4299926757812,700.0,756.6355072021485,719.0781677246093,725.6258346557618,764.4061001586914
2025-03-10,725.8200073242188,732.6199951171875,720.1300048828125,724.780029296875,600.0,755.7815063476562,719.8893341064453,725.3379180908203,763.6844500732421
2025-03-11,721.5,721.7000122070312,706.9600219726562,710.2000122070312,800.0,754.3730072021484,720.7320007324219,725.2525014241536,762.9711502075195
2025-03-12,729.489990234375,734.1400146484375,723.52001953125,724.5800170898438,700.0,753.3680053710938,721.8680002848307,725.2875844319661,762.3464501953125
2025-03-13,722.7999877929688,737.2899780273438,722.280029296875,735.75,800.0,752.2490051269531,723.4644999186198,725.4226674397786,761.6497000122071
2025-03-14,734.260009765625,736.8400268554688,723.7100219726562,723.75,700.0,751.4980041503907,724.6756663004558,725.5876673380534,760.9691500854492
2025-03-17,743.510009765625,743.77001953125,735.3200073242188,740.1400146484375,700.0,750.8575042724609,725.8021667480468,725.898583984375,760.4114001464844
2025-03-18,745.5399780273438,748.0700073242188,742.2899780273438,747.7100219726562,700.0,749.7105041503906,726.838666788737,726.1995839436848,759.9036999511719
2025-03-19,738.3499755859375,747.530029296875,737.52001953125,743.2100219726562,700.0,747.9455017089844,727.5823333740234,726.2605834960938,759.3628997802734
2025-03-20,725.1500244140625,743.3900146484375,725.0999755859375,743.0599975585938,700.0,745.289501953125,728.0259999593098,726.1935002644857,758.7600500488281
2025-03-21,719.4099731445312,727.1500244140625,713.8200073242188,724.9400024414062,700.0,742.8464996337891,728.4416666666667,726.0259999593098,758.1241998291016
